ISO-10303-21;
HEADER;
FILE_DESCRIPTION (( 'STEP AP214' ),
    '1' );
FILE_NAME ('150080BS75000.STEP',
    '2021-06-14T06:10:03',
    ( '' ),
    ( '' ),
    'SwSTEP 2.0',
    'SolidWorks 2018',
    '' );
FILE_SCHEMA (( 'AUTOMOTIVE_DESIGN' ));
ENDSEC;

DATA;
#1 = VERTEX_POINT ( 'NONE', #3482 ) ;
#2 = LINE ( 'NONE', #238, #2917 ) ;
#3 = ADVANCED_FACE ( 'NONE', ( #3046 ), #526, .F. ) ;
#4 = SURFACE_STYLE_USAGE ( .BOTH. , #869 ) ;
#5 =( GEOMETRIC_REPRESENTATION_CONTEXT ( 3 ) GLOBAL_UNCERTAINTY_ASSIGNED_CONTEXT ( ( #2793 ) ) GLOBAL_UNIT_ASSIGNED_CONTEXT ( ( #1130, #1637, #3055 ) ) REPRESENTATION_CONTEXT ( 'NONE', 'WORKASPACE' ) );
#6 = EDGE_CURVE ( 'NONE', #1682, #2607, #2789, .T. ) ;
#7 = ORIENTED_EDGE ( 'NONE', *, *, #3084, .F. ) ;
#8 = CARTESIAN_POINT ( 'NONE',  ( 0.1515544456622766878, -0.1499999999999999944, 0.1403589838486224706 ) ) ;
#9 = EDGE_CURVE ( 'NONE', #2306, #3144, #135, .T. ) ;
#10 = DIRECTION ( 'NONE',  ( 0.0000000000000000000, 0.0000000000000000000, -1.000000000000000000 ) ) ;
#11 = VERTEX_POINT ( 'NONE', #2608 ) ;
#12 = DIRECTION ( 'NONE',  ( 0.0000000000000000000, -1.000000000000000000, 0.0000000000000000000 ) ) ;
#13 = ADVANCED_FACE ( 'NONE', ( #1215 ), #1216, .T. ) ;
#14 = LINE ( 'NONE', #2299, #3020 ) ;
#15 = VERTEX_POINT ( 'NONE', #1784 ) ;
#16 = CARTESIAN_POINT ( 'NONE',  ( 0.6800301876475773888, 0.5310467191248589014, 0.6050301876475774332 ) ) ;
#17 = LINE ( 'NONE', #2192, #2196 ) ;
#18 = VERTEX_POINT ( 'NONE', #1776 ) ;
#19 = AXIS2_PLACEMENT_3D ( 'NONE', #2567, #2577, #3116 ) ;
#20 = EDGE_CURVE ( 'NONE', #1074, #1044, #1302, .T. ) ;
#21 = VECTOR ( 'NONE', #2515, 1000.000000000000000 ) ;
#22 = DIRECTION ( 'NONE',  ( -1.000000000000000000, 0.0000000000000000000, 0.0000000000000000000 ) ) ;
#23 = CARTESIAN_POINT ( 'NONE',  ( 0.6999999999999999556, 0.09999999999999999167, 0.2500000000000000000 ) ) ;
#24 = VECTOR ( 'NONE', #3412, 1000.000000000000000 ) ;
#25 = ADVANCED_FACE ( 'NONE', ( #3434 ), #3429, .F. ) ;
#26 = CARTESIAN_POINT ( 'NONE',  ( 0.9999999999999995559, -0.1499999999999999667, -0.2000000000000002054 ) ) ;
#27 = COLOUR_RGB ( '',1.000000000000000000, 1.000000000000000000, 1.000000000000000000 ) ;
#28 = EDGE_CURVE ( 'NONE', #871, #11, #1953, .T. ) ;
#29 = UNCERTAINTY_MEASURE_WITH_UNIT (LENGTH_MEASURE( 1.000000000000000082E-05 ), #3510, 'distance_accuracy_value', 'NONE');
#30 = EDGE_CURVE ( 'NONE', #3164, #108, #1868, .T. ) ;
#31 = CARTESIAN_POINT ( 'NONE',  ( 0.9999999999999995559, -0.09999999999999999167, 0.5000000000000002220 ) ) ;
#32 = SURFACE_STYLE_FILL_AREA ( #1007 ) ;
#33 = ADVANCED_FACE ( 'NONE', ( #3351 ), #1349, .F. ) ;
#34 = DIRECTION ( 'NONE',  ( 0.0000000000000000000, 0.0000000000000000000, -1.000000000000000000 ) ) ;
#35 = ORIENTED_EDGE ( 'NONE', *, *, #3284, .T. ) ;
#36 = DIRECTION ( 'NONE',  ( -0.05233595624294389015, 0.9986295347545739443, 0.0000000000000000000 ) ) ;
#37 = EDGE_CURVE ( 'NONE', #2852, #257, #3011, .T. ) ;
#38 = CARTESIAN_POINT ( 'NONE',  ( -0.5999999999999999778, -0.1499999999999999667, -0.4999999999999997780 ) ) ;
#39 = LINE ( 'NONE', #2296, #1484 ) ;
#40 = ORIENTED_EDGE ( 'NONE', *, *, #2353, .T. ) ;
#41 = LINE ( 'NONE', #329, #2959 ) ;
#42 =( GEOMETRIC_REPRESENTATION_CONTEXT ( 3 ) GLOBAL_UNCERTAINTY_ASSIGNED_CONTEXT ( ( #1959 ) ) GLOBAL_UNIT_ASSIGNED_CONTEXT ( ( #1608, #1890, #177 ) ) REPRESENTATION_CONTEXT ( 'NONE', 'WORKASPACE' ) );
#43 = VERTEX_POINT ( 'NONE', #2487 ) ;
#44 = LINE ( 'NONE', #650, #1490 ) ;
#45 = DIRECTION ( 'NONE',  ( -0.0000000000000000000, -0.0000000000000000000, -1.000000000000000000 ) ) ;
#46 = ORIENTED_EDGE ( 'NONE', *, *, #3616, .F. ) ;
#47 = CIRCLE ( 'NONE', #1180, 0.01999999999999999695 ) ;
#48 = CARTESIAN_POINT ( 'NONE',  ( -0.5999999999999998668, 0.1499999999999999944, 0.6250000000000002220 ) ) ;
#49 = ORIENTED_EDGE ( 'NONE', *, *, #1450, .T. ) ;
#50 = ADVANCED_FACE ( 'NONE', ( #1527 ), #1895, .F. ) ;
#51 = UNCERTAINTY_MEASURE_WITH_UNIT (LENGTH_MEASURE( 1.000000000000000082E-05 ), #877, 'distance_accuracy_value', 'NONE');
#52 = AXIS2_PLACEMENT_3D ( 'NONE', #2044, #507, #10 ) ;
#53 = CARTESIAN_POINT ( 'NONE',  ( -0.6571428571428572507, 0.1499999999999999944, -0.2060315014550847812 ) ) ;
#54 =( NAMED_UNIT ( * ) SI_UNIT ( $, .STERADIAN. ) SOLID_ANGLE_UNIT ( ) );
#55 = EDGE_LOOP ( 'NONE', ( #3128, #2935, #704, #1656 ) ) ;
#56 = PRESENTATION_LAYER_ASSIGNMENT (  '', '', ( #3334 ) ) ;
#57 = CARTESIAN_POINT ( 'NONE',  ( 0.6999999999999999556, 0.5310467191248589014, -0.6050301876475775442 ) ) ;
#58 = PRODUCT ( '150080BS75000', '150080BS75000', '', ( #1861 ) ) ;
#59 = VERTEX_POINT ( 'NONE', #1363 ) ;
#60 = CARTESIAN_POINT ( 'NONE',  ( 0.6999999999999999556, 0.7330951894845298966, -0.2500000000000000000 ) ) ;
#61 = ORIENTED_EDGE ( 'NONE', *, *, #1188, .T. ) ;
#62 = VECTOR ( 'NONE', #139, 1000.000000000000000 ) ;
#63 = CARTESIAN_POINT ( 'NONE',  ( -0.1115544456622767355, -0.5777974510803784991, -2.710505439397719968E-17 ) ) ;
#64 = ORIENTED_EDGE ( 'NONE', *, *, #147, .F. ) ;
#65 = EDGE_CURVE ( 'NONE', #1820, #1445, #753, .T. ) ;
#66 = VECTOR ( 'NONE', #3451, 1000.000000000000227 ) ;
#67 = LINE ( 'NONE', #132, #3637 ) ;
#68 = EDGE_CURVE ( 'NONE', #2130, #406, #2, .T. ) ;
#69 = ADVANCED_FACE ( 'NONE', ( #2270 ), #2788, .F. ) ;
#70 = SURFACE_SIDE_STYLE ('',( #583 ) ) ;
#71 = PRESENTATION_STYLE_ASSIGNMENT (( #879 ) ) ;
#72 = CARTESIAN_POINT ( 'NONE',  ( -1.000000000000000222, 0.1499999999999999944, 0.4000000000000002998 ) ) ;
#73 = PRESENTATION_STYLE_ASSIGNMENT (( #1057 ) ) ;
#74 = PRESENTATION_LAYER_ASSIGNMENT (  '', '', ( #3542 ) ) ;
#75 = CARTESIAN_POINT ( 'NONE',  ( -1.000000000000000222, 0.1499999999999999667, 2.168404344971008868E-16 ) ) ;
#76 = CARTESIAN_POINT ( 'NONE',  ( 0.9999999999999995559, -0.1499999999999999944, -0.6250000000000000000 ) ) ;
#77 = VECTOR ( 'NONE', #3638, 1000.000000000000000 ) ;
#78 = EDGE_CURVE ( 'NONE', #2960, #292, #1172, .T. ) ;
#79 = DIRECTION ( 'NONE',  ( -0.0000000000000000000, -1.000000000000000000, -0.0000000000000000000 ) ) ;
#80 =( NAMED_UNIT ( * ) SI_UNIT ( $, .STERADIAN. ) SOLID_ANGLE_UNIT ( ) );
#81 = PRESENTATION_STYLE_ASSIGNMENT (( #1561 ) ) ;
#82 = DIRECTION ( 'NONE',  ( -0.0000000000000000000, -1.000000000000000000, -0.0000000000000000000 ) ) ;
#83 = EDGE_LOOP ( 'NONE', ( #2313, #1912, #2269, #3384 ) ) ;
#84 =( LENGTH_UNIT ( ) NAMED_UNIT ( * ) SI_UNIT ( .MILLI., .METRE. ) );
#85 = DIRECTION ( 'NONE',  ( 0.0000000000000000000, 1.000000000000000000, 0.0000000000000000000 ) ) ;
#86 = EDGE_LOOP ( 'NONE', ( #2128, #1491, #717, #1047, #2708, #2041, #1127 ) ) ;
#87 = SURFACE_STYLE_FILL_AREA ( #1118 ) ;
#88 = AXIS2_PLACEMENT_3D ( 'NONE', #965, #403, #2080 ) ;
#89 = SURFACE_SIDE_STYLE ('',( #3328 ) ) ;
#90 = UNCERTAINTY_MEASURE_WITH_UNIT (LENGTH_MEASURE( 1.000000000000000082E-05 ), #2486, 'distance_accuracy_value', 'NONE');
#91 = DIRECTION ( 'NONE',  ( 0.0000000000000000000, -1.000000000000000000, 0.0000000000000000000 ) ) ;
#92 = EDGE_CURVE ( 'NONE', #3222, #3266, #3388, .T. ) ;
#93 = ORIENTED_EDGE ( 'NONE', *, *, #378, .T. ) ;
#94 = EDGE_CURVE ( 'NONE', #1309, #866, #1910, .T. ) ;
#95 = UNCERTAINTY_MEASURE_WITH_UNIT (LENGTH_MEASURE( 1.000000000000000082E-05 ), #674, 'distance_accuracy_value', 'NONE');
#96 =( NAMED_UNIT ( * ) PLANE_ANGLE_UNIT ( ) SI_UNIT ( $, .RADIAN. ) );
#97 = FILL_AREA_STYLE ('',( #1382 ) ) ;
#98 = ORIENTED_EDGE ( 'NONE', *, *, #1219, .F. ) ;
#99 = STYLED_ITEM ( 'NONE', ( #1821 ), #3407 ) ;
#100 = CARTESIAN_POINT ( 'NONE',  ( 0.9999999999999995559, -0.1499999999999999667, 0.0000000000000000000 ) ) ;
#101 = CARTESIAN_POINT ( 'NONE',  ( -1.000000000000000222, 0.1499999999999999944, 0.4000000000000002998 ) ) ;
#102 = FACE_OUTER_BOUND ( 'NONE', #2656, .T. ) ;
#103 = VECTOR ( 'NONE', #920, 1000.000000000000000 ) ;
#104 = VERTEX_POINT ( 'NONE', #479 ) ;
#105 = LINE ( 'NONE', #2997, #3022 ) ;
#106 = ORIENTED_EDGE ( 'NONE', *, *, #92, .T. ) ;
#107 = DIRECTION ( 'NONE',  ( -1.000000000000000000, 0.0000000000000000000, 7.115076756936119693E-15 ) ) ;
#108 = VERTEX_POINT ( 'NONE', #2730 ) ;
#109 = ORIENTED_EDGE ( 'NONE', *, *, #1109, .F. ) ;
#110 = SURFACE_SIDE_STYLE ('',( #1570 ) ) ;
#111 =( NAMED_UNIT ( * ) SI_UNIT ( $, .STERADIAN. ) SOLID_ANGLE_UNIT ( ) );
#112 = DIRECTION ( 'NONE',  ( 1.000000000000000000, 0.0000000000000000000, 0.0000000000000000000 ) ) ;
#113 = ORIENTED_EDGE ( 'NONE', *, *, #1919, .F. ) ;
#114 = AXIS2_PLACEMENT_3D ( 'NONE', #722, #1291, #3242 ) ;
#115 = PLANE ( 'NONE',  #2562 ) ;
#116 = PRESENTATION_LAYER_ASSIGNMENT (  '', '', ( #2832 ) ) ;
#117 = PLANE ( 'NONE',  #2549 ) ;
#118 = VECTOR ( 'NONE', #1845, 1000.000000000000000 ) ;
#119 = STYLED_ITEM ( 'NONE', ( #1283 ), #1200 ) ;
#120 = CARTESIAN_POINT ( 'NONE',  ( 0.9999999999999995559, 0.7156854249492387021, 0.0000000000000000000 ) ) ;
#121 = DIRECTION ( 'NONE',  ( 0.0000000000000000000, 0.0000000000000000000, 1.000000000000000000 ) ) ;
#122 = AXIS2_PLACEMENT_3D ( 'NONE', #2224, #802, #1105 ) ;
#123 = CARTESIAN_POINT ( 'NONE',  ( -0.5999999999999998668, 0.1499999999999999944, -0.6250000000000002220 ) ) ;
#124 = DIRECTION ( 'NONE',  ( 0.0000000000000000000, 0.0000000000000000000, 1.000000000000000000 ) ) ;
#125 = VERTEX_POINT ( 'NONE', #3037 ) ;
#126 = DIRECTION ( 'NONE',  ( -0.0000000000000000000, -1.000000000000000000, -0.0000000000000000000 ) ) ;
#127 = LINE ( 'NONE', #2585, #2957 ) ;
#128 = ORIENTED_EDGE ( 'NONE', *, *, #2241, .F. ) ;
#129 = CIRCLE ( 'NONE', #3639, 0.3500000000000000333 ) ;
#130 = ORIENTED_EDGE ( 'NONE', *, *, #1569, .F. ) ;
#131 = LINE ( 'NONE', #3380, #799 ) ;
#132 = CARTESIAN_POINT ( 'NONE',  ( 0.6999999999999999556, 0.09999999999999999167, -0.2500000000000000000 ) ) ;
#133 = LINE ( 'NONE', #160, #1649 ) ;
#134 =( NAMED_UNIT ( * ) SI_UNIT ( $, .STERADIAN. ) SOLID_ANGLE_UNIT ( ) );
#135 = LINE ( 'NONE', #2922, #2693 ) ;
#136 = DIRECTION ( 'NONE',  ( -0.0000000000000000000, 1.000000000000000000, -0.0000000000000000000 ) ) ;
#137 = DIRECTION ( 'NONE',  ( 5.782411586589372233E-15, 0.0000000000000000000, 1.000000000000000000 ) ) ;
#138 = DIRECTION ( 'NONE',  ( 0.0000000000000000000, 0.0000000000000000000, 1.000000000000000000 ) ) ;
#139 = DIRECTION ( 'NONE',  ( 0.0000000000000000000, 0.0000000000000000000, 1.000000000000000000 ) ) ;
#140 = EDGE_LOOP ( 'NONE', ( #207, #1749, #798, #3623, #2078 ) ) ;
#141 = MECHANICAL_DESIGN_GEOMETRIC_PRESENTATION_REPRESENTATION (  '', ( #2855 ), #327 ) ;
#142 = ORIENTED_EDGE ( 'NONE', *, *, #1792, .F. ) ;
#143 = DIRECTION ( 'NONE',  ( -0.0000000000000000000, 1.000000000000000000, -0.0000000000000000000 ) ) ;
#144 = FACE_OUTER_BOUND ( 'NONE', #3267, .T. ) ;
#145 = ORIENTED_EDGE ( 'NONE', *, *, #646, .T. ) ;
#146 = APPLICATION_PROTOCOL_DEFINITION ( 'draft international standard', 'automotive_design', 1998, #435 ) ;
#147 = EDGE_CURVE ( 'NONE', #2673, #1035, #398, .T. ) ;
#148 = PLANE ( 'NONE',  #2009 ) ;
#149 = VECTOR ( 'NONE', #2123, 1000.000000000000000 ) ;
#150 = ORIENTED_EDGE ( 'NONE', *, *, #1122, .F. ) ;
#151 =( NAMED_UNIT ( * ) SI_UNIT ( $, .STERADIAN. ) SOLID_ANGLE_UNIT ( ) );
#152 = LINE ( 'NONE', #3184, #2250 ) ;
#153 = EDGE_CURVE ( 'NONE', #1343, #1682, #2579, .T. ) ;
#154 = ADVANCED_FACE ( 'NONE', ( #2483 ), #2583, .F. ) ;
#155 = VECTOR ( 'NONE', #651, 1000.000000000000000 ) ;
#156 = ORIENTED_EDGE ( 'NONE', *, *, #2191, .F. ) ;
#157 = FILL_AREA_STYLE_COLOUR ( '', #193 ) ;
#158 = APPLICATION_CONTEXT ( 'automotive_design' ) ;
#159 = PRESENTATION_LAYER_ASSIGNMENT (  '', '', ( #3435 ) ) ;
#160 = CARTESIAN_POINT ( 'NONE',  ( -1.000000000000000000, -0.9326237921249266316, 0.3500000000000002554 ) ) ;
#161 = UNCERTAINTY_MEASURE_WITH_UNIT (LENGTH_MEASURE( 1.000000000000000082E-05 ), #2651, 'distance_accuracy_value', 'NONE');
#162 = DIRECTION ( 'NONE',  ( -9.637352644315598694E-16, 0.0000000000000000000, 1.000000000000000000 ) ) ;
#163 = LINE ( 'NONE', #897, #1596 ) ;
#164 = AXIS2_PLACEMENT_3D ( 'NONE', #2621, #937, #2900 ) ;
#165 = DIRECTION ( 'NONE',  ( 0.0000000000000000000, 0.0000000000000000000, 1.000000000000000000 ) ) ;
#166 = CARTESIAN_POINT ( 'NONE',  ( -0.9999999999999995559, -0.9326237921249266316, 0.2000000000000002331 ) ) ;
#167 = ORIENTED_EDGE ( 'NONE', *, *, #2911, .F. ) ;
#168 =( LENGTH_UNIT ( ) NAMED_UNIT ( * ) SI_UNIT ( .MILLI., .METRE. ) );
#169 = LINE ( 'NONE', #3216, #2345 ) ;
#170 = ORIENTED_EDGE ( 'NONE', *, *, #921, .F. ) ;
#171 = CARTESIAN_POINT ( 'NONE',  ( 0.1215544456622766889, -0.09999999999999999167, 0.1576794919243112436 ) ) ;
#172 = EDGE_LOOP ( 'NONE', ( #3449, #1395, #1980, #677 ) ) ;
#173 = EDGE_CURVE ( 'NONE', #1350, #2975, #1826, .T. ) ;
#174 = FILL_AREA_STYLE_COLOUR ( '', #1976 ) ;
#175 = CARTESIAN_POINT ( 'NONE',  ( -0.6999999999999999556, 0.1499999999999999944, -0.6250000000000002220 ) ) ;
#176 = ORIENTED_EDGE ( 'NONE', *, *, #1254, .F. ) ;
#177 =( NAMED_UNIT ( * ) SI_UNIT ( $, .STERADIAN. ) SOLID_ANGLE_UNIT ( ) );
#178 = CARTESIAN_POINT ( 'NONE',  ( 0.1215544456622766889, -0.09999999999999999167, 0.1576794919243112436 ) ) ;
#179 = AXIS2_PLACEMENT_3D ( 'NONE', #1555, #2066, #2641 ) ;
#180 = ORIENTED_EDGE ( 'NONE', *, *, #788, .T. ) ;
#181 = VECTOR ( 'NONE', #368, 1000.000000000000000 ) ;
#182 =( LENGTH_UNIT ( ) NAMED_UNIT ( * ) SI_UNIT ( .MILLI., .METRE. ) );
#183 = ORIENTED_EDGE ( 'NONE', *, *, #1352, .F. ) ;
#184 = STYLED_ITEM ( 'NONE', ( #314 ), #2126 ) ;
#185 = EDGE_CURVE ( 'NONE', #2456, #1892, #1730, .T. ) ;
#186 = ORIENTED_EDGE ( 'NONE', *, *, #2713, .T. ) ;
#187 = DIRECTION ( 'NONE',  ( -0.0000000000000000000, 1.000000000000000000, -0.0000000000000000000 ) ) ;
#188 = CARTESIAN_POINT ( 'NONE',  ( 0.6800301876475773888, 0.5310467191248589014, 0.6050301876475774332 ) ) ;
#189 = CARTESIAN_POINT ( 'NONE',  ( -0.9999999999999995559, 0.1499999999999999944, -0.2000000000000002331 ) ) ;
#190 = ORIENTED_EDGE ( 'NONE', *, *, #1931, .T. ) ;
#191 = EDGE_CURVE ( 'NONE', #1089, #3545, #986, .T. ) ;
#192 = DIRECTION ( 'NONE',  ( -0.0000000000000000000, 1.000000000000000000, -0.0000000000000000000 ) ) ;
#193 = COLOUR_RGB ( '',1.000000000000000000, 1.000000000000000000, 1.000000000000000000 ) ;
#194 = FACE_OUTER_BOUND ( 'NONE', #907, .T. ) ;
#195 = DIRECTION ( 'NONE',  ( -0.0000000000000000000, 1.000000000000000000, -0.0000000000000000000 ) ) ;
#196 = PRESENTATION_LAYER_ASSIGNMENT (  '', '', ( #3485 ) ) ;
#197 = SURFACE_STYLE_USAGE ( .BOTH. , #3071 ) ;
#198 = EDGE_CURVE ( 'NONE', #673, #2157, #3135, .T. ) ;
#199 = LINE ( 'NONE', #101, #3031 ) ;
#200 = ORIENTED_EDGE ( 'NONE', *, *, #1984, .F. ) ;
#201 = VERTEX_POINT ( 'NONE', #364 ) ;
#202 = AXIS2_PLACEMENT_3D ( 'NONE', #1552, #2110, #3218 ) ;
#203 = PLANE ( 'NONE',  #2769 ) ;
#204 = EDGE_CURVE ( 'NONE', #2456, #523, #2718, .T. ) ;
#205 = DIRECTION ( 'NONE',  ( 4.743384504624079927E-16, 0.0000000000000000000, 1.000000000000000000 ) ) ;
#206 = EDGE_CURVE ( 'NONE', #125, #201, #1081, .T. ) ;
#207 = ORIENTED_EDGE ( 'NONE', *, *, #1811, .F. ) ;
#208 = DIRECTION ( 'NONE',  ( 0.0000000000000000000, 0.0000000000000000000, 1.000000000000000000 ) ) ;
#209 = ORIENTED_EDGE ( 'NONE', *, *, #1238, .T. ) ;
#210 = DIRECTION ( 'NONE',  ( 0.0000000000000000000, 0.0000000000000000000, 1.000000000000000000 ) ) ;
#211 = ORIENTED_EDGE ( 'NONE', *, *, #461, .F. ) ;
#212 = DIRECTION ( 'NONE',  ( -0.0000000000000000000, -1.000000000000000000, -0.0000000000000000000 ) ) ;
#213 = VECTOR ( 'NONE', #1146, 1000.000000000000227 ) ;
#214 = VECTOR ( 'NONE', #2407, 1000.000000000000000 ) ;
#215 = FILL_AREA_STYLE_COLOUR ( '', #1681 ) ;
#216 = PLANE ( 'NONE',  #233 ) ;
#217 = EDGE_CURVE ( 'NONE', #3173, #2365, #131, .T. ) ;
#218 = ORIENTED_EDGE ( 'NONE', *, *, #867, .T. ) ;
#219 = EDGE_LOOP ( 'NONE', ( #49, #3452, #530, #1613 ) ) ;
#220 =( NAMED_UNIT ( * ) SI_UNIT ( $, .STERADIAN. ) SOLID_ANGLE_UNIT ( ) );
#221 = DIRECTION ( 'NONE',  ( 0.0000000000000000000, 0.0000000000000000000, 1.000000000000000000 ) ) ;
#222 = VECTOR ( 'NONE', #396, 1000.000000000000000 ) ;
#223 = CARTESIAN_POINT ( 'NONE',  ( 0.6999999999999999556, 0.1499999999999999667, 0.2500000000000000000 ) ) ;
#224 = COLOUR_RGB ( '',1.000000000000000000, 1.000000000000000000, 1.000000000000000000 ) ;
#225 = ORIENTED_EDGE ( 'NONE', *, *, #204, .T. ) ;
#226 = COLOUR_RGB ( '',0.7529411764705882248, 0.7529411764705882248, 0.0000000000000000000 ) ;
#227 = CARTESIAN_POINT ( 'NONE',  ( -1.000000000000000222, 0.09999999999999999167, 2.168404344971008868E-16 ) ) ;
#228 = DIRECTION ( 'NONE',  ( 1.000000000000000000, 0.0000000000000000000, -1.084202172485504434E-16 ) ) ;
#229 = CYLINDRICAL_SURFACE ( 'NONE', #2038, 0.4000000000000000777 ) ;
#230 = ORIENTED_EDGE ( 'NONE', *, *, #3286, .F. ) ;
#231 = CARTESIAN_POINT ( 'NONE',  ( 0.5999999999999999778, -0.09999999999999999167, -0.4999999999999997780 ) ) ;
#232 = LINE ( 'NONE', #3559, #3064 ) ;
#233 = AXIS2_PLACEMENT_3D ( 'NONE', #3604, #1936, #228 ) ;
#234 = VECTOR ( 'NONE', #3617, 1000.000000000000000 ) ;
#235 = AXIS2_PLACEMENT_3D ( 'NONE', #1719, #421, #3249 ) ;
#236 = ORIENTED_EDGE ( 'NONE', *, *, #2574, .F. ) ;
#237 = MECHANICAL_DESIGN_GEOMETRIC_PRESENTATION_REPRESENTATION (  '', ( #3334 ), #433 ) ;
#238 = CARTESIAN_POINT ( 'NONE',  ( 0.6800301876475773888, 0.5310467191248589014, -0.6250000000000002220 ) ) ;
#239 = CARTESIAN_POINT ( 'NONE',  ( -1.000000000000000222, 0.1499999999999999944, -0.6249999999999997780 ) ) ;
#240 = LINE ( 'NONE', #3270, #2511 ) ;
#241 = CARTESIAN_POINT ( 'NONE',  ( 0.6999999999999999556, 0.1499999999999999944, 0.6250000000000002220 ) ) ;
#242 =( LENGTH_UNIT ( ) NAMED_UNIT ( * ) SI_UNIT ( .MILLI., .METRE. ) );
#243 = DIRECTION ( 'NONE',  ( 0.0000000000000000000, 0.9986295347545739443, 0.05233595624294388321 ) ) ;
#244 =( NAMED_UNIT ( * ) PLANE_ANGLE_UNIT ( ) SI_UNIT ( $, .RADIAN. ) );
#245 = PLANE ( 'NONE',  #750 ) ;
#246 = EDGE_CURVE ( 'NONE', #306, #326, #1566, .T. ) ;
#247 = ORIENTED_EDGE ( 'NONE', *, *, #3491, .T. ) ;
#248 = PLANE ( 'NONE',  #2261 ) ;
#249 = UNCERTAINTY_MEASURE_WITH_UNIT (LENGTH_MEASURE( 1.000000000000000082E-05 ), #2943, 'distance_accuracy_value', 'NONE');
#250 = EDGE_CURVE ( 'NONE', #3307, #2748, #44, .T. ) ;
#251 =( LENGTH_UNIT ( ) NAMED_UNIT ( * ) SI_UNIT ( .MILLI., .METRE. ) );
#252 = ORIENTED_EDGE ( 'NONE', *, *, #3268, .F. ) ;
#253 = VECTOR ( 'NONE', #971, 1000.000000000000000 ) ;
#254 = CARTESIAN_POINT ( 'NONE',  ( 0.9999999999999995559, 0.7156854249492387021, 0.2000000000000002331 ) ) ;
#255 = MECHANICAL_DESIGN_GEOMETRIC_PRESENTATION_REPRESENTATION (  '', ( #3542 ), #446 ) ;
#256 = VECTOR ( 'NONE', #3325, 1000.000000000000000 ) ;
#257 = VERTEX_POINT ( 'NONE', #279 ) ;
#258 = VECTOR ( 'NONE', #501, 1000.000000000000000 ) ;
#259 = CARTESIAN_POINT ( 'NONE',  ( -1.000000000000000666, -0.09999999999999999167, -0.3499999999999998113 ) ) ;
#260 = ORIENTED_EDGE ( 'NONE', *, *, #1676, .T. ) ;
#261 = EDGE_CURVE ( 'NONE', #2094, #1652, #2231, .T. ) ;
#262 = DIRECTION ( 'NONE',  ( -1.000000000000000000, 0.0000000000000000000, -0.0000000000000000000 ) ) ;
#263 = CARTESIAN_POINT ( 'NONE',  ( 0.6712926054850227864, 0.5500000000000000444, 0.5962926054850229418 ) ) ;
#264 = DIRECTION ( 'NONE',  ( -0.0000000000000000000, -1.000000000000000000, -0.0000000000000000000 ) ) ;
#265 = DIRECTION ( 'NONE',  ( 0.0000000000000000000, 1.000000000000000000, 0.0000000000000000000 ) ) ;
#266 = ORIENTED_EDGE ( 'NONE', *, *, #769, .T. ) ;
#267 = CARTESIAN_POINT ( 'NONE',  ( -0.5999999999999999778, -0.1499999999999999667, 0.5000000000000002220 ) ) ;
#268 = VERTEX_POINT ( 'NONE', #557 ) ;
#269 = VECTOR ( 'NONE', #976, 1000.000000000000000 ) ;
#270 = DIRECTION ( 'NONE',  ( 0.0000000000000000000, 1.000000000000000000, 0.0000000000000000000 ) ) ;
#271 = ORIENTED_EDGE ( 'NONE', *, *, #1598, .T. ) ;
#272 = ADVANCED_FACE ( 'NONE', ( #3612 ), #2272, .F. ) ;
#273 = PLANE ( 'NONE',  #1233 ) ;
#274 = AXIS2_PLACEMENT_3D ( 'NONE', #3201, #2384, #2948 ) ;
#275 = VERTEX_POINT ( 'NONE', #2814 ) ;
#276 = CYLINDRICAL_SURFACE ( 'NONE', #3050, 0.02000000000000005246 ) ;
#277 = VERTEX_POINT ( 'NONE', #849 ) ;
#278 = EDGE_CURVE ( 'NONE', #1662, #1825, #2867, .T. ) ;
#279 = CARTESIAN_POINT ( 'NONE',  ( -0.6571428571428571397, 0.1499999999999999944, 0.2060315014550850032 ) ) ;
#280 = PRESENTATION_STYLE_ASSIGNMENT (( #505 ) ) ;
#281 = ORIENTED_EDGE ( 'NONE', *, *, #250, .F. ) ;
#282 = EDGE_CURVE ( 'NONE', #11, #2502, #710, .T. ) ;
#283 = SURFACE_STYLE_FILL_AREA ( #919 ) ;
#284 =( LENGTH_UNIT ( ) NAMED_UNIT ( * ) SI_UNIT ( .MILLI., .METRE. ) );
#285 = PRESENTATION_LAYER_ASSIGNMENT (  '', '', ( #99 ) ) ;
#286 = ADVANCED_FACE ( 'NONE', ( #2131 ), #839, .F. ) ;
#287 = SURFACE_STYLE_USAGE ( .BOTH. , #2259 ) ;
#288 = DIRECTION ( 'NONE',  ( -0.0000000000000000000, -1.000000000000000000, -0.0000000000000000000 ) ) ;
#289 = CARTESIAN_POINT ( 'NONE',  ( -0.6999999999999999556, 0.1499999999999999944, -0.6250000000000001110 ) ) ;
#290 = VECTOR ( 'NONE', #3072, 1000.000000000000000 ) ;
#291 = LINE ( 'NONE', #2659, #967 ) ;
#292 = VERTEX_POINT ( 'NONE', #2262 ) ;
#293 = ORIENTED_EDGE ( 'NONE', *, *, #519, .T. ) ;
#294 =( BOUNDED_CURVE ( )  B_SPLINE_CURVE ( 3, ( #2469, #2738, #3025, #1354 ),
 .UNSPECIFIED., .F., .T. ) 
 B_SPLINE_CURVE_WITH_KNOTS ( ( 4, 4 ),
 ( 4.712388980384689674, 6.230825429619748057 ),
 .UNSPECIFIED. ) 
 CURVE ( )  GEOMETRIC_REPRESENTATION_ITEM ( )  RATIONAL_B_SPLINE_CURVE ( ( 1.000000000000000000, 0.8169162473415270131, 0.8169162473415270131, 1.000000000000000000 ) ) 
 REPRESENTATION_ITEM ( '' )  );
#295 = ADVANCED_FACE ( 'NONE', ( #3526 ), #1675, .T. ) ;
#296 = CARTESIAN_POINT ( 'NONE',  ( -1.000000000000000222, 0.09999999999999999167, -0.6249999999999997780 ) ) ;
#297 = AXIS2_PLACEMENT_3D ( 'NONE', #2613, #696, #706 ) ;
#298 = DIRECTION ( 'NONE',  ( -0.0000000000000000000, -1.000000000000000000, -0.0000000000000000000 ) ) ;
#299 = DIRECTION ( 'NONE',  ( 1.000000000000000000, 0.0000000000000000000, 0.0000000000000000000 ) ) ;
#300 = MECHANICAL_DESIGN_GEOMETRIC_PRESENTATION_REPRESENTATION (  '', ( #2832 ), #484 ) ;
#301 = EDGE_LOOP ( 'NONE', ( #2825, #1951, #1693, #1086, #1799, #1410 ) ) ;
#302 = ADVANCED_FACE ( 'NONE', ( #345 ), #3634, .F. ) ;
#303 = VERTEX_POINT ( 'NONE', #3621 ) ;
#304 = VECTOR ( 'NONE', #1869, 1000.000000000000000 ) ;
#305 = AXIS2_PLACEMENT_3D ( 'NONE', #2993, #3308, #36 ) ;
#306 = VERTEX_POINT ( 'NONE', #808 ) ;
#307 = DIRECTION ( 'NONE',  ( 0.0000000000000000000, -0.9986295347545739443, 0.05233595624294388321 ) ) ;
#308 = CYLINDRICAL_SURFACE ( 'NONE', #202, 0.3500000000000000333 ) ;
#309 = STYLED_ITEM ( 'NONE', ( #1446 ), #69 ) ;
#310 = ORIENTED_EDGE ( 'NONE', *, *, #2739, .T. ) ;
#311 = DIRECTION ( 'NONE',  ( 0.0000000000000000000, 0.0000000000000000000, -1.000000000000000000 ) ) ;
#312 = CARTESIAN_POINT ( 'NONE',  ( 0.9999999999999995559, 0.09999999999999999167, -0.2000000000000002331 ) ) ;
#313 = ORIENTED_EDGE ( 'NONE', *, *, #3486, .T. ) ;
#314 = PRESENTATION_STYLE_ASSIGNMENT (( #2904 ) ) ;
#315 = ORIENTED_EDGE ( 'NONE', *, *, #658, .T. ) ;
#316 = EDGE_LOOP ( 'NONE', ( #1872, #200, #3085, #2049 ) ) ;
#317 = CARTESIAN_POINT ( 'NONE',  ( 1.400000000000000577, -0.09999999999999999167, -0.4999999999999997780 ) ) ;
#318 = ORIENTED_EDGE ( 'NONE', *, *, #708, .T. ) ;
#319 = VECTOR ( 'NONE', #2990, 1000.000000000000000 ) ;
#320 = ADVANCED_FACE ( 'NONE', ( #1779 ), #2509, .F. ) ;
#321 = FILL_AREA_STYLE ('',( #1481 ) ) ;
#322 = ORIENTED_EDGE ( 'NONE', *, *, #3489, .F. ) ;
#323 =( NAMED_UNIT ( * ) SI_UNIT ( $, .STERADIAN. ) SOLID_ANGLE_UNIT ( ) );
#324 = VECTOR ( 'NONE', #789, 1000.000000000000000 ) ;
#325 = SURFACE_SIDE_STYLE ('',( #3360 ) ) ;
#326 = VERTEX_POINT ( 'NONE', #1112 ) ;
#327 =( GEOMETRIC_REPRESENTATION_CONTEXT ( 3 ) GLOBAL_UNCERTAINTY_ASSIGNED_CONTEXT ( ( #923 ) ) GLOBAL_UNIT_ASSIGNED_CONTEXT ( ( #352, #2338, #2897 ) ) REPRESENTATION_CONTEXT ( 'NONE', 'WORKASPACE' ) );
#328 = AXIS2_PLACEMENT_3D ( 'NONE', #2528, #3080, #533 ) ;
#329 = CARTESIAN_POINT ( 'NONE',  ( -1.000000000000000222, 0.1499999999999999944, 0.4000000000000002998 ) ) ;
#330 = CARTESIAN_POINT ( 'NONE',  ( -0.6571428571428571397, 0.1499999999999999944, 0.2060315014550850032 ) ) ;
#331 = CYLINDRICAL_SURFACE ( 'NONE', #3235, 0.02000000000000001429 ) ;
#332 = EDGE_CURVE ( 'NONE', #626, #771, #1032, .T. ) ;
#333 = FACE_OUTER_BOUND ( 'NONE', #2204, .T. ) ;
#334 = CARTESIAN_POINT ( 'NONE',  ( 0.1315544456622766700, -0.1499999999999999944, 0.1403589838486224151 ) ) ;
#335 = CARTESIAN_POINT ( 'NONE',  ( 0.0000000000000000000, 0.09999999999999999167, 0.0000000000000000000 ) ) ;
#336 = DIRECTION ( 'NONE',  ( 1.000000000000000000, -0.0000000000000000000, -0.0000000000000000000 ) ) ;
#337 = EDGE_CURVE ( 'NONE', #406, #2456, #3256, .T. ) ;
#338 = PLANE ( 'NONE',  #1736 ) ;
#339 = ADVANCED_FACE ( 'NONE', ( #935 ), #2216, .T. ) ;
#340 = CARTESIAN_POINT ( 'NONE',  ( -1.000000000000000222, 0.09999999999999999167, 2.168404344971008868E-16 ) ) ;
#341 = ORIENTED_EDGE ( 'NONE', *, *, #2367, .F. ) ;
#342 = CIRCLE ( 'NONE', #1326, 0.2000000000000002331 ) ;
#343 = MECHANICAL_DESIGN_GEOMETRIC_PRESENTATION_REPRESENTATION (  '', ( #3435 ), #534 ) ;
#344 = FILL_AREA_STYLE_COLOUR ( '', #226 ) ;
#345 = FACE_OUTER_BOUND ( 'NONE', #1048, .T. ) ;
#346 = PLANE ( 'NONE',  #235 ) ;
#347 = CARTESIAN_POINT ( 'NONE',  ( 0.1315544456622766700, -0.5777974510803784991, 0.1403589838486224151 ) ) ;
#348 = EDGE_LOOP ( 'NONE', ( #1158, #2347, #950, #260, #2028, #1415, #709 ) ) ;
#349 = ORIENTED_EDGE ( 'NONE', *, *, #1726, .T. ) ;
#350 = VECTOR ( 'NONE', #3159, 1000.000000000000000 ) ;
#351 = CARTESIAN_POINT ( 'NONE',  ( -0.6600575969524858921, 0.5500000000000000444, 0.5850575969524860476 ) ) ;
#352 =( LENGTH_UNIT ( ) NAMED_UNIT ( * ) SI_UNIT ( .MILLI., .METRE. ) );
#353 = CARTESIAN_POINT ( 'NONE',  ( -0.1215544456622767305, -0.1499999999999999667, -0.01732050807568881121 ) ) ;
#354 = STYLED_ITEM ( 'NONE', ( #2029 ), #3502 ) ;
#355 = DIRECTION ( 'NONE',  ( 3.717264591378872007E-15, 0.0000000000000000000, -1.000000000000000000 ) ) ;
#356 = SURFACE_STYLE_USAGE ( .BOTH. , #2054 ) ;
#357 = EDGE_LOOP ( 'NONE', ( #2138, #1126, #3153, #1585 ) ) ;
#358 = ORIENTED_EDGE ( 'NONE', *, *, #2987, .T. ) ;
#359 =( NAMED_UNIT ( * ) PLANE_ANGLE_UNIT ( ) SI_UNIT ( $, .RADIAN. ) );
#360 = LINE ( 'NONE', #640, #3100 ) ;
#361 = COLOUR_RGB ( '',1.000000000000000000, 1.000000000000000000, 1.000000000000000000 ) ;
#362 = VERTEX_POINT ( 'NONE', #1922 ) ;
#363 = UNCERTAINTY_MEASURE_WITH_UNIT (LENGTH_MEASURE( 1.000000000000000082E-05 ), #1635, 'distance_accuracy_value', 'NONE');
#364 = CARTESIAN_POINT ( 'NONE',  ( 0.9999999999999995559, 0.1499999999999999944, 0.6250000000000000000 ) ) ;
#365 = EDGE_CURVE ( 'NONE', #773, #1187, #2910, .T. ) ;
#366 =( NAMED_UNIT ( * ) SI_UNIT ( $, .STERADIAN. ) SOLID_ANGLE_UNIT ( ) );
#367 = PLANE ( 'NONE',  #3574 ) ;
#368 = DIRECTION ( 'NONE',  ( 0.0000000000000000000, 0.0000000000000000000, 1.000000000000000000 ) ) ;
#369 = AXIS2_PLACEMENT_3D ( 'NONE', #2767, #1658, #1939 ) ;
#370 = FACE_OUTER_BOUND ( 'NONE', #3123, .T. ) ;
#371 = SURFACE_STYLE_USAGE ( .BOTH. , #89 ) ;
#372 = PRESENTATION_LAYER_ASSIGNMENT (  '', '', ( #3466 ) ) ;
#373 = FILL_AREA_STYLE_COLOUR ( '', #1699 ) ;
#374 = CARTESIAN_POINT ( 'NONE',  ( -1.000000000000000222, 0.09999999999999999167, 2.168404344971008868E-16 ) ) ;
#375 = DIRECTION ( 'NONE',  ( 0.0000000000000000000, 0.0000000000000000000, -1.000000000000000000 ) ) ;
#376 = LINE ( 'NONE', #2953, #1894 ) ;
#377 = PRESENTATION_LAYER_ASSIGNMENT (  '', '', ( #184 ) ) ;
#378 = EDGE_CURVE ( 'NONE', #3049, #1, #1440, .T. ) ;
#379 = DIRECTION ( 'NONE',  ( 0.0000000000000000000, 0.0000000000000000000, -1.000000000000000000 ) ) ;
#380 = CARTESIAN_POINT ( 'NONE',  ( -0.1215544456622767305, -0.5777974510803784991, -0.01732050807568881121 ) ) ;
#381 = LINE ( 'NONE', #679, #1714 ) ;
#382 = ORIENTED_EDGE ( 'NONE', *, *, #365, .F. ) ;
#383 = EDGE_CURVE ( 'NONE', #1309, #844, #2178, .T. ) ;
#384 = CARTESIAN_POINT ( 'NONE',  ( -0.5999999999999999778, 0.1499999999999999944, 0.2060315014550845869 ) ) ;
#385 =( NAMED_UNIT ( * ) SI_UNIT ( $, .STERADIAN. ) SOLID_ANGLE_UNIT ( ) );
#386 = CARTESIAN_POINT ( 'NONE',  ( -1.000000000000000222, 0.1499999999999999944, 2.168404344971008868E-16 ) ) ;
#387 = VERTEX_POINT ( 'NONE', #3374 ) ;
#388 = DIRECTION ( 'NONE',  ( -0.0000000000000000000, -1.000000000000000000, -0.0000000000000000000 ) ) ;
#389 = DIRECTION ( 'NONE',  ( 1.000000000000000000, 0.0000000000000000000, -0.0000000000000000000 ) ) ;
#390 = EDGE_LOOP ( 'NONE', ( #1503, #1774, #3387, #186, #1094, #2687, #3003, #1737 ) ) ;
#391 = CARTESIAN_POINT ( 'NONE',  ( 0.1215544456622766889, -0.1499999999999999944, -0.1576794919243112436 ) ) ;
#392 = CARTESIAN_POINT ( 'NONE',  ( -0.5999999999999999778, 0.09999999999999999167, 0.2060315014550845869 ) ) ;
#393 = COLOUR_RGB ( '',0.7529411764705882248, 0.7529411764705882248, 0.0000000000000000000 ) ;
#394 = MECHANICAL_DESIGN_GEOMETRIC_PRESENTATION_REPRESENTATION (  '', ( #3485 ), #574 ) ;
#395 = EDGE_CURVE ( 'NONE', #2785, #3208, #3477, .T. ) ;
#396 = DIRECTION ( 'NONE',  ( -0.0000000000000000000, 1.000000000000000000, -0.0000000000000000000 ) ) ;
#397 = ORIENTED_EDGE ( 'NONE', *, *, #1182, .T. ) ;
#398 = CIRCLE ( 'NONE', #1651, 0.2000000000000002331 ) ;
#399 = CARTESIAN_POINT ( 'NONE',  ( 0.1315544456622766700, -0.1499999999999999667, 0.1403589838486224151 ) ) ;
#400 = ORIENTED_EDGE ( 'NONE', *, *, #1562, .T. ) ;
#401 = AXIS2_PLACEMENT_3D ( 'NONE', #2391, #2954, #1284 ) ;
#402 =( LENGTH_UNIT ( ) NAMED_UNIT ( * ) SI_UNIT ( .MILLI., .METRE. ) );
#403 = DIRECTION ( 'NONE',  ( -0.0000000000000000000, -1.000000000000000000, -0.0000000000000000000 ) ) ;
#404 = CARTESIAN_POINT ( 'NONE',  ( 0.1515544456622766878, -0.09999999999999999167, -0.1403589838486224706 ) ) ;
#405 = EDGE_CURVE ( 'NONE', #670, #2669, #562, .T. ) ;
#406 = VERTEX_POINT ( 'NONE', #16 ) ;
#407 = STYLED_ITEM ( 'NONE', ( #3239 ), #1701 ) ;
#408 = EDGE_CURVE ( 'NONE', #1314, #3566, #474, .T. ) ;
#409 = PLANE ( 'NONE',  #1841 ) ;
#410 = EDGE_LOOP ( 'NONE', ( #1466, #2506, #895, #2275, #315 ) ) ;
#411 = CARTESIAN_POINT ( 'NONE',  ( -1.000000000000000000, 0.1499999999999999944, 0.4000000000000002998 ) ) ;
#412 = CARTESIAN_POINT ( 'NONE',  ( 1.400000000000000577, -0.1499999999999999944, -0.4999999999999997780 ) ) ;
#413 = UNCERTAINTY_MEASURE_WITH_UNIT (LENGTH_MEASURE( 1.000000000000000082E-05 ), #2968, 'distance_accuracy_value', 'NONE');
#414 = ORIENTED_EDGE ( 'NONE', *, *, #37, .T. ) ;
#415 = ORIENTED_EDGE ( 'NONE', *, *, #3124, .T. ) ;
#416 = EDGE_CURVE ( 'NONE', #1783, #1627, #1255, .T. ) ;
#417 = VERTEX_POINT ( 'NONE', #3112 ) ;
#418 = DIRECTION ( 'NONE',  ( -0.0000000000000000000, -0.0000000000000000000, -1.000000000000000000 ) ) ;
#419 = ORIENTED_EDGE ( 'NONE', *, *, #1422, .T. ) ;
#420 = VECTOR ( 'NONE', #3087, 1000.000000000000000 ) ;
#421 = DIRECTION ( 'NONE',  ( -0.5000000000000003331, 0.0000000000000000000, 0.8660254037844385966 ) ) ;
#422 = FACE_OUTER_BOUND ( 'NONE', #1623, .T. ) ;
#423 = CARTESIAN_POINT ( 'NONE',  ( -1.000000000000000000, 0.1499999999999999944, 0.6250000000000002220 ) ) ;
#424 = CARTESIAN_POINT ( 'NONE',  ( 0.9999999999999995559, 0.09999999999999999167, -0.2500000000000000000 ) ) ;
#425 = STYLED_ITEM ( 'NONE', ( #1064 ), #1025 ) ;
#426 = ORIENTED_EDGE ( 'NONE', *, *, #2535, .F. ) ;
#427 = CIRCLE ( 'NONE', #2300, 0.02000000000000001429 ) ;
#428 = STYLED_ITEM ( 'NONE', ( #2821 ), #3395 ) ;
#429 = STYLED_ITEM ( 'NONE', ( #2458 ), #1488 ) ;
#430 = DIRECTION ( 'NONE',  ( 1.000000000000000000, -0.0000000000000000000, -0.0000000000000000000 ) ) ;
#431 = CARTESIAN_POINT ( 'NONE',  ( 0.9999999999999995559, 0.7330951894845298966, -0.2000000000000002331 ) ) ;
#432 = PRESENTATION_STYLE_ASSIGNMENT (( #3432 ) ) ;
#433 =( GEOMETRIC_REPRESENTATION_CONTEXT ( 3 ) GLOBAL_UNCERTAINTY_ASSIGNED_CONTEXT ( ( #754 ) ) GLOBAL_UNIT_ASSIGNED_CONTEXT ( ( #2794, #3074, #825 ) ) REPRESENTATION_CONTEXT ( 'NONE', 'WORKASPACE' ) );
#434 = ADVANCED_FACE ( 'NONE', ( #1904 ), #1455, .F. ) ;
#435 = APPLICATION_CONTEXT ( 'automotive_design' ) ;
#436 = CARTESIAN_POINT ( 'NONE',  ( -1.000000000000000222, 0.09999999999999999167, 2.168404344971008868E-16 ) ) ;
#437 =( BOUNDED_CURVE ( )  B_SPLINE_CURVE ( 3, ( #188, #2539, #263, #1533 ),
 .UNSPECIFIED., .F., .T. ) 
 B_SPLINE_CURVE_WITH_KNOTS ( ( 4, 4 ),
 ( 0.05235987755983255443, 1.570796326794896558 ),
 .UNSPECIFIED. ) 
 CURVE ( )  GEOMETRIC_REPRESENTATION_ITEM ( )  RATIONAL_B_SPLINE_CURVE ( ( 1.000000000000000000, 0.8169162473415256809, 0.8169162473415256809, 1.000000000000000000 ) ) 
 REPRESENTATION_ITEM ( '' )  );
#438 = CARTESIAN_POINT ( 'NONE',  ( 0.9999999999999995559, 0.1499999999999999944, -0.2500000000000000000 ) ) ;
#439 = EDGE_CURVE ( 'NONE', #3354, #1314, #884, .T. ) ;
#440 = CARTESIAN_POINT ( 'NONE',  ( 0.1315544456622766978, -0.09999999999999999167, -0.1603589838486224606 ) ) ;
#441 = VECTOR ( 'NONE', #3024, 1000.000000000000000 ) ;
#442 = EDGE_CURVE ( 'NONE', #292, #731, #1641, .T. ) ;
#443 = PLANE ( 'NONE',  #1373 ) ;
#444 =( NAMED_UNIT ( * ) PLANE_ANGLE_UNIT ( ) SI_UNIT ( $, .RADIAN. ) );
#445 = ORIENTED_EDGE ( 'NONE', *, *, #1778, .F. ) ;
#446 =( GEOMETRIC_REPRESENTATION_CONTEXT ( 3 ) GLOBAL_UNCERTAINTY_ASSIGNED_CONTEXT ( ( #2146 ) ) GLOBAL_UNIT_ASSIGNED_CONTEXT ( ( #3130, #359, #3168 ) ) REPRESENTATION_CONTEXT ( 'NONE', 'WORKASPACE' ) );
#447 = FACE_OUTER_BOUND ( 'NONE', #3291, .T. ) ;
#448 = VERTEX_POINT ( 'NONE', #267 ) ;
#449 = CIRCLE ( 'NONE', #3369, 0.4000000000000000777 ) ;
#450 = DIRECTION ( 'NONE',  ( 0.0000000000000000000, 1.000000000000000000, 0.0000000000000000000 ) ) ;
#451 = VECTOR ( 'NONE', #2722, 1000.000000000000000 ) ;
#452 = EDGE_LOOP ( 'NONE', ( #993, #2439, #932, #2647, #414 ) ) ;
#453 = EDGE_CURVE ( 'NONE', #2271, #2833, #1560, .T. ) ;
#454 = ORIENTED_EDGE ( 'NONE', *, *, #769, .F. ) ;
#455 = SURFACE_STYLE_FILL_AREA ( #2181 ) ;
#456 = CARTESIAN_POINT ( 'NONE',  ( -0.5999999999999998668, 0.1499999999999999944, 0.6250000000000002220 ) ) ;
#457 = DIRECTION ( 'NONE',  ( 0.0000000000000000000, 0.0000000000000000000, -1.000000000000000000 ) ) ;
#458 = LINE ( 'NONE', #635, #3282 ) ;
#459 = CARTESIAN_POINT ( 'NONE',  ( -0.1215544456622767305, -0.1499999999999999944, -0.01732050807568879386 ) ) ;
#460 = PRESENTATION_STYLE_ASSIGNMENT (( #2856 ) ) ;
#461 = EDGE_CURVE ( 'NONE', #1171, #2242, #2301, .T. ) ;
#462 = CARTESIAN_POINT ( 'NONE',  ( -1.000000000000000222, 0.1499999999999999944, -0.6249999999999997780 ) ) ;
#463 = LINE ( 'NONE', #1386, #1155 ) ;
#464 = AXIS2_PLACEMENT_3D ( 'NONE', #1885, #1325, #1310 ) ;
#465 = EDGE_CURVE ( 'NONE', #653, #3065, #127, .T. ) ;
#466 = DIRECTION ( 'NONE',  ( 0.0000000000000000000, 0.0000000000000000000, 1.000000000000000000 ) ) ;
#467 = EDGE_CURVE ( 'NONE', #711, #448, #39, .T. ) ;
#468 = MECHANICAL_DESIGN_GEOMETRIC_PRESENTATION_REPRESENTATION (  '', ( #99 ), #666 ) ;
#469 = FILL_AREA_STYLE_COLOUR ( '', #3263 ) ;
#470 = CARTESIAN_POINT ( 'NONE',  ( 0.9999999999999995559, 0.1499999999999999944, -0.2500000000000000000 ) ) ;
#471 = DIRECTION ( 'NONE',  ( -0.0000000000000000000, -1.000000000000000000, -0.0000000000000000000 ) ) ;
#472 = CARTESIAN_POINT ( 'NONE',  ( 0.5999999999999999778, -1.227032961426900881, 0.5000000000000002220 ) ) ;
#473 = DIRECTION ( 'NONE',  ( -1.000000000000000000, 0.0000000000000000000, 1.084202172485503448E-15 ) ) ;
#474 = LINE ( 'NONE', #1994, #3383 ) ;
#475 = VERTEX_POINT ( 'NONE', #615 ) ;
#476 = PLANE ( 'NONE',  #1475 ) ;
#477 = ORIENTED_EDGE ( 'NONE', *, *, #1252, .F. ) ;
#478 = ORIENTED_EDGE ( 'NONE', *, *, #1804, .T. ) ;
#479 = CARTESIAN_POINT ( 'NONE',  ( 0.6999999999999999556, 0.09999999999999999167, -0.2500000000000000000 ) ) ;
#480 = ORIENTED_EDGE ( 'NONE', *, *, #2911, .T. ) ;
#481 = DIRECTION ( 'NONE',  ( 0.0000000000000000000, -1.000000000000000000, 0.0000000000000000000 ) ) ;
#482 = SURFACE_STYLE_USAGE ( .BOTH. , #2466 ) ;
#483 = SURFACE_SIDE_STYLE ('',( #1298 ) ) ;
#484 =( GEOMETRIC_REPRESENTATION_CONTEXT ( 3 ) GLOBAL_UNCERTAINTY_ASSIGNED_CONTEXT ( ( #961 ) ) GLOBAL_UNIT_ASSIGNED_CONTEXT ( ( #1880, #444, #2692 ) ) REPRESENTATION_CONTEXT ( 'NONE', 'WORKASPACE' ) );
#485 = ORIENTED_EDGE ( 'NONE', *, *, #2374, .T. ) ;
#486 = LINE ( 'NONE', #1009, #989 ) ;
#487 = DIRECTION ( 'NONE',  ( -0.0000000000000000000, -1.000000000000000000, -0.0000000000000000000 ) ) ;
#488 = ORIENTED_EDGE ( 'NONE', *, *, #65, .F. ) ;
#489 = PRESENTATION_LAYER_ASSIGNMENT (  '', '', ( #119 ) ) ;
#490 = CIRCLE ( 'NONE', #2519, 0.2000000000000002331 ) ;
#491 = PRESENTATION_LAYER_ASSIGNMENT (  '', '', ( #309 ) ) ;
#492 = SURFACE_STYLE_FILL_AREA ( #1107 ) ;
#493 = EDGE_LOOP ( 'NONE', ( #689, #585, #854, #40, #349, #3381 ) ) ;
#494 = CARTESIAN_POINT ( 'NONE',  ( 0.9999999999999995559, 0.1499999999999999944, -0.6250000000000000000 ) ) ;
#495 = EDGE_LOOP ( 'NONE', ( #1164, #994, #3126, #633 ) ) ;
#496 = CARTESIAN_POINT ( 'NONE',  ( 0.9999999999999995559, -0.1000000000000000472, 0.0000000000000000000 ) ) ;
#497 = DIRECTION ( 'NONE',  ( 0.0000000000000000000, -0.0000000000000000000, -1.000000000000000000 ) ) ;
#498 = EDGE_LOOP ( 'NONE', ( #2521, #1645, #1579, #1222, #2413, #1234 ) ) ;
#499 = CARTESIAN_POINT ( 'NONE',  ( 1.299999999999999378, 0.09999999999999999167, -0.2500000000000000000 ) ) ;
#500 = FACE_OUTER_BOUND ( 'NONE', #859, .T. ) ;
#501 = DIRECTION ( 'NONE',  ( -0.0000000000000000000, 1.000000000000000000, -0.0000000000000000000 ) ) ;
#502 = CARTESIAN_POINT ( 'NONE',  ( 0.5999999999999999778, -0.1499999999999999667, -0.4999999999999997780 ) ) ;
#503 = CARTESIAN_POINT ( 'NONE',  ( -1.000000000000000444, 0.1499999999999999944, -0.3499999999999998113 ) ) ;
#504 = LINE ( 'NONE', #970, #2679 ) ;
#505 = SURFACE_STYLE_USAGE ( .BOTH. , #786 ) ;
#506 = CARTESIAN_POINT ( 'NONE',  ( 0.1315544456622766978, -0.09999999999999999167, -0.1403589838486224706 ) ) ;
#507 = DIRECTION ( 'NONE',  ( -0.0000000000000000000, -1.000000000000000000, -0.0000000000000000000 ) ) ;
#508 = DIRECTION ( 'NONE',  ( 0.0000000000000000000, -1.000000000000000000, 0.0000000000000000000 ) ) ;
#509 = DIRECTION ( 'NONE',  ( 1.000000000000000000, 0.0000000000000000000, 1.897353801849628421E-15 ) ) ;
#510 = DIRECTION ( 'NONE',  ( 2.587789240124152535E-16, 0.0000000000000000000, -1.000000000000000000 ) ) ;
#511 = CARTESIAN_POINT ( 'NONE',  ( -0.5999999999999999778, 0.09999999999999999167, -0.2060315014550845869 ) ) ;
#512 = VECTOR ( 'NONE', #812, 1000.000000000000000 ) ;
#513 = STYLED_ITEM ( 'NONE', ( #71 ), #1162 ) ;
#514 = CARTESIAN_POINT ( 'NONE',  ( -0.5999999999999998668, 0.09999999999999999167, 0.6250000000000002220 ) ) ;
#515 = AXIS2_PLACEMENT_3D ( 'NONE', #3478, #508, #1942 ) ;
#516 = COLOUR_RGB ( '',0.0000000000000000000, 0.7529411764705882248, 0.0000000000000000000 ) ;
#517 = DIRECTION ( 'NONE',  ( 0.0000000000000000000, 0.0000000000000000000, -1.000000000000000000 ) ) ;
#518 = ORIENTED_EDGE ( 'NONE', *, *, #3104, .F. ) ;
#519 = EDGE_CURVE ( 'NONE', #3021, #2573, #2222, .T. ) ;
#520 = UNCERTAINTY_MEASURE_WITH_UNIT (LENGTH_MEASURE( 1.000000000000000082E-05 ), #532, 'distance_accuracy_value', 'NONE');
#521 = CARTESIAN_POINT ( 'NONE',  ( -0.5999999999999999778, 0.09999999999999999167, 0.2060315014550845869 ) ) ;
#522 = CARTESIAN_POINT ( 'NONE',  ( 0.1515544456622766878, -0.1499999999999999944, 0.1403589838486224706 ) ) ;
#523 = VERTEX_POINT ( 'NONE', #2106 ) ;
#524 = CARTESIAN_POINT ( 'NONE',  ( 0.6999999999999999556, 0.1499999999999999944, -0.6250000000000002220 ) ) ;
#525 = EDGE_CURVE ( 'NONE', #1, #2799, #3606, .T. ) ;
#526 = CYLINDRICAL_SURFACE ( 'NONE', #1713, 0.2000000000000002331 ) ;
#527 = CARTESIAN_POINT ( 'NONE',  ( 0.1215544456622767028, -0.5777974510803784991, 0.1576794919243112436 ) ) ;
#528 = CARTESIAN_POINT ( 'NONE',  ( 0.9999999999999995559, 0.1499999999999999667, -0.2500000000000000000 ) ) ;
#529 = ORIENTED_EDGE ( 'NONE', *, *, #1182, .F. ) ;
#530 = ORIENTED_EDGE ( 'NONE', *, *, #2420, .F. ) ;
#531 = CARTESIAN_POINT ( 'NONE',  ( -0.6800301876475774998, 0.5310467191248590124, 0.6050301876475775442 ) ) ;
#532 =( LENGTH_UNIT ( ) NAMED_UNIT ( * ) SI_UNIT ( .MILLI., .METRE. ) );
#533 = DIRECTION ( 'NONE',  ( 0.0000000000000000000, 0.0000000000000000000, 1.000000000000000000 ) ) ;
#534 =( GEOMETRIC_REPRESENTATION_CONTEXT ( 3 ) GLOBAL_UNCERTAINTY_ASSIGNED_CONTEXT ( ( #2899 ) ) GLOBAL_UNIT_ASSIGNED_CONTEXT ( ( #402, #1809, #3333 ) ) REPRESENTATION_CONTEXT ( 'NONE', 'WORKASPACE' ) );
#535 = LINE ( 'NONE', #1745, #2700 ) ;
#536 = ORIENTED_EDGE ( 'NONE', *, *, #1990, .F. ) ;
#537 = LINE ( 'NONE', #1618, #2702 ) ;
#538 = DIRECTION ( 'NONE',  ( 0.0000000000000000000, 0.0000000000000000000, -1.000000000000000000 ) ) ;
#539 =( NAMED_UNIT ( * ) SI_UNIT ( $, .STERADIAN. ) SOLID_ANGLE_UNIT ( ) );
#540 = LINE ( 'NONE', #3516, #2704 ) ;
#541 = EDGE_LOOP ( 'NONE', ( #3110, #1735, #3627, #2359, #1985, #1565, #3578 ) ) ;
#542 = DIRECTION ( 'NONE',  ( -0.0000000000000000000, 1.000000000000000000, -0.0000000000000000000 ) ) ;
#543 = FACE_OUTER_BOUND ( 'NONE', #2612, .T. ) ;
#544 = ORIENTED_EDGE ( 'NONE', *, *, #2124, .F. ) ;
#545 = PRESENTATION_LAYER_ASSIGNMENT (  '', '', ( #354 ) ) ;
#546 = ORIENTED_EDGE ( 'NONE', *, *, #395, .T. ) ;
#547 = COLOUR_RGB ( '',0.7529411764705882248, 0.7529411764705882248, 0.0000000000000000000 ) ;
#548 = SURFACE_STYLE_USAGE ( .BOTH. , #2548 ) ;
#549 = VECTOR ( 'NONE', #925, 1000.000000000000000 ) ;
#550 = CARTESIAN_POINT ( 'NONE',  ( -1.000000000000000000, 0.1499999999999999944, 0.3500000000000002554 ) ) ;
#551 = CIRCLE ( 'NONE', #2474, 0.2000000000000002331 ) ;
#552 = ADVANCED_FACE ( 'NONE', ( #1393 ), #3610, .F. ) ;
#553 = FACE_OUTER_BOUND ( 'NONE', #956, .T. ) ;
#554 = EDGE_CURVE ( 'NONE', #1187, #2368, #3518, .T. ) ;
#555 = STYLED_ITEM ( 'NONE', ( #432 ), #618 ) ;
#556 = MECHANICAL_DESIGN_GEOMETRIC_PRESENTATION_REPRESENTATION (  '', ( #3466 ), #758 ) ;
#557 = CARTESIAN_POINT ( 'NONE',  ( 0.1315544456622766978, -0.1499999999999999944, -0.1603589838486224606 ) ) ;
#558 = ADVANCED_FACE ( 'NONE', ( #2027 ), #807, .F. ) ;
#559 = ORIENTED_EDGE ( 'NONE', *, *, #453, .F. ) ;
#560 = CARTESIAN_POINT ( 'NONE',  ( -0.5999999999999999778, 0.1499999999999999944, -0.2060315014550845869 ) ) ;
#561 = MECHANICAL_DESIGN_GEOMETRIC_PRESENTATION_REPRESENTATION (  '', ( #184 ), #760 ) ;
#562 = LINE ( 'NONE', #330, #2820 ) ;
#563 = STYLED_ITEM ( 'NONE', ( #803 ), #3 ) ;
#564 = EDGE_LOOP ( 'NONE', ( #1991, #729, #544, #719 ) ) ;
#565 = EDGE_LOOP ( 'NONE', ( #746, #3134, #3056, #2263 ) ) ;
#566 = ORIENTED_EDGE ( 'NONE', *, *, #1165, .F. ) ;
#567 = EDGE_CURVE ( 'NONE', #3455, #1662, #606, .T. ) ;
#568 = ADVANCED_FACE ( 'NONE', ( #3426 ), #823, .T. ) ;
#569 = DIRECTION ( 'NONE',  ( 0.0000000000000000000, 0.0000000000000000000, 1.000000000000000000 ) ) ;
#570 = ORIENTED_EDGE ( 'NONE', *, *, #2195, .T. ) ;
#571 = ORIENTED_EDGE ( 'NONE', *, *, #94, .F. ) ;
#572 = DIRECTION ( 'NONE',  ( -0.0000000000000000000, -1.000000000000000000, -0.0000000000000000000 ) ) ;
#573 = VERTEX_POINT ( 'NONE', #503 ) ;
#574 =( GEOMETRIC_REPRESENTATION_CONTEXT ( 3 ) GLOBAL_UNCERTAINTY_ASSIGNED_CONTEXT ( ( #1759 ) ) GLOBAL_UNIT_ASSIGNED_CONTEXT ( ( #3377, #856, #1660 ) ) REPRESENTATION_CONTEXT ( 'NONE', 'WORKASPACE' ) );
#575 = EDGE_CURVE ( 'NONE', #3315, #292, #1389, .T. ) ;
#576 = ADVANCED_FACE ( 'NONE', ( #3514 ), #1644, .T. ) ;
#577 = DIRECTION ( 'NONE',  ( 1.000000000000000000, -0.0000000000000000000, 0.0000000000000000000 ) ) ;
#578 = PRESENTATION_STYLE_ASSIGNMENT (( #858 ) ) ;
#579 = ORIENTED_EDGE ( 'NONE', *, *, #662, .T. ) ;
#580 = CARTESIAN_POINT ( 'NONE',  ( -1.000000000000000444, -0.09999999999999999167, -0.4999999999999997780 ) ) ;
#581 = PLANE ( 'NONE',  #3353 ) ;
#582 = ORIENTED_EDGE ( 'NONE', *, *, #28, .T. ) ;
#583 = SURFACE_STYLE_FILL_AREA ( #687 ) ;
#584 = LINE ( 'NONE', #1038, #3494 ) ;
#585 = ORIENTED_EDGE ( 'NONE', *, *, #191, .F. ) ;
#586 = EDGE_CURVE ( 'NONE', #3316, #2799, #601, .T. ) ;
#587 = FACE_OUTER_BOUND ( 'NONE', #1573, .T. ) ;
#588 = AXIS2_PLACEMENT_3D ( 'NONE', #3389, #2085, #389 ) ;
#589 = EDGE_LOOP ( 'NONE', ( #2884, #2536, #3043, #2430 ) ) ;
#590 = EDGE_CURVE ( 'NONE', #2404, #1603, #2025, .T. ) ;
#591 = CIRCLE ( 'NONE', #1950, 0.02000000000000005246 ) ;
#592 = EDGE_CURVE ( 'NONE', #3613, #3343, #2771, .T. ) ;
#593 = LINE ( 'NONE', #3601, #3504 ) ;
#594 =( NAMED_UNIT ( * ) SI_UNIT ( $, .STERADIAN. ) SOLID_ANGLE_UNIT ( ) );
#595 = CARTESIAN_POINT ( 'NONE',  ( 0.0000000000000000000, 0.5500000000000000444, 0.5850575969524860476 ) ) ;
#596 = LINE ( 'NONE', #733, #1199 ) ;
#597 = EDGE_CURVE ( 'NONE', #3209, #59, #1289, .T. ) ;
#598 = DIRECTION ( 'NONE',  ( 0.8660254037844384856, 0.0000000000000000000, -0.5000000000000002220 ) ) ;
#599 = VECTOR ( 'NONE', #2136, 1000.000000000000000 ) ;
#600 = ADVANCED_FACE ( 'NONE', ( #3420 ), #245, .F. ) ;
#601 = LINE ( 'NONE', #522, #2118 ) ;
#602 = CARTESIAN_POINT ( 'NONE',  ( -0.5999999999999999778, 0.09999999999999999167, 0.2060315014550845869 ) ) ;
#603 = AXIS2_PLACEMENT_3D ( 'NONE', #462, #2449, #752 ) ;
#604 = FILL_AREA_STYLE ('',( #157 ) ) ;
#605 = SURFACE_SIDE_STYLE ('',( #2193 ) ) ;
#606 = LINE ( 'NONE', #1943, #2778 ) ;
#607 = ORIENTED_EDGE ( 'NONE', *, *, #627, .T. ) ;
#608 = VECTOR ( 'NONE', #645, 1000.000000000000000 ) ;
#609 =( LENGTH_UNIT ( ) NAMED_UNIT ( * ) SI_UNIT ( .MILLI., .METRE. ) );
#610 = ORIENTED_EDGE ( 'NONE', *, *, #465, .F. ) ;
#611 = VECTOR ( 'NONE', #1695, 1000.000000000000000 ) ;
#612 = AXIS2_PLACEMENT_3D ( 'NONE', #511, #2493, #2777 ) ;
#613 = AXIS2_PLACEMENT_3D ( 'NONE', #1495, #931, #2037 ) ;
#614 = ORIENTED_EDGE ( 'NONE', *, *, #2987, .F. ) ;
#615 = CARTESIAN_POINT ( 'NONE',  ( 0.6999999999999999556, 0.09999999999999999167, 0.2500000000000000000 ) ) ;
#616 = VECTOR ( 'NONE', #2177, 1000.000000000000000 ) ;
#617 = ORIENTED_EDGE ( 'NONE', *, *, #2491, .T. ) ;
#618 = ADVANCED_FACE ( 'NONE', ( #2604 ), #1492, .T. ) ;
#619 = CARTESIAN_POINT ( 'NONE',  ( -1.000000000000000444, -0.1499999999999999944, 0.5000000000000002220 ) ) ;
#620 = DIRECTION ( 'NONE',  ( 0.0000000000000000000, -1.000000000000000000, 0.0000000000000000000 ) ) ;
#621 = CARTESIAN_POINT ( 'NONE',  ( -0.5999999999999999778, -0.1499999999999999944, 0.5000000000000002220 ) ) ;
#622 = EDGE_LOOP ( 'NONE', ( #225, #3219, #761, #1169 ) ) ;
#623 = ORIENTED_EDGE ( 'NONE', *, *, #2723, .T. ) ;
#624 = DIRECTION ( 'NONE',  ( 0.0000000000000000000, 0.0000000000000000000, 1.000000000000000000 ) ) ;
#625 = VECTOR ( 'NONE', #3204, 1000.000000000000000 ) ;
#626 = VERTEX_POINT ( 'NONE', #560 ) ;
#627 = EDGE_CURVE ( 'NONE', #201, #2975, #163, .T. ) ;
#628 = DIRECTION ( 'NONE',  ( 0.0000000000000000000, 0.0000000000000000000, 1.000000000000000000 ) ) ;
#629 = DIRECTION ( 'NONE',  ( -0.0000000000000000000, 1.000000000000000000, -0.0000000000000000000 ) ) ;
#630 = FACE_OUTER_BOUND ( 'NONE', #1864, .T. ) ;
#631 = MECHANICAL_DESIGN_GEOMETRIC_PRESENTATION_REPRESENTATION (  '', ( #2696 ), #835 ) ;
#632 = VECTOR ( 'NONE', #418, 1000.000000000000000 ) ;
#633 = ORIENTED_EDGE ( 'NONE', *, *, #2093, .F. ) ;
#634 = EDGE_CURVE ( 'NONE', #2852, #1883, #3077, .T. ) ;
#635 = CARTESIAN_POINT ( 'NONE',  ( -0.5999999999999999778, 0.1499999999999999944, 0.2060315014550845869 ) ) ;
#636 = SURFACE_STYLE_FILL_AREA ( #3546 ) ;
#637 = ORIENTED_EDGE ( 'NONE', *, *, #1778, .T. ) ;
#638 = DIRECTION ( 'NONE',  ( 1.000000000000000000, -0.0000000000000000000, -0.0000000000000000000 ) ) ;
#639 = VECTOR ( 'NONE', #918, 1000.000000000000000 ) ;
#640 = CARTESIAN_POINT ( 'NONE',  ( 0.9999999999999995559, -0.1499999999999999944, 0.6250000000000000000 ) ) ;
#641 = UNCERTAINTY_MEASURE_WITH_UNIT (LENGTH_MEASURE( 1.000000000000000082E-05 ), #1514, 'distance_accuracy_value', 'NONE');
#642 = VECTOR ( 'NONE', #1704, 1000.000000000000227 ) ;
#643 = DIRECTION ( 'NONE',  ( 0.0000000000000000000, 0.0000000000000000000, -1.000000000000000000 ) ) ;
#644 = AXIS2_PLACEMENT_3D ( 'NONE', #955, #1547, #1810 ) ;
#645 = DIRECTION ( 'NONE',  ( -0.0000000000000000000, 1.000000000000000000, -0.0000000000000000000 ) ) ;
#646 = EDGE_CURVE ( 'NONE', #3545, #893, #2337, .T. ) ;
#647 = FILL_AREA_STYLE ('',( #344 ) ) ;
#648 = DIRECTION ( 'NONE',  ( 3.469446951953614189E-16, 0.0000000000000000000, 1.000000000000000000 ) ) ;
#649 = COLOUR_RGB ( '',0.0000000000000000000, 0.7529411764705882248, 0.0000000000000000000 ) ;
#650 = CARTESIAN_POINT ( 'NONE',  ( 0.1215544456622766889, -0.09999999999999999167, 0.1576794919243112436 ) ) ;
#651 = DIRECTION ( 'NONE',  ( -0.0000000000000000000, 1.000000000000000000, -0.0000000000000000000 ) ) ;
#652 = EDGE_CURVE ( 'NONE', #2740, #326, #841, .T. ) ;
#653 = VERTEX_POINT ( 'NONE', #2064 ) ;
#654 = PRESENTATION_LAYER_ASSIGNMENT (  '', '', ( #860 ) ) ;
#655 = VECTOR ( 'NONE', #2522, 1000.000000000000000 ) ;
#656 = CARTESIAN_POINT ( 'NONE',  ( -1.000000000000000666, -0.1499999999999999667, -0.3499999999999998113 ) ) ;
#657 = ORIENTED_EDGE ( 'NONE', *, *, #785, .T. ) ;
#658 = EDGE_CURVE ( 'NONE', #2981, #2404, #743, .T. ) ;
#659 = SURFACE_STYLE_FILL_AREA ( #2234 ) ;
#660 = ORIENTED_EDGE ( 'NONE', *, *, #1293, .T. ) ;
#661 = VERTEX_POINT ( 'NONE', #2341 ) ;
#662 = EDGE_CURVE ( 'NONE', #1783, #275, #928, .T. ) ;
#663 = SURFACE_SIDE_STYLE ('',( #3018 ) ) ;
#664 = FILL_AREA_STYLE_COLOUR ( '', #2310 ) ;
#665 = ORIENTED_EDGE ( 'NONE', *, *, #525, .F. ) ;
#666 =( GEOMETRIC_REPRESENTATION_CONTEXT ( 3 ) GLOBAL_UNCERTAINTY_ASSIGNED_CONTEXT ( ( #2762 ) ) GLOBAL_UNIT_ASSIGNED_CONTEXT ( ( #1021, #2982, #1300 ) ) REPRESENTATION_CONTEXT ( 'NONE', 'WORKASPACE' ) );
#667 = DIRECTION ( 'NONE',  ( -1.000000000000000000, 0.0000000000000000000, 0.0000000000000000000 ) ) ;
#668 = EDGE_LOOP ( 'NONE', ( #3572, #1946, #1729, #1659, #1827, #3552 ) ) ;
#669 = DIRECTION ( 'NONE',  ( 0.0000000000000000000, -0.0000000000000000000, -1.000000000000000000 ) ) ;
#670 = VERTEX_POINT ( 'NONE', #2040 ) ;
#671 = PLANE ( 'NONE',  #328 ) ;
#672 = CIRCLE ( 'NONE', #2352, 0.2000000000000002331 ) ;
#673 = VERTEX_POINT ( 'NONE', #3075 ) ;
#674 =( LENGTH_UNIT ( ) NAMED_UNIT ( * ) SI_UNIT ( .MILLI., .METRE. ) );
#675 = VECTOR ( 'NONE', #1947, 1000.000000000000000 ) ;
#676 = LINE ( 'NONE', #175, #2197 ) ;
#677 = ORIENTED_EDGE ( 'NONE', *, *, #1307, .T. ) ;
#678 = DIRECTION ( 'NONE',  ( -0.05226442768871396305, -0.9972646886342372285, -0.05226442768871395611 ) ) ;
#679 = CARTESIAN_POINT ( 'NONE',  ( -0.5999999999999998668, 0.09999999999999999167, -0.6250000000000002220 ) ) ;
#680 = CARTESIAN_POINT ( 'NONE',  ( 0.1515544456622766878, -0.1499999999999999667, -0.1403589838486224706 ) ) ;
#681 = VECTOR ( 'NONE', #3595, 1000.000000000000000 ) ;
#682 = DIRECTION ( 'NONE',  ( -0.0000000000000000000, 1.000000000000000000, -0.0000000000000000000 ) ) ;
#683 = UNCERTAINTY_MEASURE_WITH_UNIT (LENGTH_MEASURE( 1.000000000000000082E-05 ), #3045, 'distance_accuracy_value', 'NONE');
#684 = STYLED_ITEM ( 'NONE', ( #2114 ), #874 ) ;
#685 = ORIENTED_EDGE ( 'NONE', *, *, #1246, .F. ) ;
#686 = FACE_OUTER_BOUND ( 'NONE', #2592, .T. ) ;
#687 = FILL_AREA_STYLE ('',( #3476 ) ) ;
#688 = VECTOR ( 'NONE', #872, 1000.000000000000000 ) ;
#689 = ORIENTED_EDGE ( 'NONE', *, *, #1224, .F. ) ;
#690 = VECTOR ( 'NONE', #2516, 1000.000000000000000 ) ;
#691 = MECHANICAL_DESIGN_GEOMETRIC_PRESENTATION_REPRESENTATION (  '', ( #119 ), #883 ) ;
#692 = CARTESIAN_POINT ( 'NONE',  ( 0.9999999999999995559, -0.1000000000000000194, -0.6250000000000000000 ) ) ;
#693 = DIRECTION ( 'NONE',  ( -1.000000000000000000, 0.0000000000000000000, 0.0000000000000000000 ) ) ;
#694 = LINE ( 'NONE', #1954, #2849 ) ;
#695 = MECHANICAL_DESIGN_GEOMETRIC_PRESENTATION_REPRESENTATION (  '', ( #309 ), #885 ) ;
#696 = DIRECTION ( 'NONE',  ( 0.0000000000000000000, 1.000000000000000000, 0.0000000000000000000 ) ) ;
#697 = DIRECTION ( 'NONE',  ( -0.8660254037844385966, 0.0000000000000000000, -0.5000000000000002220 ) ) ;
#698 = FACE_OUTER_BOUND ( 'NONE', #493, .T. ) ;
#699 = CARTESIAN_POINT ( 'NONE',  ( 0.5999999999999999778, -0.1499999999999999944, 0.5000000000000002220 ) ) ;
#700 = CARTESIAN_POINT ( 'NONE',  ( -1.400000000000000577, -0.1499999999999999944, 0.5000000000000002220 ) ) ;
#701 = DIRECTION ( 'NONE',  ( 0.0000000000000000000, 0.0000000000000000000, -1.000000000000000000 ) ) ;
#702 = DIRECTION ( 'NONE',  ( -1.000000000000000000, 0.0000000000000000000, 1.084202172485504434E-16 ) ) ;
#703 = VECTOR ( 'NONE', #3620, 1000.000000000000000 ) ;
#704 = ORIENTED_EDGE ( 'NONE', *, *, #3460, .F. ) ;
#705 = DIRECTION ( 'NONE',  ( -1.000000000000000000, 0.0000000000000000000, -0.0000000000000000000 ) ) ;
#706 = DIRECTION ( 'NONE',  ( 0.0000000000000000000, -0.0000000000000000000, 1.000000000000000000 ) ) ;
#707 = CIRCLE ( 'NONE', #164, 0.02000000000000001776 ) ;
#708 = EDGE_CURVE ( 'NONE', #1883, #844, #2901, .T. ) ;
#709 = ORIENTED_EDGE ( 'NONE', *, *, #206, .F. ) ;
#710 = LINE ( 'NONE', #1973, #1403 ) ;
#711 = VERTEX_POINT ( 'NONE', #38 ) ;
#712 = LINE ( 'NONE', #456, #616 ) ;
#713 = DIRECTION ( 'NONE',  ( 1.000000000000000000, 0.0000000000000000000, 0.0000000000000000000 ) ) ;
#714 = PRESENTATION_LAYER_ASSIGNMENT (  '', '', ( #513 ) ) ;
#715 = ADVANCED_FACE ( 'NONE', ( #3554 ), #1135, .F. ) ;
#716 = DIRECTION ( 'NONE',  ( 0.0000000000000000000, 0.0000000000000000000, -1.000000000000000000 ) ) ;
#717 = ORIENTED_EDGE ( 'NONE', *, *, #1026, .F. ) ;
#718 = AXIS2_PLACEMENT_3D ( 'NONE', #3002, #569, #2854 ) ;
#719 = ORIENTED_EDGE ( 'NONE', *, *, #3120, .T. ) ;
#720 = VERTEX_POINT ( 'NONE', #1789 ) ;
#721 = SURFACE_SIDE_STYLE ('',( #2575 ) ) ;
#722 = CARTESIAN_POINT ( 'NONE',  ( -1.000000000000000222, -0.09999999999999999167, 2.168404344971008868E-16 ) ) ;
#723 = DIRECTION ( 'NONE',  ( 0.0000000000000000000, 0.0000000000000000000, 1.000000000000000000 ) ) ;
#724 = LINE ( 'NONE', #621, #625 ) ;
#725 = EDGE_LOOP ( 'NONE', ( #1722, #313, #2837, #190, #3023, #1529, #912, #145 ) ) ;
#726 = VECTOR ( 'NONE', #2774, 1000.000000000000000 ) ;
#727 = CARTESIAN_POINT ( 'NONE',  ( -0.5999999999999999778, 0.09999999999999999167, -0.2060315014550845869 ) ) ;
#728 = EDGE_CURVE ( 'NONE', #1296, #1892, #1157, .T. ) ;
#729 = ORIENTED_EDGE ( 'NONE', *, *, #37, .F. ) ;
#730 = CARTESIAN_POINT ( 'NONE',  ( -1.000000000000000444, 0.1499999999999999944, -0.4999999999999997780 ) ) ;
#731 = VERTEX_POINT ( 'NONE', #1548 ) ;
#732 = ORIENTED_EDGE ( 'NONE', *, *, #453, .T. ) ;
#733 = CARTESIAN_POINT ( 'NONE',  ( -0.5999999999999998668, 0.1499999999999999944, -0.6250000000000002220 ) ) ;
#734 = VECTOR ( 'NONE', #79, 1000.000000000000000 ) ;
#735 = ADVANCED_FACE ( 'NONE', ( #1812 ), #367, .F. ) ;
#736 = CARTESIAN_POINT ( 'NONE',  ( -1.000000000000000222, 0.1499999999999999944, -0.6249999999999997780 ) ) ;
#737 = LINE ( 'NONE', #1828, #2057 ) ;
#738 = STYLED_ITEM ( 'NONE', ( #2409 ), #2831 ) ;
#739 = CARTESIAN_POINT ( 'NONE',  ( -1.000000000000000222, 0.09999999999999999167, 2.168404344971008868E-16 ) ) ;
#740 = MECHANICAL_DESIGN_GEOMETRIC_PRESENTATION_REPRESENTATION (  '', ( #354 ), #936 ) ;
#741 = SURFACE_SIDE_STYLE ('',( #2107 ) ) ;
#742 = DIRECTION ( 'NONE',  ( 0.0000000000000000000, 0.0000000000000000000, 1.000000000000000000 ) ) ;
#743 = LINE ( 'NONE', #2307, #3644 ) ;
#744 = CARTESIAN_POINT ( 'NONE',  ( 0.0000000000000000000, 0.1499999999999999944, 0.0000000000000000000 ) ) ;
#745 = CARTESIAN_POINT ( 'NONE',  ( 0.1315544456622766978, -0.1499999999999999944, -0.1403589838486224706 ) ) ;
#746 = ORIENTED_EDGE ( 'NONE', *, *, #408, .T. ) ;
#747 = EDGE_CURVE ( 'NONE', #1171, #2055, #1431, .T. ) ;
#748 = DIRECTION ( 'NONE',  ( 0.0000000000000000000, -0.0000000000000000000, 1.000000000000000000 ) ) ;
#749 = DIRECTION ( 'NONE',  ( 0.0000000000000000000, 0.0000000000000000000, -1.000000000000000000 ) ) ;
#750 = AXIS2_PLACEMENT_3D ( 'NONE', #2782, #1237, #3094 ) ;
#751 = VERTEX_POINT ( 'NONE', #392 ) ;
#752 = DIRECTION ( 'NONE',  ( 9.637352644315598694E-16, 0.0000000000000000000, -1.000000000000000000 ) ) ;
#753 = CIRCLE ( 'NONE', #3587, 0.01999999999999999695 ) ;
#754 = UNCERTAINTY_MEASURE_WITH_UNIT (LENGTH_MEASURE( 1.000000000000000082E-05 ), #2794, 'distance_accuracy_value', 'NONE');
#755 = ORIENTED_EDGE ( 'NONE', *, *, #1598, .F. ) ;
#756 = DIRECTION ( 'NONE',  ( -1.000000000000000000, 0.0000000000000000000, 0.0000000000000000000 ) ) ;
#757 = CARTESIAN_POINT ( 'NONE',  ( 0.5999999999999999778, -0.1499999999999999667, -0.4999999999999997780 ) ) ;
#758 =( GEOMETRIC_REPRESENTATION_CONTEXT ( 3 ) GLOBAL_UNCERTAINTY_ASSIGNED_CONTEXT ( ( #51 ) ) GLOBAL_UNIT_ASSIGNED_CONTEXT ( ( #877, #1473, #1964 ) ) REPRESENTATION_CONTEXT ( 'NONE', 'WORKASPACE' ) );
#759 = ORIENTED_EDGE ( 'NONE', *, *, #1381, .F. ) ;
#760 =( GEOMETRIC_REPRESENTATION_CONTEXT ( 3 ) GLOBAL_UNCERTAINTY_ASSIGNED_CONTEXT ( ( #3431 ) ) GLOBAL_UNIT_ASSIGNED_CONTEXT ( ( #2630, #1463, #80 ) ) REPRESENTATION_CONTEXT ( 'NONE', 'WORKASPACE' ) );
#761 = ORIENTED_EDGE ( 'NONE', *, *, #1109, .T. ) ;
#762 = PRESENTATION_LAYER_ASSIGNMENT (  '', '', ( #563 ) ) ;
#763 = CARTESIAN_POINT ( 'NONE',  ( -1.000000000000000222, 0.1499999999999999667, 2.168404344971008868E-16 ) ) ;
#764 = FACE_OUTER_BOUND ( 'NONE', #55, .T. ) ;
#765 = DIRECTION ( 'NONE',  ( -0.0000000000000000000, 1.000000000000000000, -0.0000000000000000000 ) ) ;
#766 = DIRECTION ( 'NONE',  ( -0.0000000000000000000, 1.000000000000000000, -0.0000000000000000000 ) ) ;
#767 = FACE_OUTER_BOUND ( 'NONE', #172, .T. ) ;
#768 = EDGE_LOOP ( 'NONE', ( #987, #1601, #3505, #2006 ) ) ;
#769 = EDGE_CURVE ( 'NONE', #673, #2530, #1068, .T. ) ;
#770 = CARTESIAN_POINT ( 'NONE',  ( 0.6999999999999999556, 0.09999999999999999167, -0.2500000000000000000 ) ) ;
#771 = VERTEX_POINT ( 'NONE', #1803 ) ;
#772 = VECTOR ( 'NONE', #713, 1000.000000000000000 ) ;
#773 = VERTEX_POINT ( 'NONE', #3472 ) ;
#774 = ORIENTED_EDGE ( 'NONE', *, *, #2540, .T. ) ;
#775 = LINE ( 'NONE', #2772, #681 ) ;
#776 = LINE ( 'NONE', #2828, #2287 ) ;
#777 =( NAMED_UNIT ( * ) SI_UNIT ( $, .STERADIAN. ) SOLID_ANGLE_UNIT ( ) );
#778 =( NAMED_UNIT ( * ) SI_UNIT ( $, .STERADIAN. ) SOLID_ANGLE_UNIT ( ) );
#779 = EDGE_CURVE ( 'NONE', #1887, #3613, #291, .T. ) ;
#780 =( LENGTH_UNIT ( ) NAMED_UNIT ( * ) SI_UNIT ( .MILLI., .METRE. ) );
#781 = EDGE_CURVE ( 'NONE', #108, #2977, #381, .T. ) ;
#782 = FILL_AREA_STYLE ('',( #1610 ) ) ;
#783 = VECTOR ( 'NONE', #3172, 1000.000000000000000 ) ;
#784 = PRESENTATION_LAYER_ASSIGNMENT (  '', '', ( #407 ) ) ;
#785 = EDGE_CURVE ( 'NONE', #362, #104, #2472, .T. ) ;
#786 = SURFACE_SIDE_STYLE ('',( #3199 ) ) ;
#787 = CARTESIAN_POINT ( 'NONE',  ( -0.6571428571428571397, 0.09999999999999999167, 0.2060315014550850032 ) ) ;
#788 = EDGE_CURVE ( 'NONE', #2970, #1787, #3121, .T. ) ;
#789 = DIRECTION ( 'NONE',  ( -0.0000000000000000000, -1.000000000000000000, -0.0000000000000000000 ) ) ;
#790 = DIRECTION ( 'NONE',  ( 0.8660254037844384856, 0.0000000000000000000, -0.5000000000000002220 ) ) ;
#791 = DIRECTION ( 'NONE',  ( 0.0000000000000000000, 0.0000000000000000000, 1.000000000000000000 ) ) ;
#792 = FILL_AREA_STYLE ('',( #1340 ) ) ;
#793 = EDGE_CURVE ( 'NONE', #1175, #306, #199, .T. ) ;
#794 = VECTOR ( 'NONE', #1723, 1000.000000000000000 ) ;
#795 = ORIENTED_EDGE ( 'NONE', *, *, #3370, .T. ) ;
#796 = LINE ( 'NONE', #2039, #1486 ) ;
#797 = CARTESIAN_POINT ( 'NONE',  ( 0.6600575969524858921, 0.5300000000000000266, -0.6250000000000002220 ) ) ;
#798 = ORIENTED_EDGE ( 'NONE', *, *, #2928, .F. ) ;
#799 = VECTOR ( 'NONE', #12, 1000.000000000000000 ) ;
#800 = FACE_OUTER_BOUND ( 'NONE', #410, .T. ) ;
#801 = CARTESIAN_POINT ( 'NONE',  ( 0.9999999999999995559, 0.1499999999999999944, 0.6250000000000000000 ) ) ;
#802 = DIRECTION ( 'NONE',  ( 0.0000000000000000000, -1.000000000000000000, 0.0000000000000000000 ) ) ;
#803 = PRESENTATION_STYLE_ASSIGNMENT (( #3468 ) ) ;
#804 = CARTESIAN_POINT ( 'NONE',  ( 0.6999999999999999556, 0.1499999999999999944, -0.6250000000000002220 ) ) ;
#805 = DIRECTION ( 'NONE',  ( 0.0000000000000000000, 0.0000000000000000000, 1.000000000000000000 ) ) ;
#806 = CARTESIAN_POINT ( 'NONE',  ( 0.1315544456622766700, -0.5777974510803784991, 0.1603589838486224328 ) ) ;
#807 = PLANE ( 'NONE',  #2342 ) ;
#808 = CARTESIAN_POINT ( 'NONE',  ( -1.000000000000000222, 0.09999999999999999167, 0.4000000000000002998 ) ) ;
#809 = PLANE ( 'NONE',  #612 ) ;
#810 = ORIENTED_EDGE ( 'NONE', *, *, #3425, .F. ) ;
#811 = CARTESIAN_POINT ( 'NONE',  ( -0.6999999999999999556, 0.1499999999999999944, -0.6250000000000002220 ) ) ;
#812 = DIRECTION ( 'NONE',  ( -0.0000000000000000000, 1.000000000000000000, -0.0000000000000000000 ) ) ;
#813 = EDGE_LOOP ( 'NONE', ( #3629, #64, #3473, #2589, #477, #2350 ) ) ;
#814 = PRESENTATION_LAYER_ASSIGNMENT (  '', '', ( #428 ) ) ;
#815 = PRESENTATION_LAYER_ASSIGNMENT (  '', '', ( #429 ) ) ;
#816 = PLANE ( 'NONE',  #1176 ) ;
#817 = ORIENTED_EDGE ( 'NONE', *, *, #442, .T. ) ;
#818 = CARTESIAN_POINT ( 'NONE',  ( 0.9999999999999995559, -1.227032961426900881, 0.2000000000000002331 ) ) ;
#819 = CARTESIAN_POINT ( 'NONE',  ( 0.9999999999999995559, 0.1499999999999999667, 0.2500000000000000000 ) ) ;
#820 = DIRECTION ( 'NONE',  ( 0.0000000000000000000, 1.000000000000000000, 0.0000000000000000000 ) ) ;
#821 = FACE_OUTER_BOUND ( 'NONE', #390, .T. ) ;
#822 = VERTEX_POINT ( 'NONE', #2926 ) ;
#823 = PLANE ( 'NONE',  #3464 ) ;
#824 = EDGE_LOOP ( 'NONE', ( #2450, #170, #1001, #1079, #3527, #2190 ) ) ;
#825 =( NAMED_UNIT ( * ) SI_UNIT ( $, .STERADIAN. ) SOLID_ANGLE_UNIT ( ) );
#826 = CARTESIAN_POINT ( 'NONE',  ( 0.0000000000000000000, -0.1499999999999999944, 0.0000000000000000000 ) ) ;
#827 = LINE ( 'NONE', #2022, #3636 ) ;
#828 = VECTOR ( 'NONE', #3001, 1000.000000000000000 ) ;
#829 = CARTESIAN_POINT ( 'NONE',  ( -0.5999999999999998668, 0.09999999999999999167, 0.6250000000000002220 ) ) ;
#830 = CARTESIAN_POINT ( 'NONE',  ( -1.000000000000000000, 0.1499999999999999944, 0.6250000000000002220 ) ) ;
#831 = EDGE_CURVE ( 'NONE', #3180, #1187, #1551, .T. ) ;
#832 = UNCERTAINTY_MEASURE_WITH_UNIT (LENGTH_MEASURE( 1.000000000000000082E-05 ), #3591, 'distance_accuracy_value', 'NONE');
#833 = SURFACE_STYLE_FILL_AREA ( #3142 ) ;
#834 = PLANE ( 'NONE',  #1549 ) ;
#835 =( GEOMETRIC_REPRESENTATION_CONTEXT ( 3 ) GLOBAL_UNCERTAINTY_ASSIGNED_CONTEXT ( ( #1042 ) ) GLOBAL_UNIT_ASSIGNED_CONTEXT ( ( #284, #1983, #1769 ) ) REPRESENTATION_CONTEXT ( 'NONE', 'WORKASPACE' ) );
#836 = CARTESIAN_POINT ( 'NONE',  ( -0.6600575969524858921, 0.5300000000000000266, -0.6250000000000002220 ) ) ;
#837 = FACE_OUTER_BOUND ( 'NONE', #3147, .T. ) ;
#838 = EDGE_CURVE ( 'NONE', #3173, #2242, #1633, .T. ) ;
#839 = PLANE ( 'NONE',  #3519 ) ;
#840 = CARTESIAN_POINT ( 'NONE',  ( -1.000000000000000666, -1.227032961426901325, -0.3499999999999998113 ) ) ;
#841 = LINE ( 'NONE', #830, #2258 ) ;
#842 = CARTESIAN_POINT ( 'NONE',  ( 0.9999999999999995559, 0.7156854249492387021, -0.2000000000000002331 ) ) ;
#843 = CARTESIAN_POINT ( 'NONE',  ( -1.000000000000000000, 0.1499999999999999944, 0.6250000000000002220 ) ) ;
#844 = VERTEX_POINT ( 'NONE', #411 ) ;
#845 = EDGE_CURVE ( 'NONE', #3532, #303, #2212, .T. ) ;
#846 = CARTESIAN_POINT ( 'NONE',  ( -0.1115544456622767355, -0.09999999999999999167, -2.710505439397719968E-17 ) ) ;
#847 = COLOUR_RGB ( '',0.0000000000000000000, 0.7529411764705882248, 0.0000000000000000000 ) ;
#848 = ORIENTED_EDGE ( 'NONE', *, *, #998, .F. ) ;
#849 = CARTESIAN_POINT ( 'NONE',  ( -0.6571428571428572507, 0.09999999999999999167, -0.2060315014550847812 ) ) ;
#850 = ORIENTED_EDGE ( 'NONE', *, *, #383, .T. ) ;
#851 = VECTOR ( 'NONE', #195, 1000.000000000000000 ) ;
#852 = ORIENTED_EDGE ( 'NONE', *, *, #2863, .T. ) ;
#853 = EDGE_CURVE ( 'NONE', #893, #2186, #2951, .T. ) ;
#854 = ORIENTED_EDGE ( 'NONE', *, *, #2871, .T. ) ;
#855 = ADVANCED_FACE ( 'NONE', ( #698 ), #2671, .F. ) ;
#856 =( NAMED_UNIT ( * ) PLANE_ANGLE_UNIT ( ) SI_UNIT ( $, .RADIAN. ) );
#857 = DIRECTION ( 'NONE',  ( -1.000000000000000000, 0.0000000000000000000, 0.0000000000000000000 ) ) ;
#858 = SURFACE_STYLE_USAGE ( .BOTH. , #605 ) ;
#859 = EDGE_LOOP ( 'NONE', ( #2249, #2779, #1920, #3481 ) ) ;
#860 = STYLED_ITEM ( 'NONE', ( #2360 ), #3101 ) ;
#861 = COLOUR_RGB ( '',1.000000000000000000, 1.000000000000000000, 1.000000000000000000 ) ;
#862 = ORIENTED_EDGE ( 'NONE', *, *, #2937, .T. ) ;
#863 = EDGE_CURVE ( 'NONE', #3393, #2480, #2850, .T. ) ;
#864 = VECTOR ( 'NONE', #2698, 1000.000000000000000 ) ;
#865 = FACE_OUTER_BOUND ( 'NONE', #2989, .T. ) ;
#866 = VERTEX_POINT ( 'NONE', #992 ) ;
#867 = EDGE_CURVE ( 'NONE', #2213, #1321, #1384, .T. ) ;
#868 = ADVANCED_FACE ( 'NONE', ( #3597 ), #3522, .T. ) ;
#869 = SURFACE_SIDE_STYLE ('',( #2071 ) ) ;
#870 = CYLINDRICAL_SURFACE ( 'NONE', #2323, 0.02000000000000005246 ) ;
#871 = VERTEX_POINT ( 'NONE', #736 ) ;
#872 = DIRECTION ( 'NONE',  ( -9.637352644315598694E-16, 0.0000000000000000000, 1.000000000000000000 ) ) ;
#873 = SURFACE_SIDE_STYLE ('',( #3156 ) ) ;
#874 = ADVANCED_FACE ( 'NONE', ( #2021 ), #148, .T. ) ;
#875 = DIRECTION ( 'NONE',  ( 3.469446951953614189E-16, 0.0000000000000000000, 1.000000000000000000 ) ) ;
#876 = VECTOR ( 'NONE', #3645, 1000.000000000000000 ) ;
#877 =( LENGTH_UNIT ( ) NAMED_UNIT ( * ) SI_UNIT ( .MILLI., .METRE. ) );
#878 = AXIS2_PLACEMENT_3D ( 'NONE', #1575, #3548, #2155 ) ;
#879 = SURFACE_STYLE_USAGE ( .BOTH. , #3400 ) ;
#880 = ADVANCED_FACE ( 'NONE', ( #333 ), #1022, .F. ) ;
#881 = DIRECTION ( 'NONE',  ( 0.0000000000000000000, 0.0000000000000000000, -1.000000000000000000 ) ) ;
#882 =( NAMED_UNIT ( * ) PLANE_ANGLE_UNIT ( ) SI_UNIT ( $, .RADIAN. ) );
#883 =( GEOMETRIC_REPRESENTATION_CONTEXT ( 3 ) GLOBAL_UNCERTAINTY_ASSIGNED_CONTEXT ( ( #3254 ) ) GLOBAL_UNIT_ASSIGNED_CONTEXT ( ( #3181, #2364, #2173 ) ) REPRESENTATION_CONTEXT ( 'NONE', 'WORKASPACE' ) );
#884 = LINE ( 'NONE', #1439, #2389 ) ;
#885 =( GEOMETRIC_REPRESENTATION_CONTEXT ( 3 ) GLOBAL_UNCERTAINTY_ASSIGNED_CONTEXT ( ( #1437 ) ) GLOBAL_UNIT_ASSIGNED_CONTEXT ( ( #1412, #2239, #3342 ) ) REPRESENTATION_CONTEXT ( 'NONE', 'WORKASPACE' ) );
#886 = LINE ( 'NONE', #1429, #1642 ) ;
#887 = ADVANCED_FACE ( 'NONE', ( #837 ), #3250, .F. ) ;
#888 = SURFACE_SIDE_STYLE ('',( #2056 ) ) ;
#889 = ORIENTED_EDGE ( 'NONE', *, *, #3166, .T. ) ;
#890 = VECTOR ( 'NONE', #943, 1000.000000000000000 ) ;
#891 = CARTESIAN_POINT ( 'NONE',  ( -1.000000000000000222, 0.1499999999999999944, 2.168404344971008868E-16 ) ) ;
#892 =( LENGTH_UNIT ( ) NAMED_UNIT ( * ) SI_UNIT ( .MILLI., .METRE. ) );
#893 = VERTEX_POINT ( 'NONE', #2167 ) ;
#894 = LINE ( 'NONE', #2971, #2308 ) ;
#895 = ORIENTED_EDGE ( 'NONE', *, *, #634, .T. ) ;
#896 = DIRECTION ( 'NONE',  ( -1.858632295689436004E-15, 0.0000000000000000000, -1.000000000000000000 ) ) ;
#897 = CARTESIAN_POINT ( 'NONE',  ( 0.9999999999999995559, 0.1499999999999999944, -0.6250000000000000000 ) ) ;
#898 = ORIENTED_EDGE ( 'NONE', *, *, #1177, .T. ) ;
#899 = VECTOR ( 'NONE', #682, 1000.000000000000000 ) ;
#900 = EDGE_CURVE ( 'NONE', #277, #3164, #2719, .T. ) ;
#901 = DIRECTION ( 'NONE',  ( 0.0000000000000000000, -0.0000000000000000000, -1.000000000000000000 ) ) ;
#902 = ORIENTED_EDGE ( 'NONE', *, *, #1814, .T. ) ;
#903 = FILL_AREA_STYLE_COLOUR ( '', #2015 ) ;
#904 = DIRECTION ( 'NONE',  ( 7.115076756936119693E-15, -0.0000000000000000000, 1.000000000000000000 ) ) ;
#905 = MECHANICAL_DESIGN_GEOMETRIC_PRESENTATION_REPRESENTATION (  '', ( #513 ), #1160 ) ;
#906 = SURFACE_STYLE_FILL_AREA ( #3379 ) ;
#907 = EDGE_LOOP ( 'NONE', ( #1972, #1477, #3259, #230 ) ) ;
#908 = CYLINDRICAL_SURFACE ( 'NONE', #3392, 0.3500000000000000333 ) ;
#909 = DIRECTION ( 'NONE',  ( 0.0000000000000000000, -1.000000000000000000, 0.0000000000000000000 ) ) ;
#910 = ADVANCED_FACE ( 'NONE', ( #553 ), #2640, .T. ) ;
#911 = STYLED_ITEM ( 'NONE', ( #3404 ), #1805 ) ;
#912 = ORIENTED_EDGE ( 'NONE', *, *, #191, .T. ) ;
#913 = FACE_OUTER_BOUND ( 'NONE', #1743, .T. ) ;
#914 = CARTESIAN_POINT ( 'NONE',  ( 0.1315544456622766978, -0.09999999999999999167, -0.1403589838486224706 ) ) ;
#915 = CARTESIAN_POINT ( 'NONE',  ( 0.0000000000000000000, -0.1499999999999999944, 0.0000000000000000000 ) ) ;
#916 = LINE ( 'NONE', #3175, #3066 ) ;
#917 = LINE ( 'NONE', #1636, #828 ) ;
#918 = DIRECTION ( 'NONE',  ( 1.000000000000000000, -0.0000000000000000000, 0.0000000000000000000 ) ) ;
#919 = FILL_AREA_STYLE ('',( #2200 ) ) ;
#920 = DIRECTION ( 'NONE',  ( 1.000000000000000000, 0.0000000000000000000, 0.0000000000000000000 ) ) ;
#921 = EDGE_CURVE ( 'NONE', #2530, #3393, #3375, .T. ) ;
#922 = CARTESIAN_POINT ( 'NONE',  ( 0.1515544456622766878, -0.5777974510803784991, -0.1403589838486224706 ) ) ;
#923 = UNCERTAINTY_MEASURE_WITH_UNIT (LENGTH_MEASURE( 1.000000000000000082E-05 ), #352, 'distance_accuracy_value', 'NONE');
#924 = DIRECTION ( 'NONE',  ( -1.000000000000000000, 0.0000000000000000000, 0.0000000000000000000 ) ) ;
#925 = DIRECTION ( 'NONE',  ( -3.469446951953614189E-16, 0.0000000000000000000, -1.000000000000000000 ) ) ;
#926 = DIRECTION ( 'NONE',  ( 0.0000000000000000000, 1.000000000000000000, -0.0000000000000000000 ) ) ;
#927 =( NAMED_UNIT ( * ) PLANE_ANGLE_UNIT ( ) SI_UNIT ( $, .RADIAN. ) );
#928 = LINE ( 'NONE', #1521, #2171 ) ;
#929 = PRESENTATION_LAYER_ASSIGNMENT (  '', '', ( #738 ) ) ;
#930 = CARTESIAN_POINT ( 'NONE',  ( -0.1215544456622767305, -0.09999999999999999167, -0.01732050807568881121 ) ) ;
#931 = DIRECTION ( 'NONE',  ( -0.0000000000000000000, 0.0000000000000000000, -1.000000000000000000 ) ) ;
#932 = ORIENTED_EDGE ( 'NONE', *, *, #708, .F. ) ;
#933 = VECTOR ( 'NONE', #678, 1000.000000000000227 ) ;
#934 = CARTESIAN_POINT ( 'NONE',  ( 0.9999999999999995559, -0.09999999999999999167, -0.4999999999999997780 ) ) ;
#935 = FACE_OUTER_BOUND ( 'NONE', #3290, .T. ) ;
#936 =( GEOMETRIC_REPRESENTATION_CONTEXT ( 3 ) GLOBAL_UNCERTAINTY_ASSIGNED_CONTEXT ( ( #1728 ) ) GLOBAL_UNIT_ASSIGNED_CONTEXT ( ( #84, #2063, #366 ) ) REPRESENTATION_CONTEXT ( 'NONE', 'WORKASPACE' ) );
#937 = DIRECTION ( 'NONE',  ( 0.0000000000000000000, -1.000000000000000000, 0.0000000000000000000 ) ) ;
#938 = FILL_AREA_STYLE ('',( #2018 ) ) ;
#939 = FACE_OUTER_BOUND ( 'NONE', #86, .T. ) ;
#940 = ORIENTED_EDGE ( 'NONE', *, *, #1454, .F. ) ;
#941 = ORIENTED_EDGE ( 'NONE', *, *, #1739, .F. ) ;
#942 = PLANE ( 'NONE',  #3119 ) ;
#943 = DIRECTION ( 'NONE',  ( 1.445602896647339706E-15, 0.0000000000000000000, -1.000000000000000000 ) ) ;
#944 = ORIENTED_EDGE ( 'NONE', *, *, #2681, .F. ) ;
#945 = DIRECTION ( 'NONE',  ( 0.0000000000000000000, -1.000000000000000000, 0.0000000000000000000 ) ) ;
#946 = DIRECTION ( 'NONE',  ( 0.0000000000000000000, 0.0000000000000000000, 1.000000000000000000 ) ) ;
#947 = LINE ( 'NONE', #1250, #181 ) ;
#948 =( NAMED_UNIT ( * ) SI_UNIT ( $, .STERADIAN. ) SOLID_ANGLE_UNIT ( ) );
#949 = PRESENTATION_LAYER_ASSIGNMENT (  '', '', ( #555 ) ) ;
#950 = ORIENTED_EDGE ( 'NONE', *, *, #658, .F. ) ;
#951 =( NAMED_UNIT ( * ) SI_UNIT ( $, .STERADIAN. ) SOLID_ANGLE_UNIT ( ) );
#952 = PRESENTATION_LAYER_ASSIGNMENT (  '', '', ( #1156 ) ) ;
#953 = PRESENTATION_STYLE_ASSIGNMENT (( #1556 ) ) ;
#954 = ORIENTED_EDGE ( 'NONE', *, *, #30, .F. ) ;
#955 = CARTESIAN_POINT ( 'NONE',  ( -1.000000000000000222, 0.1499999999999999944, 2.168404344971008868E-16 ) ) ;
#956 = EDGE_LOOP ( 'NONE', ( #2395, #2642, #1051, #7 ) ) ;
#957 = CARTESIAN_POINT ( 'NONE',  ( -1.000000000000000222, 0.1499999999999999944, 2.168404344971008868E-16 ) ) ;
#958 = MECHANICAL_DESIGN_GEOMETRIC_PRESENTATION_REPRESENTATION (  '', ( #563 ), #1161 ) ;
#959 = DIRECTION ( 'NONE',  ( -1.000000000000000000, 0.0000000000000000000, 0.0000000000000000000 ) ) ;
#960 = FACE_OUTER_BOUND ( 'NONE', #498, .T. ) ;
#961 = UNCERTAINTY_MEASURE_WITH_UNIT (LENGTH_MEASURE( 1.000000000000000082E-05 ), #1880, 'distance_accuracy_value', 'NONE');
#962 = EDGE_CURVE ( 'NONE', #2142, #18, #463, .T. ) ;
#963 = VECTOR ( 'NONE', #192, 1000.000000000000000 ) ;
#964 = SURFACE_SIDE_STYLE ('',( #3586 ) ) ;
#965 = CARTESIAN_POINT ( 'NONE',  ( -1.000000000000000222, 0.1499999999999999944, 2.168404344971008868E-16 ) ) ;
#966 =( NAMED_UNIT ( * ) PLANE_ANGLE_UNIT ( ) SI_UNIT ( $, .RADIAN. ) );
#967 = VECTOR ( 'NONE', #1818, 1000.000000000000000 ) ;
#968 = VERTEX_POINT ( 'NONE', #1631 ) ;
#969 = ORIENTED_EDGE ( 'NONE', *, *, #962, .F. ) ;
#970 = CARTESIAN_POINT ( 'NONE',  ( 0.1515544456622766878, -0.5777974510803784991, 0.1403589838486224706 ) ) ;
#971 = DIRECTION ( 'NONE',  ( 1.000000000000000000, -0.0000000000000000000, -0.0000000000000000000 ) ) ;
#972 = DIRECTION ( 'NONE',  ( -1.000000000000000000, 0.0000000000000000000, -0.0000000000000000000 ) ) ;
#973 = EDGE_CURVE ( 'NONE', #3576, #475, #3287, .T. ) ;
#974 = PLANE ( 'NONE',  #401 ) ;
#975 = ORIENTED_EDGE ( 'NONE', *, *, #2510, .F. ) ;
#976 = DIRECTION ( 'NONE',  ( -0.0000000000000000000, -1.000000000000000000, -0.0000000000000000000 ) ) ;
#977 = AXIS2_PLACEMENT_3D ( 'NONE', #2988, #1303, #3252 ) ;
#978 = FILL_AREA_STYLE_COLOUR ( '', #27 ) ;
#979 = CARTESIAN_POINT ( 'NONE',  ( 0.1515544456622766878, -0.09999999999999999167, -0.1403589838486224706 ) ) ;
#980 = CARTESIAN_POINT ( 'NONE',  ( -0.6800301876475773888, 0.5310467191248590124, -0.6050301876475775442 ) ) ;
#981 = ORIENTED_EDGE ( 'NONE', *, *, #2119, .F. ) ;
#982 = EDGE_CURVE ( 'NONE', #1005, #2368, #376, .T. ) ;
#983 = MECHANICAL_DESIGN_GEOMETRIC_PRESENTATION_REPRESENTATION (  '', ( #407 ), #1184 ) ;
#984 = ORIENTED_EDGE ( 'NONE', *, *, #2297, .F. ) ;
#985 = EDGE_CURVE ( 'NONE', #1837, #257, #1807, .T. ) ;
#986 = LINE ( 'NONE', #692, #2394 ) ;
#987 = ORIENTED_EDGE ( 'NONE', *, *, #2720, .F. ) ;
#988 = DIRECTION ( 'NONE',  ( 0.0000000000000000000, 0.0000000000000000000, -1.000000000000000000 ) ) ;
#989 = VECTOR ( 'NONE', #3244, 1000.000000000000000 ) ;
#990 = DIRECTION ( 'NONE',  ( 0.0000000000000000000, -1.000000000000000000, 0.0000000000000000000 ) ) ;
#991 = EDGE_CURVE ( 'NONE', #3178, #3576, #1241, .T. ) ;
#992 = CARTESIAN_POINT ( 'NONE',  ( -0.6999999999999999556, 0.1499999999999999667, 0.1802775637731994229 ) ) ;
#993 = ORIENTED_EDGE ( 'NONE', *, *, #1992, .T. ) ;
#994 = ORIENTED_EDGE ( 'NONE', *, *, #597, .F. ) ;
#995 = CARTESIAN_POINT ( 'NONE',  ( -1.000000000000000222, 0.1499999999999999944, 2.168404344971008868E-16 ) ) ;
#996 = CARTESIAN_POINT ( 'NONE',  ( 0.6999999999999999556, 0.1499999999999999667, -0.2500000000000000000 ) ) ;
#997 = ORIENTED_EDGE ( 'NONE', *, *, #982, .T. ) ;
#998 = EDGE_CURVE ( 'NONE', #711, #3086, #3205, .T. ) ;
#999 = DIRECTION ( 'NONE',  ( -0.5000000000000003331, 0.0000000000000000000, -0.8660254037844385966 ) ) ;
#1000 = SURFACE_STYLE_FILL_AREA ( #3467 ) ;
#1001 = ORIENTED_EDGE ( 'NONE', *, *, #3624, .F. ) ;
#1002 = FACE_OUTER_BOUND ( 'NONE', #2665, .T. ) ;
#1003 = DIRECTION ( 'NONE',  ( 0.0000000000000000000, 0.0000000000000000000, 1.000000000000000000 ) ) ;
#1004 = VECTOR ( 'NONE', #2791, 1000.000000000000000 ) ;
#1005 = VERTEX_POINT ( 'NONE', #2507 ) ;
#1006 = ADVANCED_FACE ( 'NONE', ( #194 ), #2763, .F. ) ;
#1007 = FILL_AREA_STYLE ('',( #1597 ) ) ;
#1008 = VECTOR ( 'NONE', #2429, 1000.000000000000000 ) ;
#1009 = CARTESIAN_POINT ( 'NONE',  ( -0.9999999999999995559, -0.9326237921249266316, -0.2000000000000002331 ) ) ;
#1010 = DIRECTION ( 'NONE',  ( -0.0000000000000000000, -1.000000000000000000, -0.0000000000000000000 ) ) ;
#1011 = AXIS2_PLACEMENT_3D ( 'NONE', #1338, #2187, #1330 ) ;
#1012 = ORIENTED_EDGE ( 'NONE', *, *, #198, .F. ) ;
#1013 = LINE ( 'NONE', #239, #234 ) ;
#1014 = DIRECTION ( 'NONE',  ( -1.000000000000000000, -0.0000000000000000000, -0.0000000000000000000 ) ) ;
#1015 = FACE_OUTER_BOUND ( 'NONE', #1526, .T. ) ;
#1016 = MECHANICAL_DESIGN_GEOMETRIC_PRESENTATION_REPRESENTATION (  '', ( #428 ), #1208 ) ;
#1017 = MECHANICAL_DESIGN_GEOMETRIC_PRESENTATION_REPRESENTATION (  '', ( #429 ), #1209 ) ;
#1018 = DIRECTION ( 'NONE',  ( -0.0000000000000000000, -1.000000000000000000, -0.0000000000000000000 ) ) ;
#1019 = CARTESIAN_POINT ( 'NONE',  ( -0.6999999999999999556, 0.1499999999999999944, 0.2645751311064590827 ) ) ;
#1020 = AXIS2_PLACEMENT_3D ( 'NONE', #524, #2244, #243 ) ;
#1021 =( LENGTH_UNIT ( ) NAMED_UNIT ( * ) SI_UNIT ( .MILLI., .METRE. ) );
#1022 = PLANE ( 'NONE',  #3141 ) ;
#1023 = PLANE ( 'NONE',  #977 ) ;
#1024 = DIRECTION ( 'NONE',  ( -0.0000000000000000000, -1.000000000000000000, -0.0000000000000000000 ) ) ;
#1025 = ADVANCED_FACE ( 'NONE', ( #1712 ), #1379, .T. ) ;
#1026 = EDGE_CURVE ( 'NONE', #1441, #771, #694, .T. ) ;
#1027 = ORIENTED_EDGE ( 'NONE', *, *, #6, .F. ) ;
#1028 = DIRECTION ( 'NONE',  ( 1.000000000000000000, 0.0000000000000000000, 0.0000000000000000000 ) ) ;
#1029 = LINE ( 'NONE', #3206, #2527 ) ;
#1030 = EDGE_CURVE ( 'NONE', #2480, #573, #3592, .T. ) ;
#1031 = DIRECTION ( 'NONE',  ( 0.0000000000000000000, 1.000000000000000000, 0.0000000000000000000 ) ) ;
#1032 = LINE ( 'NONE', #1655, #3176 ) ;
#1033 = PRESENTATION_STYLE_ASSIGNMENT (( #1097 ) ) ;
#1034 =( NAMED_UNIT ( * ) SI_UNIT ( $, .STERADIAN. ) SOLID_ANGLE_UNIT ( ) );
#1035 = VERTEX_POINT ( 'NONE', #312 ) ;
#1036 = AXIS2_PLACEMENT_3D ( 'NONE', #2437, #299, #3437 ) ;
#1037 = CARTESIAN_POINT ( 'NONE',  ( -1.000000000000000000, 0.1499999999999999667, 0.3500000000000002554 ) ) ;
#1038 = CARTESIAN_POINT ( 'NONE',  ( -0.5999999999999999778, 0.1499999999999999944, 0.2060315014550845869 ) ) ;
#1039 = EDGE_LOOP ( 'NONE', ( #850, #1082, #3358, #571 ) ) ;
#1040 = EDGE_CURVE ( 'NONE', #2573, #2705, #2111, .T. ) ;
#1041 =( NAMED_UNIT ( * ) SI_UNIT ( $, .STERADIAN. ) SOLID_ANGLE_UNIT ( ) );
#1042 = UNCERTAINTY_MEASURE_WITH_UNIT (LENGTH_MEASURE( 1.000000000000000082E-05 ), #284, 'distance_accuracy_value', 'NONE');
#1043 = DIRECTION ( 'NONE',  ( 0.0000000000000000000, 0.0000000000000000000, -1.000000000000000000 ) ) ;
#1044 = VERTEX_POINT ( 'NONE', #3344 ) ;
#1045 = LINE ( 'NONE', #384, #269 ) ;
#1046 = CARTESIAN_POINT ( 'NONE',  ( -0.6571428571428571397, 0.09999999999999999167, 0.2060315014550850032 ) ) ;
#1047 = ORIENTED_EDGE ( 'NONE', *, *, #1607, .F. ) ;
#1048 = EDGE_LOOP ( 'NONE', ( #3185, #2582, #293, #1497 ) ) ;
#1049 = ORIENTED_EDGE ( 'NONE', *, *, #2030, .F. ) ;
#1050 = SURFACE_STYLE_FILL_AREA ( #2373 ) ;
#1051 = ORIENTED_EDGE ( 'NONE', *, *, #65, .T. ) ;
#1052 =( NAMED_UNIT ( * ) PLANE_ANGLE_UNIT ( ) SI_UNIT ( $, .RADIAN. ) );
#1053 = STYLED_ITEM ( 'NONE', ( #3357 ), #2285 ) ;
#1054 = CARTESIAN_POINT ( 'NONE',  ( 0.1215544456622766889, -0.09999999999999999167, -0.1576794919243112436 ) ) ;
#1055 = EDGE_CURVE ( 'NONE', #1044, #1441, #2764, .T. ) ;
#1056 = ORIENTED_EDGE ( 'NONE', *, *, #788, .F. ) ;
#1057 = SURFACE_STYLE_USAGE ( .BOTH. , #3015 ) ;
#1058 = CYLINDRICAL_SURFACE ( 'NONE', #52, 0.02000000000000003858 ) ;
#1059 = AXIS2_PLACEMENT_3D ( 'NONE', #1667, #3198, #2631 ) ;
#1060 = CARTESIAN_POINT ( 'NONE',  ( 0.1515544456622766878, -0.1499999999999999944, -0.1403589838486224706 ) ) ;
#1061 = EDGE_CURVE ( 'NONE', #1321, #1620, #504, .T. ) ;
#1062 = SURFACE_SIDE_STYLE ('',( #1583 ) ) ;
#1063 = EDGE_CURVE ( 'NONE', #1825, #108, #596, .T. ) ;
#1064 = PRESENTATION_STYLE_ASSIGNMENT (( #548 ) ) ;
#1065 = CARTESIAN_POINT ( 'NONE',  ( -1.000000000000000222, 0.1499999999999999944, -0.6249999999999997780 ) ) ;
#1066 = CARTESIAN_POINT ( 'NONE',  ( -1.000000000000000222, 0.09999999999999999167, 2.168404344971008868E-16 ) ) ;
#1067 = DIRECTION ( 'NONE',  ( 0.0000000000000000000, 0.0000000000000000000, -1.000000000000000000 ) ) ;
#1068 = LINE ( 'NONE', #1267, #3207 ) ;
#1069 = EDGE_LOOP ( 'NONE', ( #485, #1404, #130, #1500 ) ) ;
#1070 = VERTEX_POINT ( 'NONE', #2790 ) ;
#1071 = DIRECTION ( 'NONE',  ( -1.000000000000000000, 0.0000000000000000000, 0.0000000000000000000 ) ) ;
#1072 = FILL_AREA_STYLE_COLOUR ( '', #3433 ) ;
#1073 = SURFACE_SIDE_STYLE ('',( #1128 ) ) ;
#1074 = VERTEX_POINT ( 'NONE', #470 ) ;
#1075 = DIRECTION ( 'NONE',  ( 0.0000000000000000000, 0.0000000000000000000, -1.000000000000000000 ) ) ;
#1076 = FILL_AREA_STYLE_COLOUR ( '', #2834 ) ;
#1077 = DIRECTION ( 'NONE',  ( -1.000000000000000000, 0.0000000000000000000, 0.0000000000000000000 ) ) ;
#1078 = PRESENTATION_LAYER_ASSIGNMENT (  '', '', ( #684 ) ) ;
#1079 = ORIENTED_EDGE ( 'NONE', *, *, #3341, .F. ) ;
#1080 = SURFACE_STYLE_USAGE ( .BOTH. , #3033 ) ;
#1081 = LINE ( 'NONE', #2907, #1646 ) ;
#1082 = ORIENTED_EDGE ( 'NONE', *, *, #2978, .F. ) ;
#1083 = FACE_OUTER_BOUND ( 'NONE', #3598, .T. ) ;
#1084 =( NAMED_UNIT ( * ) SI_UNIT ( $, .STERADIAN. ) SOLID_ANGLE_UNIT ( ) );
#1085 = AXIS2_PLACEMENT_3D ( 'NONE', #811, #3047, #1294 ) ;
#1086 = ORIENTED_EDGE ( 'NONE', *, *, #2168, .F. ) ;
#1087 = DIRECTION ( 'NONE',  ( 0.0000000000000000000, 0.0000000000000000000, 1.000000000000000000 ) ) ;
#1088 = UNCERTAINTY_MEASURE_WITH_UNIT (LENGTH_MEASURE( 1.000000000000000082E-05 ), #3508, 'distance_accuracy_value', 'NONE');
#1089 = VERTEX_POINT ( 'NONE', #3079 ) ;
#1090 = CARTESIAN_POINT ( 'NONE',  ( 0.1215544456622767028, -0.5777974510803784991, 0.1576794919243112436 ) ) ;
#1091 = DIRECTION ( 'NONE',  ( 0.0000000000000000000, 0.0000000000000000000, -1.000000000000000000 ) ) ;
#1092 =( NAMED_UNIT ( * ) PLANE_ANGLE_UNIT ( ) SI_UNIT ( $, .RADIAN. ) );
#1093 = VECTOR ( 'NONE', #820, 1000.000000000000000 ) ;
#1094 = ORIENTED_EDGE ( 'NONE', *, *, #2574, .T. ) ;
#1095 = PRODUCT_DEFINITION_CONTEXT ( 'detailed design', #158, 'design' ) ;
#1096 = DIRECTION ( 'NONE',  ( 0.0000000000000000000, 0.0000000000000000000, -1.000000000000000000 ) ) ;
#1097 = SURFACE_STYLE_USAGE ( .BOTH. , #2765 ) ;
#1098 = ORIENTED_EDGE ( 'NONE', *, *, #519, .F. ) ;
#1099 = ORIENTED_EDGE ( 'NONE', *, *, #3268, .T. ) ;
#1100 = FILL_AREA_STYLE_COLOUR ( '', #2626 ) ;
#1101 = CARTESIAN_POINT ( 'NONE',  ( 0.1315544456622766700, -0.09999999999999999167, 0.1403589838486224151 ) ) ;
#1102 = ORIENTED_EDGE ( 'NONE', *, *, #867, .F. ) ;
#1103 = CIRCLE ( 'NONE', #2329, 0.01999999999999999695 ) ;
#1104 = PLANE ( 'NONE',  #3251 ) ;
#1105 = DIRECTION ( 'NONE',  ( 0.0000000000000000000, -0.0000000000000000000, -1.000000000000000000 ) ) ;
#1106 = FILL_AREA_STYLE ('',( #903 ) ) ;
#1107 = FILL_AREA_STYLE ('',( #3618 ) ) ;
#1108 = CARTESIAN_POINT ( 'NONE',  ( 1.400000000000000577, -0.09999999999999999167, 0.5000000000000002220 ) ) ;
#1109 = EDGE_CURVE ( 'NONE', #3343, #1902, #1316, .T. ) ;
#1110 = DIRECTION ( 'NONE',  ( 1.000000000000000000, 0.0000000000000000000, 1.897353801849628421E-15 ) ) ;
#1111 = SURFACE_STYLE_FILL_AREA ( #2678 ) ;
#1112 = CARTESIAN_POINT ( 'NONE',  ( -1.000000000000000000, 0.09999999999999999167, 0.6250000000000002220 ) ) ;
#1113 = FILL_AREA_STYLE ('',( #3060 ) ) ;
#1114 = CARTESIAN_POINT ( 'NONE',  ( -0.6999999999999999556, 0.1499999999999999944, -0.6250000000000002220 ) ) ;
#1115 = DIRECTION ( 'NONE',  ( -1.000000000000000000, 0.0000000000000000000, 0.0000000000000000000 ) ) ;
#1116 = PRESENTATION_LAYER_ASSIGNMENT (  '', '', ( #911 ) ) ;
#1117 = UNCERTAINTY_MEASURE_WITH_UNIT (LENGTH_MEASURE( 1.000000000000000082E-05 ), #3648, 'distance_accuracy_value', 'NONE');
#1118 = FILL_AREA_STYLE ('',( #3318 ) ) ;
#1119 = DIRECTION ( 'NONE',  ( 0.0000000000000000000, 1.000000000000000000, 0.0000000000000000000 ) ) ;
#1120 = SURFACE_STYLE_USAGE ( .BOTH. , #1418 ) ;
#1121 = DIRECTION ( 'NONE',  ( 0.0000000000000000000, -0.0000000000000000000, -1.000000000000000000 ) ) ;
#1122 = EDGE_CURVE ( 'NONE', #731, #1787, #427, .T. ) ;
#1123 = EDGE_LOOP ( 'NONE', ( #2827, #3410, #898, #732, #1927, #2964, #1843, #382 ) ) ;
#1124 = SURFACE_STYLE_USAGE ( .BOTH. , #1593 ) ;
#1125 = DIRECTION ( 'NONE',  ( 1.000000000000000000, -0.0000000000000000000, -0.0000000000000000000 ) ) ;
#1126 = ORIENTED_EDGE ( 'NONE', *, *, #962, .T. ) ;
#1127 = ORIENTED_EDGE ( 'NONE', *, *, #982, .F. ) ;
#1128 = SURFACE_STYLE_FILL_AREA ( #2744 ) ;
#1129 = DIRECTION ( 'NONE',  ( 0.0000000000000000000, 0.0000000000000000000, 1.000000000000000000 ) ) ;
#1130 =( LENGTH_UNIT ( ) NAMED_UNIT ( * ) SI_UNIT ( .MILLI., .METRE. ) );
#1131 = MECHANICAL_DESIGN_GEOMETRIC_PRESENTATION_REPRESENTATION (  '', ( #738 ), #1318 ) ;
#1132 = CARTESIAN_POINT ( 'NONE',  ( 0.9999999999999995559, -1.227032961426900881, 0.5000000000000002220 ) ) ;
#1133 = DIRECTION ( 'NONE',  ( 1.445602896647339706E-15, 0.0000000000000000000, -1.000000000000000000 ) ) ;
#1134 = ORIENTED_EDGE ( 'NONE', *, *, #1792, .T. ) ;
#1135 = PLANE ( 'NONE',  #3210 ) ;
#1136 = FACE_OUTER_BOUND ( 'NONE', #2050, .T. ) ;
#1137 = ORIENTED_EDGE ( 'NONE', *, *, #1550, .T. ) ;
#1138 = ORIENTED_EDGE ( 'NONE', *, *, #250, .T. ) ;
#1139 = VECTOR ( 'NONE', #1336, 1000.000000000000000 ) ;
#1140 = DIRECTION ( 'NONE',  ( 0.0000000000000000000, -1.000000000000000000, 0.0000000000000000000 ) ) ;
#1141 = VECTOR ( 'NONE', #1143, 1000.000000000000000 ) ;
#1142 = ORIENTED_EDGE ( 'NONE', *, *, #2783, .F. ) ;
#1143 = DIRECTION ( 'NONE',  ( 0.0000000000000000000, 0.0000000000000000000, 1.000000000000000000 ) ) ;
#1144 = PRESENTATION_STYLE_ASSIGNMENT (( #1124 ) ) ;
#1145 = ORIENTED_EDGE ( 'NONE', *, *, #3124, .F. ) ;
#1146 = DIRECTION ( 'NONE',  ( -0.05226442768871396305, -0.9972646886342372285, 0.05226442768871395611 ) ) ;
#1147 = ADVANCED_FACE ( 'NONE', ( #3332 ), #331, .T. ) ;
#1148 = VECTOR ( 'NONE', #298, 1000.000000000000000 ) ;
#1149 = DIRECTION ( 'NONE',  ( -0.0000000000000000000, -1.000000000000000000, -0.0000000000000000000 ) ) ;
#1150 = SURFACE_SIDE_STYLE ('',( #1612 ) ) ;
#1151 = MECHANICAL_DESIGN_GEOMETRIC_PRESENTATION_REPRESENTATION (  '', ( #555 ), #1337 ) ;
#1152 = CARTESIAN_POINT ( 'NONE',  ( -0.9999999999999995559, 0.1499999999999999944, 0.2000000000000002331 ) ) ;
#1153 = ADVANCED_FACE ( 'NONE', ( #3414 ), #3155, .F. ) ;
#1154 = DIRECTION ( 'NONE',  ( 0.0000000000000000000, 0.0000000000000000000, 1.000000000000000000 ) ) ;
#1155 = VECTOR ( 'NONE', #2205, 1000.000000000000000 ) ;
#1156 = STYLED_ITEM ( 'NONE', ( #280 ), #2457 ) ;
#1157 = LINE ( 'NONE', #2074, #2564 ) ;
#1158 = ORIENTED_EDGE ( 'NONE', *, *, #1814, .F. ) ;
#1159 = MANIFOLD_SOLID_BREP ( 'Boss-Extrude6', #1796 ) ;
#1160 =( GEOMETRIC_REPRESENTATION_CONTEXT ( 3 ) GLOBAL_UNCERTAINTY_ASSIGNED_CONTEXT ( ( #2615 ) ) GLOBAL_UNIT_ASSIGNED_CONTEXT ( ( #2845, #3129, #594 ) ) REPRESENTATION_CONTEXT ( 'NONE', 'WORKASPACE' ) );
#1161 =( GEOMETRIC_REPRESENTATION_CONTEXT ( 3 ) GLOBAL_UNCERTAINTY_ASSIGNED_CONTEXT ( ( #95 ) ) GLOBAL_UNIT_ASSIGNED_CONTEXT ( ( #674, #96, #1538 ) ) REPRESENTATION_CONTEXT ( 'NONE', 'WORKASPACE' ) );
#1162 = ADVANCED_FACE ( 'NONE', ( #1853 ), #2716, .F. ) ;
#1163 =( NAMED_UNIT ( * ) PLANE_ANGLE_UNIT ( ) SI_UNIT ( $, .RADIAN. ) );
#1164 = ORIENTED_EDGE ( 'NONE', *, *, #1494, .T. ) ;
#1165 = EDGE_CURVE ( 'NONE', #417, #1820, #3463, .T. ) ;
#1166 = DIRECTION ( 'NONE',  ( 0.0000000000000000000, 0.0000000000000000000, -1.000000000000000000 ) ) ;
#1167 = CARTESIAN_POINT ( 'NONE',  ( -0.1215544456622767305, -0.09999999999999999167, -0.01732050807568881121 ) ) ;
#1168 = PRESENTATION_STYLE_ASSIGNMENT (( #4 ) ) ;
#1169 = ORIENTED_EDGE ( 'NONE', *, *, #1617, .F. ) ;
#1170 = PRESENTATION_STYLE_ASSIGNMENT (( #1957 ) ) ;
#1171 = VERTEX_POINT ( 'NONE', #2804 ) ;
#1172 = LINE ( 'NONE', #1090, #2654 ) ;
#1173 = ADVANCED_FACE ( 'NONE', ( #1240 ), #3551, .F. ) ;
#1174 = VERTEX_POINT ( 'NONE', #3506 ) ;
#1175 = VERTEX_POINT ( 'NONE', #3459 ) ;
#1176 = AXIS2_PLACEMENT_3D ( 'NONE', #801, #2501, #1425 ) ;
#1177 = EDGE_CURVE ( 'NONE', #3178, #2271, #1707, .T. ) ;
#1178 = CARTESIAN_POINT ( 'NONE',  ( -0.6571428571428571397, 0.09999999999999999167, 0.2060315014550850032 ) ) ;
#1179 = DIRECTION ( 'NONE',  ( 1.000000000000000000, 0.0000000000000000000, 0.0000000000000000000 ) ) ;
#1180 = AXIS2_PLACEMENT_3D ( 'NONE', #745, #2714, #1043 ) ;
#1181 = ORIENTED_EDGE ( 'NONE', *, *, #2309, .T. ) ;
#1182 = EDGE_CURVE ( 'NONE', #2888, #2676, #551, .T. ) ;
#1183 = ADVANCED_FACE ( 'NONE', ( #960 ), #2378, .T. ) ;
#1184 =( GEOMETRIC_REPRESENTATION_CONTEXT ( 3 ) GLOBAL_UNCERTAINTY_ASSIGNED_CONTEXT ( ( #3097 ) ) GLOBAL_UNIT_ASSIGNED_CONTEXT ( ( #609, #1092, #3642 ) ) REPRESENTATION_CONTEXT ( 'NONE', 'WORKASPACE' ) );
#1185 = ORIENTED_EDGE ( 'NONE', *, *, #1937, .T. ) ;
#1186 = EDGE_CURVE ( 'NONE', #1348, #18, #2848, .T. ) ;
#1187 = VERTEX_POINT ( 'NONE', #2633 ) ;
#1188 = EDGE_CURVE ( 'NONE', #3189, #2673, #593, .T. ) ;
#1189 = ORIENTED_EDGE ( 'NONE', *, *, #1990, .T. ) ;
#1190 = ORIENTED_EDGE ( 'NONE', *, *, #3294, .F. ) ;
#1191 = DIRECTION ( 'NONE',  ( 0.0000000000000000000, 0.0000000000000000000, 1.000000000000000000 ) ) ;
#1192 = VECTOR ( 'NONE', #1075, 1000.000000000000000 ) ;
#1193 = CARTESIAN_POINT ( 'NONE',  ( -0.5999999999999999778, 0.1499999999999999944, 0.2060315014550845869 ) ) ;
#1194 = PRESENTATION_STYLE_ASSIGNMENT (( #371 ) ) ;
#1195 = EDGE_CURVE ( 'NONE', #1343, #3189, #1376, .T. ) ;
#1196 = SURFACE_STYLE_USAGE ( .BOTH. , #741 ) ;
#1197 = ORIENTED_EDGE ( 'NONE', *, *, #1254, .T. ) ;
#1198 = DIRECTION ( 'NONE',  ( 0.0000000000000000000, 0.0000000000000000000, 1.000000000000000000 ) ) ;
#1199 = VECTOR ( 'NONE', #1997, 1000.000000000000000 ) ;
#1200 = ADVANCED_FACE ( 'NONE', ( #2760 ), #1916, .F. ) ;
#1201 = ORIENTED_EDGE ( 'NONE', *, *, #1962, .F. ) ;
#1202 = AXIS2_PLACEMENT_3D ( 'NONE', #472, #1028, #1096 ) ;
#1203 = DIRECTION ( 'NONE',  ( 0.0000000000000000000, 0.0000000000000000000, -1.000000000000000000 ) ) ;
#1204 = PLANE ( 'NONE',  #3095 ) ;
#1205 = VECTOR ( 'NONE', #3340, 1000.000000000000000 ) ;
#1206 = UNCERTAINTY_MEASURE_WITH_UNIT (LENGTH_MEASURE( 1.000000000000000082E-05 ), #3260, 'distance_accuracy_value', 'NONE');
#1207 = DIRECTION ( 'NONE',  ( 0.0000000000000000000, 0.0000000000000000000, 1.000000000000000000 ) ) ;
#1208 =( GEOMETRIC_REPRESENTATION_CONTEXT ( 3 ) GLOBAL_UNCERTAINTY_ASSIGNED_CONTEXT ( ( #1357 ) ) GLOBAL_UNIT_ASSIGNED_CONTEXT ( ( #1945, #244, #2245 ) ) REPRESENTATION_CONTEXT ( 'NONE', 'WORKASPACE' ) );
#1209 =( GEOMETRIC_REPRESENTATION_CONTEXT ( 3 ) GLOBAL_UNCERTAINTY_ASSIGNED_CONTEXT ( ( #2452 ) ) GLOBAL_UNIT_ASSIGNED_CONTEXT ( ( #3436, #2881, #323 ) ) REPRESENTATION_CONTEXT ( 'NONE', 'WORKASPACE' ) );
#1210 = DIRECTION ( 'NONE',  ( 0.0000000000000000000, 0.0000000000000000000, -1.000000000000000000 ) ) ;
#1211 = ORIENTED_EDGE ( 'NONE', *, *, #3286, .T. ) ;
#1212 = CARTESIAN_POINT ( 'NONE',  ( -0.5999999999999998668, 0.09999999999999999167, 0.6250000000000002220 ) ) ;
#1213 = CARTESIAN_POINT ( 'NONE',  ( 0.9999999999999995559, 0.1499999999999999944, -0.4999999999999997780 ) ) ;
#1214 = ORIENTED_EDGE ( 'NONE', *, *, #3341, .T. ) ;
#1215 = FACE_OUTER_BOUND ( 'NONE', #2083, .T. ) ;
#1216 = PLANE ( 'NONE',  #1905 ) ;
#1217 = DIRECTION ( 'NONE',  ( 0.0000000000000000000, 0.0000000000000000000, -1.000000000000000000 ) ) ;
#1218 = ADVANCED_FACE ( 'NONE', ( #1015 ), #409, .F. ) ;
#1219 = EDGE_CURVE ( 'NONE', #2115, #1035, #240, .T. ) ;
#1220 = PLANE ( 'NONE',  #1519 ) ;
#1221 = CARTESIAN_POINT ( 'NONE',  ( -0.5999999999999999778, 0.09999999999999999167, -0.2060315014550845869 ) ) ;
#1222 = ORIENTED_EDGE ( 'NONE', *, *, #1454, .T. ) ;
#1223 = AXIS2_PLACEMENT_3D ( 'NONE', #2775, #2874, #2603 ) ;
#1224 = EDGE_CURVE ( 'NONE', #3545, #2833, #1756, .T. ) ;
#1225 = DIRECTION ( 'NONE',  ( 0.0000000000000000000, 0.0000000000000000000, 1.000000000000000000 ) ) ;
#1226 = VECTOR ( 'NONE', #697, 999.9999999999998863 ) ;
#1227 = VERTEX_POINT ( 'NONE', #2526 ) ;
#1228 = VECTOR ( 'NONE', #2747, 1000.000000000000000 ) ;
#1229 = LINE ( 'NONE', #3356, #2624 ) ;
#1230 = ORIENTED_EDGE ( 'NONE', *, *, #467, .F. ) ;
#1231 = LINE ( 'NONE', #502, #1317 ) ;
#1232 = CARTESIAN_POINT ( 'NONE',  ( -0.5999999999999999778, 0.1499999999999999944, -0.2060315014550845869 ) ) ;
#1233 = AXIS2_PLACEMENT_3D ( 'NONE', #1193, #904, #3424 ) ;
#1234 = ORIENTED_EDGE ( 'NONE', *, *, #1055, .T. ) ;
#1235 = EDGE_LOOP ( 'NONE', ( #98, #3138, #3584, #2695 ) ) ;
#1236 = CARTESIAN_POINT ( 'NONE',  ( 0.0000000000000000000, 0.1499999999999999944, 0.0000000000000000000 ) ) ;
#1237 = DIRECTION ( 'NONE',  ( -1.000000000000000000, 0.0000000000000000000, -2.587789240124152535E-16 ) ) ;
#1238 = EDGE_CURVE ( 'NONE', #15, #2382, #3243, .T. ) ;
#1239 = VECTOR ( 'NONE', #2601, 1000.000000000000000 ) ;
#1240 = FACE_OUTER_BOUND ( 'NONE', #1611, .T. ) ;
#1241 = LINE ( 'NONE', #499, #2468 ) ;
#1242 = PLANE ( 'NONE',  #2813 ) ;
#1243 = CARTESIAN_POINT ( 'NONE',  ( -0.5999999999999999778, 0.09999999999999999167, -0.2060315014550845869 ) ) ;
#1244 = DIRECTION ( 'NONE',  ( 1.084202172485503448E-15, -0.0000000000000000000, 1.000000000000000000 ) ) ;
#1245 = AXIS2_PLACEMENT_3D ( 'NONE', #1797, #91, #881 ) ;
#1246 = EDGE_CURVE ( 'NONE', #387, #1525, #2419, .T. ) ;
#1247 = DIRECTION ( 'NONE',  ( 0.0000000000000000000, 0.0000000000000000000, 1.000000000000000000 ) ) ;
#1248 = MECHANICAL_DESIGN_GEOMETRIC_PRESENTATION_REPRESENTATION (  '', ( #860 ), #1449 ) ;
#1249 = SURFACE_STYLE_USAGE ( .BOTH. , #2919 ) ;
#1250 = CARTESIAN_POINT ( 'NONE',  ( -0.6600575969524858921, 0.5500000000000000444, 0.0000000000000000000 ) ) ;
#1251 = CARTESIAN_POINT ( 'NONE',  ( -0.5999999999999999778, -0.09999999999999999167, 0.5000000000000002220 ) ) ;
#1252 = EDGE_CURVE ( 'NONE', #104, #2607, #3158, .T. ) ;
#1253 = ORIENTED_EDGE ( 'NONE', *, *, #2376, .F. ) ;
#1254 = EDGE_CURVE ( 'NONE', #2748, #3266, #917, .T. ) ;
#1255 = LINE ( 'NONE', #2331, #1989 ) ;
#1256 = AXIS2_PLACEMENT_3D ( 'NONE', #2680, #1590, #3535 ) ;
#1257 = ORIENTED_EDGE ( 'NONE', *, *, #2367, .T. ) ;
#1258 = CARTESIAN_POINT ( 'NONE',  ( 0.9999999999999995559, -0.1000000000000000472, 0.2000000000000002331 ) ) ;
#1259 = DIRECTION ( 'NONE',  ( -1.000000000000000000, 0.0000000000000000000, 1.084202172485503448E-15 ) ) ;
#1260 = ORIENTED_EDGE ( 'NONE', *, *, #2241, .T. ) ;
#1261 = ORIENTED_EDGE ( 'NONE', *, *, #2376, .T. ) ;
#1262 =( NAMED_UNIT ( * ) PLANE_ANGLE_UNIT ( ) SI_UNIT ( $, .RADIAN. ) );
#1263 = CARTESIAN_POINT ( 'NONE',  ( 0.9999999999999995559, -0.09999999999999999167, -0.4999999999999997780 ) ) ;
#1264 = EDGE_LOOP ( 'NONE', ( #1230, #2257, #1214, #2408 ) ) ;
#1265 = CARTESIAN_POINT ( 'NONE',  ( 0.6999999999999999556, 0.1499999999999999944, -0.6250000000000002220 ) ) ;
#1266 = ORIENTED_EDGE ( 'NONE', *, *, #1726, .F. ) ;
#1267 = CARTESIAN_POINT ( 'NONE',  ( -1.000000000000000000, -1.227032961426901325, 0.5000000000000002220 ) ) ;
#1268 = LINE ( 'NONE', #2377, #2745 ) ;
#1269 = DIRECTION ( 'NONE',  ( -1.000000000000000000, 0.0000000000000000000, 0.0000000000000000000 ) ) ;
#1270 = MECHANICAL_DESIGN_GEOMETRIC_PRESENTATION_REPRESENTATION (  '', ( #684 ), #1474 ) ;
#1271 = ORIENTED_EDGE ( 'NONE', *, *, #2314, .T. ) ;
#1272 = ORIENTED_EDGE ( 'NONE', *, *, #3486, .F. ) ;
#1273 = CARTESIAN_POINT ( 'NONE',  ( 0.1215544456622767028, -0.1499999999999999667, 0.1576794919243112436 ) ) ;
#1274 = FACE_OUTER_BOUND ( 'NONE', #813, .T. ) ;
#1275 = CARTESIAN_POINT ( 'NONE',  ( 0.9999999999999995559, 0.09999999999999999167, -0.2000000000000002331 ) ) ;
#1276 = LINE ( 'NONE', #241, #3152 ) ;
#1277 = ORIENTED_EDGE ( 'NONE', *, *, #68, .F. ) ;
#1278 = ORIENTED_EDGE ( 'NONE', *, *, #246, .F. ) ;
#1279 = VECTOR ( 'NONE', #3319, 1000.000000000000000 ) ;
#1280 = CARTESIAN_POINT ( 'NONE',  ( 0.9999999999999995559, 0.7330951894845298966, 0.2500000000000000000 ) ) ;
#1281 = AXIS2_PLACEMENT_3D ( 'NONE', #763, #2459, #1333 ) ;
#1282 = FILL_AREA_STYLE ('',( #2104 ) ) ;
#1283 = PRESENTATION_STYLE_ASSIGNMENT (( #1196 ) ) ;
#1284 = DIRECTION ( 'NONE',  ( 1.000000000000000000, 0.0000000000000000000, 0.0000000000000000000 ) ) ;
#1285 = VECTOR ( 'NONE', #375, 1000.000000000000000 ) ;
#1286 = PLANE ( 'NONE',  #1875 ) ;
#1287 = PLANE ( 'NONE',  #718 ) ;
#1288 = CARTESIAN_POINT ( 'NONE',  ( 0.6999999999999999556, 0.1499999999999999944, 0.2500000000000000000 ) ) ;
#1289 = LINE ( 'NONE', #2497, #1205 ) ;
#1290 = FILL_AREA_STYLE_COLOUR ( '', #1339 ) ;
#1291 = DIRECTION ( 'NONE',  ( -0.0000000000000000000, 1.000000000000000000, -0.0000000000000000000 ) ) ;
#1292 = CARTESIAN_POINT ( 'NONE',  ( 0.1215544456622767028, -0.1499999999999999667, 0.1576794919243112436 ) ) ;
#1293 = EDGE_CURVE ( 'NONE', #2092, #2052, #1592, .T. ) ;
#1294 = DIRECTION ( 'NONE',  ( -0.05233595624294389015, -0.9986295347545739443, 0.0000000000000000000 ) ) ;
#1295 = PRESENTATION_STYLE_ASSIGNMENT (( #1080 ) ) ;
#1296 = VERTEX_POINT ( 'NONE', #1019 ) ;
#1297 = MECHANICAL_DESIGN_GEOMETRIC_PRESENTATION_REPRESENTATION (  '', ( #911 ), #1498 ) ;
#1298 = SURFACE_STYLE_FILL_AREA ( #2207 ) ;
#1299 = ADVANCED_FACE ( 'NONE', ( #1511 ), #1587, .F. ) ;
#1300 =( NAMED_UNIT ( * ) SI_UNIT ( $, .STERADIAN. ) SOLID_ANGLE_UNIT ( ) );
#1301 = DIRECTION ( 'NONE',  ( 0.0000000000000000000, -0.0000000000000000000, 1.000000000000000000 ) ) ;
#1302 = LINE ( 'NONE', #3440, #2614 ) ;
#1303 = DIRECTION ( 'NONE',  ( -1.000000000000000000, 0.0000000000000000000, 2.587789240124152535E-16 ) ) ;
#1304 = ORIENTED_EDGE ( 'NONE', *, *, #467, .T. ) ;
#1305 = CARTESIAN_POINT ( 'NONE',  ( -1.000000000000000222, -0.09999999999999999167, 2.168404344971008868E-16 ) ) ;
#1306 = VERTEX_POINT ( 'NONE', #3430 ) ;
#1307 = EDGE_CURVE ( 'NONE', #3576, #1044, #67, .T. ) ;
#1308 = VECTOR ( 'NONE', #450, 1000.000000000000000 ) ;
#1309 = VERTEX_POINT ( 'NONE', #1037 ) ;
#1310 = DIRECTION ( 'NONE',  ( 0.0000000000000000000, 0.0000000000000000000, 1.000000000000000000 ) ) ;
#1311 = CIRCLE ( 'NONE', #3005, 0.02000000000000002470 ) ;
#1312 = CARTESIAN_POINT ( 'NONE',  ( 0.1315544456622766700, -0.09999999999999999167, 0.1403589838486224151 ) ) ;
#1313 = VECTOR ( 'NONE', #1448, 1000.000000000000000 ) ;
#1314 = VERTEX_POINT ( 'NONE', #459 ) ;
#1315 = SURFACE_STYLE_USAGE ( .BOTH. , #2689 ) ;
#1316 =( BOUNDED_CURVE ( )  B_SPLINE_CURVE ( 3, ( #2965, #1558, #2643, #2538 ),
 .UNSPECIFIED., .F., .F. ) 
 B_SPLINE_CURVE_WITH_KNOTS ( ( 4, 4 ),
 ( 4.712388980384695003, 6.230825429619748057 ),
 .UNSPECIFIED. ) 
 CURVE ( )  GEOMETRIC_REPRESENTATION_ITEM ( )  RATIONAL_B_SPLINE_CURVE ( ( 1.000000000000000000, 0.8169162473415282344, 0.8169162473415282344, 1.000000000000000000 ) ) 
 REPRESENTATION_ITEM ( '' )  );
#1317 = VECTOR ( 'NONE', #2754, 1000.000000000000000 ) ;
#1318 =( GEOMETRIC_REPRESENTATION_CONTEXT ( 3 ) GLOBAL_UNCERTAINTY_ASSIGNED_CONTEXT ( ( #3295 ) ) GLOBAL_UNIT_ASSIGNED_CONTEXT ( ( #2787, #2221, #220 ) ) REPRESENTATION_CONTEXT ( 'NONE', 'WORKASPACE' ) );
#1319 = ORIENTED_EDGE ( 'NONE', *, *, #1450, .F. ) ;
#1320 = COLOUR_RGB ( '',1.000000000000000000, 1.000000000000000000, 1.000000000000000000 ) ;
#1321 = VERTEX_POINT ( 'NONE', #2061 ) ;
#1322 = DIRECTION ( 'NONE',  ( 0.0000000000000000000, 0.0000000000000000000, -1.000000000000000000 ) ) ;
#1323 = VECTOR ( 'NONE', #2311, 1000.000000000000000 ) ;
#1324 = LINE ( 'NONE', #3193, #1239 ) ;
#1325 = DIRECTION ( 'NONE',  ( 0.0000000000000000000, 1.000000000000000000, 0.0000000000000000000 ) ) ;
#1326 = AXIS2_PLACEMENT_3D ( 'NONE', #100, #2073, #379 ) ;
#1327 = SURFACE_SIDE_STYLE ('',( #2060 ) ) ;
#1328 = VECTOR ( 'NONE', #187, 1000.000000000000000 ) ;
#1329 = CARTESIAN_POINT ( 'NONE',  ( 0.1315544456622766978, -0.1499999999999999667, -0.1403589838486224706 ) ) ;
#1330 = DIRECTION ( 'NONE',  ( 0.0000000000000000000, 0.0000000000000000000, 1.000000000000000000 ) ) ;
#1331 = CARTESIAN_POINT ( 'NONE',  ( -0.5999999999999999778, -0.09999999999999999167, 0.5000000000000002220 ) ) ;
#1332 = DIRECTION ( 'NONE',  ( 1.000000000000000000, 0.0000000000000000000, 0.0000000000000000000 ) ) ;
#1333 = DIRECTION ( 'NONE',  ( 1.858632295689436004E-15, 0.0000000000000000000, -1.000000000000000000 ) ) ;
#1334 = PLANE ( 'NONE',  #613 ) ;
#1335 = FILL_AREA_STYLE_COLOUR ( '', #1320 ) ;
#1336 = DIRECTION ( 'NONE',  ( -0.0000000000000000000, 1.000000000000000000, -0.0000000000000000000 ) ) ;
#1337 =( GEOMETRIC_REPRESENTATION_CONTEXT ( 3 ) GLOBAL_UNCERTAINTY_ASSIGNED_CONTEXT ( ( #3366 ) ) GLOBAL_UNIT_ASSIGNED_CONTEXT ( ( #2319, #1502, #3165 ) ) REPRESENTATION_CONTEXT ( 'NONE', 'WORKASPACE' ) );
#1338 = CARTESIAN_POINT ( 'NONE',  ( 0.1315544456622766978, -0.5777974510803784991, -0.1403589838486224706 ) ) ;
#1339 = COLOUR_RGB ( '',0.7921568627450980005, 0.8196078431372548767, 0.9333333333333333481 ) ;
#1340 = FILL_AREA_STYLE_COLOUR ( '', #1683 ) ;
#1341 = AXIS2_PLACEMENT_3D ( 'NONE', #3411, #3140, #34 ) ;
#1342 = VECTOR ( 'NONE', #875, 1000.000000000000000 ) ;
#1343 = VERTEX_POINT ( 'NONE', #819 ) ;
#1344 = DIRECTION ( 'NONE',  ( 0.0000000000000000000, -0.0000000000000000000, -1.000000000000000000 ) ) ;
#1345 = ORIENTED_EDGE ( 'NONE', *, *, #2414, .T. ) ;
#1346 = DIRECTION ( 'NONE',  ( -0.8660254037844384856, 0.0000000000000000000, -0.5000000000000001110 ) ) ;
#1347 = PRESENTATION_LAYER_ASSIGNMENT (  '', '', ( #1537 ) ) ;
#1348 = VERTEX_POINT ( 'NONE', #2709 ) ;
#1349 = PLANE ( 'NONE',  #3397 ) ;
#1350 = VERTEX_POINT ( 'NONE', #1288 ) ;
#1351 = CARTESIAN_POINT ( 'NONE',  ( 0.5999999999999999778, -0.1499999999999999944, 0.5000000000000002220 ) ) ;
#1352 = EDGE_CURVE ( 'NONE', #670, #1175, #1427, .T. ) ;
#1353 = DIRECTION ( 'NONE',  ( -1.000000000000000000, 0.0000000000000000000, 0.0000000000000000000 ) ) ;
#1354 = CARTESIAN_POINT ( 'NONE',  ( 0.6800301876475773888, 0.5310467191248590124, -0.6050301876475775442 ) ) ;
#1355 = EDGE_LOOP ( 'NONE', ( #2237, #2007, #1201, #2869, #1098, #3453 ) ) ;
#1356 = DIRECTION ( 'NONE',  ( 0.0000000000000000000, 0.0000000000000000000, -1.000000000000000000 ) ) ;
#1357 = UNCERTAINTY_MEASURE_WITH_UNIT (LENGTH_MEASURE( 1.000000000000000082E-05 ), #1945, 'distance_accuracy_value', 'NONE');
#1358 = VECTOR ( 'NONE', #1516, 1000.000000000000000 ) ;
#1359 = ORIENTED_EDGE ( 'NONE', *, *, #567, .F. ) ;
#1360 = VECTOR ( 'NONE', #162, 1000.000000000000000 ) ;
#1361 = CIRCLE ( 'NONE', #1671, 0.4000000000000000777 ) ;
#1362 = ORIENTED_EDGE ( 'NONE', *, *, #1428, .F. ) ;
#1363 = CARTESIAN_POINT ( 'NONE',  ( -0.5999999999999999778, -0.1499999999999999944, -0.4999999999999997780 ) ) ;
#1364 = ORIENTED_EDGE ( 'NONE', *, *, #3558, .F. ) ;
#1365 =( NAMED_UNIT ( * ) SI_UNIT ( $, .STERADIAN. ) SOLID_ANGLE_UNIT ( ) );
#1366 = STYLED_ITEM ( 'NONE', ( #2208 ), #2317 ) ;
#1367 = DIRECTION ( 'NONE',  ( -1.000000000000000000, 0.0000000000000000000, -0.0000000000000000000 ) ) ;
#1368 = EDGE_CURVE ( 'NONE', #720, #1780, #2253, .T. ) ;
#1369 = VECTOR ( 'NONE', #1024, 1000.000000000000000 ) ;
#1370 = ORIENTED_EDGE ( 'NONE', *, *, #261, .F. ) ;
#1371 =( NAMED_UNIT ( * ) PLANE_ANGLE_UNIT ( ) SI_UNIT ( $, .RADIAN. ) );
#1372 = LINE ( 'NONE', #2388, #2757 ) ;
#1373 = AXIS2_PLACEMENT_3D ( 'NONE', #739, #1031, #2996 ) ;
#1374 = CARTESIAN_POINT ( 'NONE',  ( 0.9999999999999995559, -1.227032961426900881, -0.4999999999999997780 ) ) ;
#1375 = EDGE_CURVE ( 'NONE', #1620, #3315, #2162, .T. ) ;
#1376 = LINE ( 'NONE', #1280, #3590 ) ;
#1377 = CARTESIAN_POINT ( 'NONE',  ( -1.000000000000000222, 0.1499999999999999944, 2.168404344971008868E-16 ) ) ;
#1378 = EDGE_CURVE ( 'NONE', #2130, #1441, #2893, .T. ) ;
#1379 = CYLINDRICAL_SURFACE ( 'NONE', #2495, 0.02000000000000005246 ) ;
#1380 =( NAMED_UNIT ( * ) PLANE_ANGLE_UNIT ( ) SI_UNIT ( $, .RADIAN. ) );
#1381 = EDGE_CURVE ( 'NONE', #866, #1306, #3070, .T. ) ;
#1382 = FILL_AREA_STYLE_COLOUR ( '', #1666 ) ;
#1383 = CARTESIAN_POINT ( 'NONE',  ( 0.9999999999999995559, 0.1499999999999999667, 0.0000000000000000000 ) ) ;
#1384 = LINE ( 'NONE', #2969, #599 ) ;
#1385 = ORIENTED_EDGE ( 'NONE', *, *, #1781, .F. ) ;
#1386 = CARTESIAN_POINT ( 'NONE',  ( 0.9999999999999995559, -1.227032961426900881, -0.2000000000000002331 ) ) ;
#1387 = CARTESIAN_POINT ( 'NONE',  ( 0.9999999999999995559, 0.1499999999999999944, -0.6250000000000000000 ) ) ;
#1388 =( NAMED_UNIT ( * ) PLANE_ANGLE_UNIT ( ) SI_UNIT ( $, .RADIAN. ) );
#1389 = CIRCLE ( 'NONE', #3272, 0.02000000000000002470 ) ;
#1390 = EDGE_CURVE ( 'NONE', #1044, #1350, #737, .T. ) ;
#1391 = DIRECTION ( 'NONE',  ( 0.0000000000000000000, -1.000000000000000000, 0.0000000000000000000 ) ) ;
#1392 = CARTESIAN_POINT ( 'NONE',  ( -1.000000000000000444, 0.09999999999999999167, -0.3999999999999998557 ) ) ;
#1393 = FACE_OUTER_BOUND ( 'NONE', #2266, .T. ) ;
#1394 = SURFACE_STYLE_USAGE ( .BOTH. , #1930 ) ;
#1395 = ORIENTED_EDGE ( 'NONE', *, *, #2563, .F. ) ;
#1396 = DIRECTION ( 'NONE',  ( 0.0000000000000000000, -1.000000000000000000, 0.0000000000000000000 ) ) ;
#1397 = SURFACE_STYLE_FILL_AREA ( #1520 ) ;
#1398 = CARTESIAN_POINT ( 'NONE',  ( -0.9999999999999995559, -0.1499999999999999667, 0.0000000000000000000 ) ) ;
#1399 = PRESENTATION_LAYER_ASSIGNMENT (  '', '', ( #1640 ) ) ;
#1400 = PRESENTATION_LAYER_ASSIGNMENT (  '', '', ( #425 ) ) ;
#1401 = EDGE_LOOP ( 'NONE', ( #2637, #2098, #93, #2554, #1138, #3312, #2478 ) ) ;
#1402 = FILL_AREA_STYLE_COLOUR ( '', #2379 ) ;
#1403 = VECTOR ( 'NONE', #264, 1000.000000000000000 ) ;
#1404 = ORIENTED_EDGE ( 'NONE', *, *, #2540, .F. ) ;
#1405 = LINE ( 'NONE', #3016, #2786 ) ;
#1406 = DIRECTION ( 'NONE',  ( -0.0000000000000000000, 0.0000000000000000000, -1.000000000000000000 ) ) ;
#1407 = DIRECTION ( 'NONE',  ( 0.0000000000000000000, -1.000000000000000000, 0.0000000000000000000 ) ) ;
#1408 = DIRECTION ( 'NONE',  ( -0.0000000000000000000, -0.0000000000000000000, -1.000000000000000000 ) ) ;
#1409 = ORIENTED_EDGE ( 'NONE', *, *, #3370, .F. ) ;
#1410 = ORIENTED_EDGE ( 'NONE', *, *, #1977, .F. ) ;
#1411 = AXIS2_PLACEMENT_3D ( 'NONE', #1132, #1406, #3059 ) ;
#1412 =( LENGTH_UNIT ( ) NAMED_UNIT ( * ) SI_UNIT ( .MILLI., .METRE. ) );
#1413 = CARTESIAN_POINT ( 'NONE',  ( 0.6600575969524858921, 0.5500000000000000444, 0.5850575969524860476 ) ) ;
#1414 = CYLINDRICAL_SURFACE ( 'NONE', #1615, 0.02000000000000002470 ) ;
#1415 = ORIENTED_EDGE ( 'NONE', *, *, #1931, .F. ) ;
#1416 = DIRECTION ( 'NONE',  ( -7.115076756936119693E-15, 0.0000000000000000000, -1.000000000000000000 ) ) ;
#1417 = LINE ( 'NONE', #1108, #2046 ) ;
#1418 = SURFACE_SIDE_STYLE ('',( #2305 ) ) ;
#1419 = PLANE ( 'NONE',  #2886 ) ;
#1420 = ORIENTED_EDGE ( 'NONE', *, *, #863, .T. ) ;
#1421 = DIRECTION ( 'NONE',  ( 0.0000000000000000000, 0.0000000000000000000, 1.000000000000000000 ) ) ;
#1422 = EDGE_CURVE ( 'NONE', #1171, #1174, #3549, .T. ) ;
#1423 = FACE_OUTER_BOUND ( 'NONE', #622, .T. ) ;
#1424 = LINE ( 'NONE', #57, #639 ) ;
#1425 = DIRECTION ( 'NONE',  ( -1.000000000000000000, 0.0000000000000000000, 1.084202172485504681E-16 ) ) ;
#1426 = AXIS2_PLACEMENT_3D ( 'NONE', #1698, #2264, #2534 ) ;
#1427 = CIRCLE ( 'NONE', #2220, 0.4000000000000000777 ) ;
#1428 = EDGE_CURVE ( 'NONE', #2559, #2304, #2809, .T. ) ;
#1429 = CARTESIAN_POINT ( 'NONE',  ( -0.1215544456622767305, -0.1499999999999999667, -0.01732050807568881121 ) ) ;
#1430 = CARTESIAN_POINT ( 'NONE',  ( -1.000000000000000000, 0.09999999999999999167, 0.4000000000000002998 ) ) ;
#1431 = LINE ( 'NONE', #2946, #3289 ) ;
#1432 = CARTESIAN_POINT ( 'NONE',  ( 0.9999999999999995559, 0.1000000000000000472, 0.0000000000000000000 ) ) ;
#1433 = EDGE_CURVE ( 'NONE', #2306, #1089, #1324, .T. ) ;
#1434 = CARTESIAN_POINT ( 'NONE',  ( 0.9999999999999995559, 0.1499999999999999944, -0.6250000000000000000 ) ) ;
#1435 = DIRECTION ( 'NONE',  ( 0.0000000000000000000, -1.000000000000000000, 0.0000000000000000000 ) ) ;
#1436 = ORIENTED_EDGE ( 'NONE', *, *, #2550, .F. ) ;
#1437 = UNCERTAINTY_MEASURE_WITH_UNIT (LENGTH_MEASURE( 1.000000000000000082E-05 ), #1412, 'distance_accuracy_value', 'NONE');
#1438 = ADVANCED_FACE ( 'NONE', ( #3457 ), #1891, .F. ) ;
#1439 = CARTESIAN_POINT ( 'NONE',  ( -0.1215544456622767305, -0.09999999999999999167, -0.01732050807568879386 ) ) ;
#1440 = LINE ( 'NONE', #2026, #655 ) ;
#1441 = VERTEX_POINT ( 'NONE', #804 ) ;
#1442 = FACE_OUTER_BOUND ( 'NONE', #3480, .T. ) ;
#1443 = AXIS2_PLACEMENT_3D ( 'NONE', #1329, #2463, #749 ) ;
#1444 = EDGE_CURVE ( 'NONE', #2785, #104, #2632, .T. ) ;
#1445 = VERTEX_POINT ( 'NONE', #1487 ) ;
#1446 = PRESENTATION_STYLE_ASSIGNMENT (( #1394 ) ) ;
#1447 = PLANE ( 'NONE',  #2523 ) ;
#1448 = DIRECTION ( 'NONE',  ( -0.0000000000000000000, 1.000000000000000000, -0.0000000000000000000 ) ) ;
#1449 =( GEOMETRIC_REPRESENTATION_CONTEXT ( 3 ) GLOBAL_UNCERTAINTY_ASSIGNED_CONTEXT ( ( #2876 ) ) GLOBAL_UNIT_ASSIGNED_CONTEXT ( ( #3633, #882, #2467 ) ) REPRESENTATION_CONTEXT ( 'NONE', 'WORKASPACE' ) );
#1450 = EDGE_CURVE ( 'NONE', #1603, #1837, #458, .T. ) ;
#1451 = CARTESIAN_POINT ( 'NONE',  ( -1.000000000000000222, 0.09999999999999999167, 0.4000000000000002998 ) ) ;
#1452 = ORIENTED_EDGE ( 'NONE', *, *, #1422, .F. ) ;
#1453 = ADVANCED_FACE ( 'NONE', ( #3367 ), #1058, .F. ) ;
#1454 = EDGE_CURVE ( 'NONE', #125, #1350, #2557, .T. ) ;
#1455 = PLANE ( 'NONE',  #1426 ) ;
#1456 = EDGE_LOOP ( 'NONE', ( #1489, #2552, #3132, #2753 ) ) ;
#1457 = PRODUCT_DEFINITION ( 'UNKNOWN', '', #1629, #1095 ) ;
#1458 = DIRECTION ( 'NONE',  ( 0.0000000000000000000, 0.0000000000000000000, -1.000000000000000000 ) ) ;
#1459 = FACE_OUTER_BOUND ( 'NONE', #495, .T. ) ;
#1460 = ORIENTED_EDGE ( 'NONE', *, *, #3531, .T. ) ;
#1461 = CARTESIAN_POINT ( 'NONE',  ( -0.1215544456622767305, -0.09999999999999999167, -0.01732050807568879386 ) ) ;
#1462 = ADVANCED_FACE ( 'NONE', ( #370 ), #346, .F. ) ;
#1463 =( NAMED_UNIT ( * ) PLANE_ANGLE_UNIT ( ) SI_UNIT ( $, .RADIAN. ) );
#1464 = LINE ( 'NONE', #259, #2749 ) ;
#1465 = FACE_OUTER_BOUND ( 'NONE', #3570, .T. ) ;
#1466 = ORIENTED_EDGE ( 'NONE', *, *, #2420, .T. ) ;
#1467 = ORIENTED_EDGE ( 'NONE', *, *, #2742, .T. ) ;
#1468 = LINE ( 'NONE', #2209, #21 ) ;
#1469 = VECTOR ( 'NONE', #1179, 1000.000000000000000 ) ;
#1470 = CARTESIAN_POINT ( 'NONE',  ( -1.000000000000000444, 0.1499999999999999944, -0.6249999999999997780 ) ) ;
#1471 = VECTOR ( 'NONE', #2397, 1000.000000000000000 ) ;
#1472 = ADVANCED_FACE ( 'NONE', ( #1800 ), #1334, .F. ) ;
#1473 =( NAMED_UNIT ( * ) PLANE_ANGLE_UNIT ( ) SI_UNIT ( $, .RADIAN. ) );
#1474 =( GEOMETRIC_REPRESENTATION_CONTEXT ( 3 ) GLOBAL_UNCERTAINTY_ASSIGNED_CONTEXT ( ( #2999 ) ) GLOBAL_UNIT_ASSIGNED_CONTEXT ( ( #3275, #3555, #1855 ) ) REPRESENTATION_CONTEXT ( 'NONE', 'WORKASPACE' ) );
#1475 = AXIS2_PLACEMENT_3D ( 'NONE', #3513, #2726, #1332 ) ;
#1476 = VECTOR ( 'NONE', #3509, 1000.000000000000000 ) ;
#1477 = ORIENTED_EDGE ( 'NONE', *, *, #3115, .T. ) ;
#1478 = AXIS2_PLACEMENT_3D ( 'NONE', #2721, #693, #1751 ) ;
#1479 =( NAMED_UNIT ( * ) SI_UNIT ( $, .STERADIAN. ) SOLID_ANGLE_UNIT ( ) );
#1480 = AXIS2_PLACEMENT_3D ( 'NONE', #818, #1673, #221 ) ;
#1481 = FILL_AREA_STYLE_COLOUR ( '', #547 ) ;
#1482 = CARTESIAN_POINT ( 'NONE',  ( 0.9999999999999995559, -1.227032961426900881, 0.0000000000000000000 ) ) ;
#1483 = SURFACE_STYLE_USAGE ( .BOTH. , #325 ) ;
#1484 = VECTOR ( 'NONE', #1198, 1000.000000000000000 ) ;
#1485 = ORIENTED_EDGE ( 'NONE', *, *, #3303, .T. ) ;
#1486 = VECTOR ( 'NONE', #3163, 1000.000000000000000 ) ;
#1487 = CARTESIAN_POINT ( 'NONE',  ( 0.1515544456622766878, -0.09999999999999999167, -0.1403589838486224706 ) ) ;
#1488 = ADVANCED_FACE ( 'NONE', ( #3202 ), #2134, .F. ) ;
#1489 = ORIENTED_EDGE ( 'NONE', *, *, #781, .T. ) ;
#1490 = VECTOR ( 'NONE', #1708, 1000.000000000000114 ) ;
#1491 = ORIENTED_EDGE ( 'NONE', *, *, #1909, .T. ) ;
#1492 = PLANE ( 'NONE',  #1898 ) ;
#1493 = VECTOR ( 'NONE', #2699, 1000.000000000000000 ) ;
#1494 = EDGE_CURVE ( 'NONE', #1840, #59, #2942, .T. ) ;
#1495 = CARTESIAN_POINT ( 'NONE',  ( 1.299999999999999378, 0.09999999999999999167, -0.2500000000000000000 ) ) ;
#1496 = DIRECTION ( 'NONE',  ( 0.0000000000000000000, 0.0000000000000000000, 1.000000000000000000 ) ) ;
#1497 = ORIENTED_EDGE ( 'NONE', *, *, #3115, .F. ) ;
#1498 =( GEOMETRIC_REPRESENTATION_CONTEXT ( 3 ) GLOBAL_UNCERTAINTY_ASSIGNED_CONTEXT ( ( #832 ) ) GLOBAL_UNIT_ASSIGNED_CONTEXT ( ( #3591, #2504, #778 ) ) REPRESENTATION_CONTEXT ( 'NONE', 'WORKASPACE' ) );
#1499 = FACE_OUTER_BOUND ( 'NONE', #3479, .T. ) ;
#1500 = ORIENTED_EDGE ( 'NONE', *, *, #525, .T. ) ;
#1501 = DIRECTION ( 'NONE',  ( 9.637352644315598694E-16, 0.0000000000000000000, 1.000000000000000000 ) ) ;
#1502 =( NAMED_UNIT ( * ) PLANE_ANGLE_UNIT ( ) SI_UNIT ( $, .RADIAN. ) );
#1503 = ORIENTED_EDGE ( 'NONE', *, *, #185, .F. ) ;
#1504 = ADVANCED_FACE ( 'NONE', ( #686 ), #2102, .T. ) ;
#1505 = PLANE ( 'NONE',  #19 ) ;
#1506 = ORIENTED_EDGE ( 'NONE', *, *, #2602, .F. ) ;
#1507 = UNCERTAINTY_MEASURE_WITH_UNIT (LENGTH_MEASURE( 1.000000000000000082E-05 ), #1680, 'distance_accuracy_value', 'NONE');
#1508 = CARTESIAN_POINT ( 'NONE',  ( 0.6999999999999999556, 0.7330951894845298966, 0.2500000000000000000 ) ) ;
#1509 = CIRCLE ( 'NONE', #3651, 0.02000000000000005246 ) ;
#1510 = EDGE_CURVE ( 'NONE', #2607, #3189, #2846, .T. ) ;
#1511 = FACE_OUTER_BOUND ( 'NONE', #668, .T. ) ;
#1512 = DIRECTION ( 'NONE',  ( 0.0000000000000000000, -0.0000000000000000000, 1.000000000000000000 ) ) ;
#1513 = DIRECTION ( 'NONE',  ( 0.0000000000000000000, -0.0000000000000000000, -1.000000000000000000 ) ) ;
#1514 =( LENGTH_UNIT ( ) NAMED_UNIT ( * ) SI_UNIT ( .MILLI., .METRE. ) );
#1515 = CARTESIAN_POINT ( 'NONE',  ( 0.1215544456622766889, -0.09999999999999999167, -0.1576794919243112436 ) ) ;
#1516 = DIRECTION ( 'NONE',  ( -0.0000000000000000000, -0.0000000000000000000, -1.000000000000000000 ) ) ;
#1517 = VECTOR ( 'NONE', #542, 1000.000000000000000 ) ;
#1518 = DIRECTION ( 'NONE',  ( 0.0000000000000000000, -1.000000000000000000, 0.0000000000000000000 ) ) ;
#1519 = AXIS2_PLACEMENT_3D ( 'NONE', #1236, #945, #2913 ) ;
#1520 = FILL_AREA_STYLE ('',( #3445 ) ) ;
#1521 = CARTESIAN_POINT ( 'NONE',  ( 0.9999999999999995559, -1.227032961426900881, 0.2000000000000002331 ) ) ;
#1522 = SURFACE_SIDE_STYLE ('',( #2000 ) ) ;
#1523 =( NAMED_UNIT ( * ) PLANE_ANGLE_UNIT ( ) SI_UNIT ( $, .RADIAN. ) );
#1524 = PLANE ( 'NONE',  #1786 ) ;
#1525 = VERTEX_POINT ( 'NONE', #580 ) ;
#1526 = EDGE_LOOP ( 'NONE', ( #954, #3331, #1906, #2625, #1770 ) ) ;
#1527 = FACE_OUTER_BOUND ( 'NONE', #1584, .T. ) ;
#1528 = ORIENTED_EDGE ( 'NONE', *, *, #1866, .F. ) ;
#1529 = ORIENTED_EDGE ( 'NONE', *, *, #1433, .T. ) ;
#1530 = DIRECTION ( 'NONE',  ( 0.0000000000000000000, -0.0000000000000000000, -1.000000000000000000 ) ) ;
#1531 = MECHANICAL_DESIGN_GEOMETRIC_PRESENTATION_REPRESENTATION (  '', ( #1156 ), #1706 ) ;
#1532 = ORIENTED_EDGE ( 'NONE', *, *, #3010, .T. ) ;
#1533 = CARTESIAN_POINT ( 'NONE',  ( 0.6600575969524858921, 0.5500000000000000444, 0.5850575969524860476 ) ) ;
#1534 = COLOUR_RGB ( '',0.0000000000000000000, 0.7529411764705882248, 0.0000000000000000000 ) ;
#1535 = CIRCLE ( 'NONE', #644, 0.4000000000000000777 ) ;
#1536 = ORIENTED_EDGE ( 'NONE', *, *, #838, .F. ) ;
#1537 = STYLED_ITEM ( 'NONE', ( #460 ), #1173 ) ;
#1538 =( NAMED_UNIT ( * ) SI_UNIT ( $, .STERADIAN. ) SOLID_ANGLE_UNIT ( ) );
#1539 = LINE ( 'NONE', #2766, #2282 ) ;
#1540 = EDGE_LOOP ( 'NONE', ( #1099, #660, #2194, #2921, #1696 ) ) ;
#1541 = DIRECTION ( 'NONE',  ( -0.0000000000000000000, -1.000000000000000000, -0.0000000000000000000 ) ) ;
#1542 = ORIENTED_EDGE ( 'NONE', *, *, #2346, .F. ) ;
#1543 = LINE ( 'NONE', #3127, #2203 ) ;
#1544 = EDGE_CURVE ( 'NONE', #3354, #2094, #2206, .T. ) ;
#1545 = DIRECTION ( 'NONE',  ( 0.0000000000000000000, -1.000000000000000000, 0.0000000000000000000 ) ) ;
#1546 = LINE ( 'NONE', #1275, #1471 ) ;
#1547 = DIRECTION ( 'NONE',  ( -0.0000000000000000000, -1.000000000000000000, -0.0000000000000000000 ) ) ;
#1548 = CARTESIAN_POINT ( 'NONE',  ( -0.1215544456622767028, -0.09999999999999999167, 0.01732050807568877651 ) ) ;
#1549 = AXIS2_PLACEMENT_3D ( 'NONE', #2268, #577, #1458 ) ;
#1550 = EDGE_CURVE ( 'NONE', #2482, #3317, #1372, .T. ) ;
#1551 = LINE ( 'NONE', #76, #783 ) ;
#1552 = CARTESIAN_POINT ( 'NONE',  ( -1.000000000000000222, -0.9326237921249266316, 2.168404344971008868E-16 ) ) ;
#1553 = DIRECTION ( 'NONE',  ( -0.0000000000000000000, 1.000000000000000000, -0.0000000000000000000 ) ) ;
#1554 = STYLED_ITEM ( 'NONE', ( #2870 ), #3372 ) ;
#1555 = CARTESIAN_POINT ( 'NONE',  ( -0.9999999999999995559, -0.9326237921249266316, 0.0000000000000000000 ) ) ;
#1556 = SURFACE_STYLE_USAGE ( .BOTH. , #1823 ) ;
#1557 = PRESENTATION_LAYER_ASSIGNMENT (  '', '', ( #1926 ) ) ;
#1558 = CARTESIAN_POINT ( 'NONE',  ( -0.6712926054850226754, 0.5499999999999999334, -0.5962926054850229418 ) ) ;
#1559 = CARTESIAN_POINT ( 'NONE',  ( -0.5999999999999999778, -1.227032961426901325, 0.5000000000000002220 ) ) ;
#1560 = LINE ( 'NONE', #842, #794 ) ;
#1561 = SURFACE_STYLE_USAGE ( .BOTH. , #3229 ) ;
#1562 = EDGE_CURVE ( 'NONE', #1627, #2482, #3499, .T. ) ;
#1563 = FACE_OUTER_BOUND ( 'NONE', #140, .T. ) ;
#1564 = CARTESIAN_POINT ( 'NONE',  ( -0.5999999999999999778, 0.09999999999999999167, -0.2060315014550845869 ) ) ;
#1565 = ORIENTED_EDGE ( 'NONE', *, *, #586, .F. ) ;
#1566 = LINE ( 'NONE', #1451, #2961 ) ;
#1567 = EDGE_LOOP ( 'NONE', ( #1724, #2661, #3274, #3649 ) ) ;
#1568 = LINE ( 'NONE', #3264, #2966 ) ;
#1569 = EDGE_CURVE ( 'NONE', #1, #3307, #591, .T. ) ;
#1570 = SURFACE_STYLE_FILL_AREA ( #1815 ) ;
#1571 = CARTESIAN_POINT ( 'NONE',  ( -0.5999999999999998668, 0.09999999999999999167, 0.6250000000000002220 ) ) ;
#1572 = DIRECTION ( 'NONE',  ( -1.000000000000000000, 0.0000000000000000000, 0.0000000000000000000 ) ) ;
#1573 = EDGE_LOOP ( 'NONE', ( #1913, #2736, #2668, #2454, #2355, #755, #3543, #113, #1860, #975, #1142, #2862 ) ) ;
#1574 =( NAMED_UNIT ( * ) PLANE_ANGLE_UNIT ( ) SI_UNIT ( $, .RADIAN. ) );
#1575 = CARTESIAN_POINT ( 'NONE',  ( 0.1315544456622766978, -0.09999999999999999167, -0.1403589838486224706 ) ) ;
#1576 = FACE_OUTER_BOUND ( 'NONE', #3361, .T. ) ;
#1577 = MECHANICAL_DESIGN_GEOMETRIC_PRESENTATION_REPRESENTATION (  '', ( #1640 ), #1757 ) ;
#1578 = CARTESIAN_POINT ( 'NONE',  ( 0.1215544456622766889, -0.1499999999999999944, 0.1576794919243112436 ) ) ;
#1579 = ORIENTED_EDGE ( 'NONE', *, *, #2346, .T. ) ;
#1580 = PLANE ( 'NONE',  #1085 ) ;
#1581 = ORIENTED_EDGE ( 'NONE', *, *, #442, .F. ) ;
#1582 = ADVANCED_FACE ( 'NONE', ( #500 ), #1447, .F. ) ;
#1583 = SURFACE_STYLE_FILL_AREA ( #2471 ) ;
#1584 = EDGE_LOOP ( 'NONE', ( #488, #341, #150, #1581, #2958, #2236, #1145 ) ) ;
#1585 = ORIENTED_EDGE ( 'NONE', *, *, #662, .F. ) ;
#1586 = STYLED_ITEM ( 'NONE', ( #1170 ), #3406 ) ;
#1587 = PLANE ( 'NONE',  #2400 ) ;
#1588 = CYLINDRICAL_SURFACE ( 'NONE', #179, 0.2000000000000002331 ) ;
#1589 = STYLED_ITEM ( 'NONE', ( #2529 ), #339 ) ;
#1590 = DIRECTION ( 'NONE',  ( 0.0000000000000000000, 0.0000000000000000000, 1.000000000000000000 ) ) ;
#1591 = CARTESIAN_POINT ( 'NONE',  ( -1.000000000000000222, 0.1499999999999999944, 2.168404344971008868E-16 ) ) ;
#1592 = LINE ( 'NONE', #48, #2992 ) ;
#1593 = SURFACE_SIDE_STYLE ('',( #455 ) ) ;
#1594 = EDGE_CURVE ( 'NONE', #2676, #1850, #2674, .T. ) ;
#1595 = FILL_AREA_STYLE_COLOUR ( '', #3245 ) ;
#1596 = VECTOR ( 'NONE', #1408, 1000.000000000000000 ) ;
#1597 = FILL_AREA_STYLE_COLOUR ( '', #2768 ) ;
#1598 = EDGE_CURVE ( 'NONE', #3144, #2382, #1928, .T. ) ;
#1599 = CARTESIAN_POINT ( 'NONE',  ( -0.1215544456622767167, -0.1499999999999999944, 0.01732050807568877998 ) ) ;
#1600 = CARTESIAN_POINT ( 'NONE',  ( -0.5999999999999998668, 0.09999999999999999167, -0.6250000000000002220 ) ) ;
#1601 = ORIENTED_EDGE ( 'NONE', *, *, #1739, .T. ) ;
#1602 = FACE_OUTER_BOUND ( 'NONE', #3305, .T. ) ;
#1603 = VERTEX_POINT ( 'NONE', #3292 ) ;
#1604 = DIRECTION ( 'NONE',  ( 0.0000000000000000000, 0.0000000000000000000, 1.000000000000000000 ) ) ;
#1605 = CARTESIAN_POINT ( 'NONE',  ( -0.1115544456622767355, -0.1499999999999999667, -2.710505439397719968E-17 ) ) ;
#1606 = ORIENTED_EDGE ( 'NONE', *, *, #217, .T. ) ;
#1607 = EDGE_CURVE ( 'NONE', #773, #1441, #2595, .T. ) ;
#1608 =( LENGTH_UNIT ( ) NAMED_UNIT ( * ) SI_UNIT ( .MILLI., .METRE. ) );
#1609 = DIRECTION ( 'NONE',  ( -0.0000000000000000000, -0.0000000000000000000, 1.000000000000000000 ) ) ;
#1610 = FILL_AREA_STYLE_COLOUR ( '', #3496 ) ;
#1611 = EDGE_LOOP ( 'NONE', ( #2321, #3632, #2818, #1271 ) ) ;
#1612 = SURFACE_STYLE_FILL_AREA ( #1690 ) ;
#1613 = ORIENTED_EDGE ( 'NONE', *, *, #590, .T. ) ;
#1614 = LINE ( 'NONE', #2729, #864 ) ;
#1615 = AXIS2_PLACEMENT_3D ( 'NONE', #347, #2045, #1496 ) ;
#1616 = DIRECTION ( 'NONE',  ( 0.0000000000000000000, -1.000000000000000000, 0.0000000000000000000 ) ) ;
#1617 = EDGE_CURVE ( 'NONE', #2456, #1902, #3324, .T. ) ;
#1618 = CARTESIAN_POINT ( 'NONE',  ( -0.5999999999999999778, 0.09999999999999999167, 0.2060315014550845869 ) ) ;
#1619 = LINE ( 'NONE', #595, #103 ) ;
#1620 = VERTEX_POINT ( 'NONE', #3650 ) ;
#1621 = CARTESIAN_POINT ( 'NONE',  ( 0.6999999999999999556, 0.5300000000000000266, -0.5850575969524860476 ) ) ;
#1622 = LINE ( 'NONE', #438, #2839 ) ;
#1623 = EDGE_LOOP ( 'NONE', ( #2010, #2617, #2842, #529 ) ) ;
#1624 = EDGE_CURVE ( 'NONE', #1652, #268, #2011, .T. ) ;
#1625 = EDGE_LOOP ( 'NONE', ( #3183, #1370, #2003, #3488 ) ) ;
#1626 = SURFACE_STYLE_USAGE ( .BOTH. , #3028 ) ;
#1627 = VERTEX_POINT ( 'NONE', #1941 ) ;
#1628 = EDGE_CURVE ( 'NONE', #3566, #268, #1103, .T. ) ;
#1629 = PRODUCT_DEFINITION_FORMATION_WITH_SPECIFIED_SOURCE ( 'ANY', '', #58, .NOT_KNOWN. ) ;
#1630 = CARTESIAN_POINT ( 'NONE',  ( -0.6571428571428572507, 0.09999999999999999167, -0.2060315014550845869 ) ) ;
#1631 = CARTESIAN_POINT ( 'NONE',  ( 0.1315544456622766700, -0.1499999999999999667, 0.1603589838486224328 ) ) ;
#1632 = CARTESIAN_POINT ( 'NONE',  ( 0.9999999999999995559, 0.09999999999999999167, 0.2000000000000002331 ) ) ;
#1633 = LINE ( 'NONE', #3446, #2295 ) ;
#1634 = ORIENTED_EDGE ( 'NONE', *, *, #1746, .F. ) ;
#1635 =( LENGTH_UNIT ( ) NAMED_UNIT ( * ) SI_UNIT ( .MILLI., .METRE. ) );
#1636 = CARTESIAN_POINT ( 'NONE',  ( -0.1215544456622767167, -0.09999999999999999167, 0.01732050807568877998 ) ) ;
#1637 =( NAMED_UNIT ( * ) PLANE_ANGLE_UNIT ( ) SI_UNIT ( $, .RADIAN. ) );
#1638 = SURFACE_SIDE_STYLE ('',( #2432 ) ) ;
#1639 = DIRECTION ( 'NONE',  ( 0.0000000000000000000, 0.0000000000000000000, 1.000000000000000000 ) ) ;
#1640 = STYLED_ITEM ( 'NONE', ( #1144 ), #2610 ) ;
#1641 = LINE ( 'NONE', #2838, #3036 ) ;
#1642 = VECTOR ( 'NONE', #3081, 1000.000000000000114 ) ;
#1643 = CARTESIAN_POINT ( 'NONE',  ( 0.5999999999999999778, -0.09999999999999999167, 0.5000000000000002220 ) ) ;
#1644 = PLANE ( 'NONE',  #369 ) ;
#1645 = ORIENTED_EDGE ( 'NONE', *, *, #68, .T. ) ;
#1646 = VECTOR ( 'NONE', #2572, 1000.000000000000000 ) ;
#1647 = AXIS2_PLACEMENT_3D ( 'NONE', #496, #1932, #121 ) ;
#1648 = ORIENTED_EDGE ( 'NONE', *, *, #1368, .T. ) ;
#1649 = VECTOR ( 'NONE', #2156, 1000.000000000000000 ) ;
#1650 =( NAMED_UNIT ( * ) SI_UNIT ( $, .STERADIAN. ) SOLID_ANGLE_UNIT ( ) );
#1651 = AXIS2_PLACEMENT_3D ( 'NONE', #3258, #1018, #2979 ) ;
#1652 = VERTEX_POINT ( 'NONE', #440 ) ;
#1653 = DIRECTION ( 'NONE',  ( -0.0000000000000000000, -1.000000000000000000, -0.0000000000000000000 ) ) ;
#1654 = DIRECTION ( 'NONE',  ( 0.0000000000000000000, 0.0000000000000000000, 1.000000000000000000 ) ) ;
#1655 = CARTESIAN_POINT ( 'NONE',  ( -0.5999999999999999778, 0.1499999999999999944, -0.2060315014550845869 ) ) ;
#1656 = ORIENTED_EDGE ( 'NONE', *, *, #793, .T. ) ;
#1657 = VECTOR ( 'NONE', #124, 1000.000000000000000 ) ;
#1658 = DIRECTION ( 'NONE',  ( 0.0000000000000000000, -1.000000000000000000, 0.0000000000000000000 ) ) ;
#1659 = ORIENTED_EDGE ( 'NONE', *, *, #853, .F. ) ;
#1660 =( NAMED_UNIT ( * ) SI_UNIT ( $, .STERADIAN. ) SOLID_ANGLE_UNIT ( ) );
#1661 = FACE_OUTER_BOUND ( 'NONE', #1762, .T. ) ;
#1662 = VERTEX_POINT ( 'NONE', #1232 ) ;
#1663 = CARTESIAN_POINT ( 'NONE',  ( -1.000000000000000444, -1.227032961426901325, -0.4999999999999997780 ) ) ;
#1664 = LINE ( 'NONE', #2703, #149 ) ;
#1665 = EDGE_CURVE ( 'NONE', #871, #2977, #1013, .T. ) ;
#1666 = COLOUR_RGB ( '',1.000000000000000000, 1.000000000000000000, 1.000000000000000000 ) ;
#1667 = CARTESIAN_POINT ( 'NONE',  ( -0.1115544456622767355, -0.09999999999999999167, -2.710505439397719968E-17 ) ) ;
#1668 = SURFACE_SIDE_STYLE ('',( #2914 ) ) ;
#1669 = VECTOR ( 'NONE', #3160, 1000.000000000000000 ) ;
#1670 = CARTESIAN_POINT ( 'NONE',  ( -1.000000000000000444, -0.1499999999999999667, -0.4999999999999997780 ) ) ;
#1671 = AXIS2_PLACEMENT_3D ( 'NONE', #386, #471, #1154 ) ;
#1672 = CARTESIAN_POINT ( 'NONE',  ( 0.5999999999999999778, -0.1499999999999999667, 0.5000000000000002220 ) ) ;
#1673 = DIRECTION ( 'NONE',  ( -1.000000000000000000, 0.0000000000000000000, 0.0000000000000000000 ) ) ;
#1674 = CARTESIAN_POINT ( 'NONE',  ( 0.9999999999999995559, -0.1499999999999999944, 0.6250000000000000000 ) ) ;
#1675 = PLANE ( 'NONE',  #1020 ) ;
#1676 = EDGE_CURVE ( 'NONE', #2981, #1227, #1752, .T. ) ;
#1677 = CARTESIAN_POINT ( 'NONE',  ( -1.000000000000000222, 0.09999999999999999167, 2.168404344971008868E-16 ) ) ;
#1678 = ORIENTED_EDGE ( 'NONE', *, *, #2510, .T. ) ;
#1679 = LINE ( 'NONE', #2380, #253 ) ;
#1680 =( LENGTH_UNIT ( ) NAMED_UNIT ( * ) SI_UNIT ( .MILLI., .METRE. ) );
#1681 = COLOUR_RGB ( '',1.000000000000000000, 1.000000000000000000, 1.000000000000000000 ) ;
#1682 = VERTEX_POINT ( 'NONE', #223 ) ;
#1683 = COLOUR_RGB ( '',1.000000000000000000, 1.000000000000000000, 1.000000000000000000 ) ;
#1684 = DIRECTION ( 'NONE',  ( 1.000000000000000000, 0.0000000000000000000, -0.0000000000000000000 ) ) ;
#1685 = PLANE ( 'NONE',  #3257 ) ;
#1686 = EDGE_LOOP ( 'NONE', ( #2872, #3454, #3533, #1056 ) ) ;
#1687 = UNCERTAINTY_MEASURE_WITH_UNIT (LENGTH_MEASURE( 1.000000000000000082E-05 ), #3034, 'distance_accuracy_value', 'NONE');
#1688 = DIRECTION ( 'NONE',  ( -0.8660254037844384856, 0.0000000000000000000, -0.5000000000000002220 ) ) ;
#1689 = ORIENTED_EDGE ( 'NONE', *, *, #779, .F. ) ;
#1690 = FILL_AREA_STYLE ('',( #2865 ) ) ;
#1691 = DIRECTION ( 'NONE',  ( -0.0000000000000000000, -1.000000000000000000, -0.0000000000000000000 ) ) ;
#1692 = ADVANCED_FACE ( 'NONE', ( #2416 ), #3573, .F. ) ;
#1693 = ORIENTED_EDGE ( 'NONE', *, *, #153, .F. ) ;
#1694 = LINE ( 'NONE', #3348, #3188 ) ;
#1695 = DIRECTION ( 'NONE',  ( 2.587789240124152535E-16, 0.0000000000000000000, -1.000000000000000000 ) ) ;
#1696 = ORIENTED_EDGE ( 'NONE', *, *, #3460, .T. ) ;
#1697 = ORIENTED_EDGE ( 'NONE', *, *, #3084, .T. ) ;
#1698 = CARTESIAN_POINT ( 'NONE',  ( 0.0000000000000000000, 0.1499999999999999944, 0.0000000000000000000 ) ) ;
#1699 = COLOUR_RGB ( '',1.000000000000000000, 1.000000000000000000, 1.000000000000000000 ) ;
#1700 = ORIENTED_EDGE ( 'NONE', *, *, #921, .T. ) ;
#1701 = ADVANCED_FACE ( 'NONE', ( #913 ), #338, .F. ) ;
#1702 = AXIS2_PLACEMENT_3D ( 'NONE', #1677, #3352, #1421 ) ;
#1703 = ORIENTED_EDGE ( 'NONE', *, *, #1866, .T. ) ;
#1704 = DIRECTION ( 'NONE',  ( 0.05226442768871396305, -0.9972646886342372285, -0.05226442768871395611 ) ) ;
#1705 = COLOUR_RGB ( '',1.000000000000000000, 1.000000000000000000, 1.000000000000000000 ) ;
#1706 =( GEOMETRIC_REPRESENTATION_CONTEXT ( 3 ) GLOBAL_UNCERTAINTY_ASSIGNED_CONTEXT ( ( #90 ) ) GLOBAL_UNIT_ASSIGNED_CONTEXT ( ( #2486, #1380, #1650 ) ) REPRESENTATION_CONTEXT ( 'NONE', 'WORKASPACE' ) );
#1707 = LINE ( 'NONE', #3214, #3113 ) ;
#1708 = DIRECTION ( 'NONE',  ( -0.8660254037844384856, 0.0000000000000000000, -0.5000000000000002220 ) ) ;
#1709 = AXIS2_PLACEMENT_3D ( 'NONE', #1482, #2023, #2830 ) ;
#1710 = ADVANCED_FACE ( 'NONE', ( #2887 ), #2806, .T. ) ;
#1711 = DIRECTION ( 'NONE',  ( 0.0000000000000000000, 0.0000000000000000000, 1.000000000000000000 ) ) ;
#1712 = FACE_OUTER_BOUND ( 'NONE', #2325, .T. ) ;
#1713 = AXIS2_PLACEMENT_3D ( 'NONE', #120, #388, #2362 ) ;
#1714 = VECTOR ( 'NONE', #1259, 1000.000000000000000 ) ;
#1715 = VERTEX_POINT ( 'NONE', #289 ) ;
#1716 =( NAMED_UNIT ( * ) SI_UNIT ( $, .STERADIAN. ) SOLID_ANGLE_UNIT ( ) );
#1717 = ORIENTED_EDGE ( 'NONE', *, *, #845, .F. ) ;
#1718 = EDGE_CURVE ( 'NONE', #1831, #3180, #2158, .T. ) ;
#1719 = CARTESIAN_POINT ( 'NONE',  ( 0.1215544456622766889, -0.09999999999999999167, 0.1576794919243112436 ) ) ;
#1720 = CARTESIAN_POINT ( 'NONE',  ( 0.9999999999999995559, 0.1499999999999999667, 0.2500000000000000000 ) ) ;
#1721 = ADVANCED_FACE ( 'NONE', ( #1423 ), #276, .T. ) ;
#1722 = ORIENTED_EDGE ( 'NONE', *, *, #853, .T. ) ;
#1723 = DIRECTION ( 'NONE',  ( -0.0000000000000000000, -1.000000000000000000, -0.0000000000000000000 ) ) ;
#1724 = ORIENTED_EDGE ( 'NONE', *, *, #9, .T. ) ;
#1725 = PRESENTATION_LAYER_ASSIGNMENT (  '', '', ( #1366 ) ) ;
#1726 = EDGE_CURVE ( 'NONE', #15, #1831, #1795, .T. ) ;
#1727 = DIRECTION ( 'NONE',  ( 0.0000000000000000000, -1.000000000000000000, 0.0000000000000000000 ) ) ;
#1728 = UNCERTAINTY_MEASURE_WITH_UNIT (LENGTH_MEASURE( 1.000000000000000082E-05 ), #84, 'distance_accuracy_value', 'NONE');
#1729 = ORIENTED_EDGE ( 'NONE', *, *, #3616, .T. ) ;
#1730 = LINE ( 'NONE', #2117, #213 ) ;
#1731 = CARTESIAN_POINT ( 'NONE',  ( -0.9999999999999995559, -0.1499999999999999667, 0.2000000000000002331 ) ) ;
#1732 = CLOSED_SHELL ( 'NONE', ( #3406, #3161, #2877, #3122, #2285, #2565, #1867, #3139, #2831, #2333 ) ) ;
#1733 = FACE_OUTER_BOUND ( 'NONE', #2334, .T. ) ;
#1734 = MECHANICAL_DESIGN_GEOMETRIC_PRESENTATION_REPRESENTATION (  '', ( #425 ), #1923 ) ;
#1735 = ORIENTED_EDGE ( 'NONE', *, *, #408, .F. ) ;
#1736 = AXIS2_PLACEMENT_3D ( 'NONE', #3030, #2761, #2228 ) ;
#1737 = ORIENTED_EDGE ( 'NONE', *, *, #728, .T. ) ;
#1738 = EDGE_LOOP ( 'NONE', ( #3226, #180, #1257, #566 ) ) ;
#1739 = EDGE_CURVE ( 'NONE', #661, #43, #3280, .T. ) ;
#1740 = ADVANCED_FACE ( 'NONE', ( #3195 ), #671, .F. ) ;
#1741 = DIRECTION ( 'NONE',  ( 1.000000000000000000, -0.0000000000000000000, -4.743384504624079927E-16 ) ) ;
#1742 = VECTOR ( 'NONE', #1653, 1000.000000000000000 ) ;
#1743 = EDGE_LOOP ( 'NONE', ( #2652, #318, #1897, #3607, #1536, #1606, #1678, #1961 ) ) ;
#1744 = CARTESIAN_POINT ( 'NONE',  ( -1.400000000000000577, -0.1499999999999999944, -0.4999999999999997780 ) ) ;
#1745 = CARTESIAN_POINT ( 'NONE',  ( 0.9999999999999995559, -0.1499999999999999667, -0.4999999999999997780 ) ) ;
#1746 = EDGE_CURVE ( 'NONE', #1306, #866, #676, .T. ) ;
#1747 = LINE ( 'NONE', #2336, #1004 ) ;
#1748 = ORIENTED_EDGE ( 'NONE', *, *, #1909, .F. ) ;
#1749 = ORIENTED_EDGE ( 'NONE', *, *, #332, .F. ) ;
#1750 = FACE_OUTER_BOUND ( 'NONE', #824, .T. ) ;
#1751 = DIRECTION ( 'NONE',  ( 0.0000000000000000000, 0.0000000000000000000, 1.000000000000000000 ) ) ;
#1752 = LINE ( 'NONE', #2923, #324 ) ;
#1753 = DIRECTION ( 'NONE',  ( 0.0000000000000000000, -0.0000000000000000000, 1.000000000000000000 ) ) ;
#1754 = CARTESIAN_POINT ( 'NONE',  ( 0.6999999999999999556, 0.1499999999999999944, 0.6250000000000002220 ) ) ;
#1755 = EDGE_LOOP ( 'NONE', ( #3530, #1648, #445, #2912, #3322 ) ) ;
#1756 = CIRCLE ( 'NONE', #1647, 0.2000000000000002331 ) ;
#1757 =( GEOMETRIC_REPRESENTATION_CONTEXT ( 3 ) GLOBAL_UNCERTAINTY_ASSIGNED_CONTEXT ( ( #3550 ) ) GLOBAL_UNIT_ASSIGNED_CONTEXT ( ( #3339, #1938, #151 ) ) REPRESENTATION_CONTEXT ( 'NONE', 'WORKASPACE' ) );
#1758 = DIRECTION ( 'NONE',  ( 0.0000000000000000000, -1.000000000000000000, 0.0000000000000000000 ) ) ;
#1759 = UNCERTAINTY_MEASURE_WITH_UNIT (LENGTH_MEASURE( 1.000000000000000082E-05 ), #3377, 'distance_accuracy_value', 'NONE');
#1760 = DIRECTION ( 'NONE',  ( -3.469446951953614189E-16, 0.0000000000000000000, -1.000000000000000000 ) ) ;
#1761 = CARTESIAN_POINT ( 'NONE',  ( -0.6571428571428572507, 0.1499999999999999944, -0.2060315014550845869 ) ) ;
#1762 = EDGE_LOOP ( 'NONE', ( #2752, #426, #1528, #1791 ) ) ;
#1763 = CARTESIAN_POINT ( 'NONE',  ( -1.000000000000000222, 0.1499999999999999944, 2.168404344971008868E-16 ) ) ;
#1764 = CLOSED_SHELL ( 'NONE', ( #1162, #69, #302, #1006, #2584, #3372, #1153, #618 ) ) ;
#1765 = ADVANCED_FACE ( 'NONE', ( #1465 ), #1287, .F. ) ;
#1766 = AXIS2_PLACEMENT_3D ( 'NONE', #826, #2795, #1121 ) ;
#1767 = AXIS2_PLACEMENT_3D ( 'NONE', #2694, #2426, #1760 ) ;
#1768 = CARTESIAN_POINT ( 'NONE',  ( 0.9999999999999995559, 0.1499999999999999944, 0.2500000000000000000 ) ) ;
#1769 =( NAMED_UNIT ( * ) SI_UNIT ( $, .STERADIAN. ) SOLID_ANGLE_UNIT ( ) );
#1770 = ORIENTED_EDGE ( 'NONE', *, *, #781, .F. ) ;
#1771 = AXIS2_PLACEMENT_3D ( 'NONE', #227, #1935, #3603 ) ;
#1772 = DIRECTION ( 'NONE',  ( 0.0000000000000000000, -0.0000000000000000000, 1.000000000000000000 ) ) ;
#1773 = SURFACE_SIDE_STYLE ('',( #283 ) ) ;
#1774 = ORIENTED_EDGE ( 'NONE', *, *, #1617, .T. ) ;
#1775 = LINE ( 'NONE', #2088, #933 ) ;
#1776 = CARTESIAN_POINT ( 'NONE',  ( 0.9999999999999995559, -0.09999999999999999167, -0.2000000000000002331 ) ) ;
#1777 = CARTESIAN_POINT ( 'NONE',  ( 0.1315544456622766978, -0.1499999999999999944, -0.1403589838486224706 ) ) ;
#1778 = EDGE_CURVE ( 'NONE', #1908, #1780, #2934, .T. ) ;
#1779 = FACE_OUTER_BOUND ( 'NONE', #3541, .T. ) ;
#1780 = VERTEX_POINT ( 'NONE', #1761 ) ;
#1781 = EDGE_CURVE ( 'NONE', #2052, #670, #584, .T. ) ;
#1782 = SURFACE_SIDE_STYLE ('',( #3442 ) ) ;
#1783 = VERTEX_POINT ( 'NONE', #2293 ) ;
#1784 = CARTESIAN_POINT ( 'NONE',  ( 0.5999999999999999778, -0.09999999999999999167, -0.4999999999999997780 ) ) ;
#1785 = CARTESIAN_POINT ( 'NONE',  ( -1.000000000000000444, -0.9326237921249266316, -0.3499999999999998113 ) ) ;
#1786 = AXIS2_PLACEMENT_3D ( 'NONE', #3186, #2398, #1851 ) ;
#1787 = VERTEX_POINT ( 'NONE', #1167 ) ;
#1788 = SURFACE_STYLE_USAGE ( .BOTH. , #3461 ) ;
#1789 = CARTESIAN_POINT ( 'NONE',  ( -0.6999999999999999556, 0.1499999999999999944, -0.2645751311064587497 ) ) ;
#1790 = CYLINDRICAL_SURFACE ( 'NONE', #3556, 0.4000000000000000777 ) ;
#1791 = ORIENTED_EDGE ( 'NONE', *, *, #282, .T. ) ;
#1792 = EDGE_CURVE ( 'NONE', #3560, #387, #2097, .T. ) ;
#1793 = EDGE_LOOP ( 'NONE', ( #1409, #1689, #156, #1277 ) ) ;
#1794 = DIRECTION ( 'NONE',  ( 0.0000000000000000000, 0.0000000000000000000, -1.000000000000000000 ) ) ;
#1795 = LINE ( 'NONE', #3157, #2551 ) ;
#1796 = CLOSED_SHELL ( 'NONE', ( #2823, #2424, #1200, #1582, #2686, #1692, #1173, #434 ) ) ;
#1797 = CARTESIAN_POINT ( 'NONE',  ( 0.0000000000000000000, 0.5500000000000000444, 0.0000000000000000000 ) ) ;
#1798 = COLOUR_RGB ( '',0.7921568627450980005, 0.8196078431372548767, 0.9333333333333333481 ) ;
#1799 = ORIENTED_EDGE ( 'NONE', *, *, #1857, .F. ) ;
#1800 = FACE_OUTER_BOUND ( 'NONE', #3443, .T. ) ;
#1801 = DIRECTION ( 'NONE',  ( 0.0000000000000000000, 0.0000000000000000000, 1.000000000000000000 ) ) ;
#1802 = CARTESIAN_POINT ( 'NONE',  ( 0.5999999999999999778, -0.09999999999999999167, 0.5000000000000002220 ) ) ;
#1803 = CARTESIAN_POINT ( 'NONE',  ( -0.5999999999999998668, 0.1499999999999999944, -0.6250000000000002220 ) ) ;
#1804 = EDGE_CURVE ( 'NONE', #968, #2960, #2751, .T. ) ;
#1805 = MANIFOLD_SOLID_BREP ( 'Boss-Extrude7', #1764 ) ;
#1806 = DIRECTION ( 'NONE',  ( 0.0000000000000000000, 0.0000000000000000000, -1.000000000000000000 ) ) ;
#1807 = LINE ( 'NONE', #2477, #290 ) ;
#1808 = STYLED_ITEM ( 'NONE', ( #1915 ), #3105 ) ;
#1809 =( NAMED_UNIT ( * ) PLANE_ANGLE_UNIT ( ) SI_UNIT ( $, .RADIAN. ) );
#1810 = DIRECTION ( 'NONE',  ( 0.0000000000000000000, 0.0000000000000000000, 1.000000000000000000 ) ) ;
#1811 = EDGE_CURVE ( 'NONE', #771, #1715, #1747, .T. ) ;
#1812 = FACE_OUTER_BOUND ( 'NONE', #2279, .T. ) ;
#1813 = EDGE_LOOP ( 'NONE', ( #3619, #1748, #1717, #2629 ) ) ;
#1814 = EDGE_CURVE ( 'NONE', #1603, #125, #1276, .T. ) ;
#1815 = FILL_AREA_STYLE ('',( #664 ) ) ;
#1816 = PRODUCT_RELATED_PRODUCT_CATEGORY ( 'part', '', ( #58 ) ) ;
#1817 = CARTESIAN_POINT ( 'NONE',  ( -0.9999999999999995559, -0.1499999999999999667, -0.2000000000000002331 ) ) ;
#1818 = DIRECTION ( 'NONE',  ( 0.0000000000000000000, 0.0000000000000000000, -1.000000000000000000 ) ) ;
#1819 = SURFACE_STYLE_USAGE ( .BOTH. , #663 ) ;
#1820 = VERTEX_POINT ( 'NONE', #2127 ) ;
#1821 = PRESENTATION_STYLE_ASSIGNMENT (( #2688 ) ) ;
#1822 = CARTESIAN_POINT ( 'NONE',  ( 1.400000000000000577, -0.09999999999999999167, 0.5000000000000002220 ) ) ;
#1823 = SURFACE_SIDE_STYLE ('',( #1050 ) ) ;
#1824 = EDGE_LOOP ( 'NONE', ( #607, #2361, #940, #2068 ) ) ;
#1825 = VERTEX_POINT ( 'NONE', #2024 ) ;
#1826 = LINE ( 'NONE', #3000, #3220 ) ;
#1827 = ORIENTED_EDGE ( 'NONE', *, *, #2792, .F. ) ;
#1828 = CARTESIAN_POINT ( 'NONE',  ( 0.6999999999999999556, 0.1499999999999999944, -0.2500000000000000000 ) ) ;
#1829 = LINE ( 'NONE', #412, #214 ) ;
#1830 = PLANE ( 'NONE',  #3376 ) ;
#1831 = VERTEX_POINT ( 'NONE', #1263 ) ;
#1832 = CARTESIAN_POINT ( 'NONE',  ( 0.1515544456622766878, -0.09999999999999999167, -0.1403589838486224706 ) ) ;
#1833 = STYLED_ITEM ( 'NONE', ( #3511 ), #880 ) ;
#1834 = CARTESIAN_POINT ( 'NONE',  ( -1.000000000000000222, 0.09999999999999999167, 2.168404344971008868E-16 ) ) ;
#1835 = VERTEX_POINT ( 'NONE', #1674 ) ;
#1836 = AXIS2_PLACEMENT_3D ( 'NONE', #727, #205, #2512 ) ;
#1837 = VERTEX_POINT ( 'NONE', #3320 ) ;
#1838 = FILL_AREA_STYLE_COLOUR ( '', #224 ) ;
#1839 = LINE ( 'NONE', #730, #1093 ) ;
#1840 = VERTEX_POINT ( 'NONE', #2099 ) ;
#1841 = AXIS2_PLACEMENT_3D ( 'NONE', #1066, #1119, #3589 ) ;
#1842 = DIRECTION ( 'NONE',  ( -1.000000000000000000, 0.0000000000000000000, 0.0000000000000000000 ) ) ;
#1843 = ORIENTED_EDGE ( 'NONE', *, *, #831, .T. ) ;
#1844 =( NAMED_UNIT ( * ) PLANE_ANGLE_UNIT ( ) SI_UNIT ( $, .RADIAN. ) );
#1845 = DIRECTION ( 'NONE',  ( 0.0000000000000000000, 0.0000000000000000000, 1.000000000000000000 ) ) ;
#1846 = CARTESIAN_POINT ( 'NONE',  ( -1.000000000000000444, 0.1499999999999999944, -0.3499999999999998113 ) ) ;
#1847 = ORIENTED_EDGE ( 'NONE', *, *, #2176, .T. ) ;
#1848 = VECTOR ( 'NONE', #702, 1000.000000000000000 ) ;
#1849 = PLANE ( 'NONE',  #3027 ) ;
#1850 = VERTEX_POINT ( 'NONE', #550 ) ;
#1851 = DIRECTION ( 'NONE',  ( 0.0000000000000000000, 0.0000000000000000000, 1.000000000000000000 ) ) ;
#1852 = CARTESIAN_POINT ( 'NONE',  ( 0.1315544456622766978, -0.09999999999999999167, -0.1403589838486224706 ) ) ;
#1853 = FACE_OUTER_BOUND ( 'NONE', #357, .T. ) ;
#1854 = ADVANCED_FACE ( 'NONE', ( #1661 ), #229, .F. ) ;
#1855 =( NAMED_UNIT ( * ) SI_UNIT ( $, .STERADIAN. ) SOLID_ANGLE_UNIT ( ) );
#1856 = UNCERTAINTY_MEASURE_WITH_UNIT (LENGTH_MEASURE( 1.000000000000000082E-05 ), #892, 'distance_accuracy_value', 'NONE');
#1857 = EDGE_CURVE ( 'NONE', #2115, #1070, #2410, .T. ) ;
#1858 = CARTESIAN_POINT ( 'NONE',  ( 0.9999999999999995559, -1.227032961426900881, 0.5000000000000002220 ) ) ;
#1859 = AXIS2_PLACEMENT_3D ( 'NONE', #1383, #765, #701 ) ;
#1860 = ORIENTED_EDGE ( 'NONE', *, *, #3099, .F. ) ;
#1861 = PRODUCT_CONTEXT ( 'NONE', #435, 'mechanical' ) ;
#1862 = FILL_AREA_STYLE_COLOUR ( '', #2256 ) ;
#1863 = FILL_AREA_STYLE ('',( #2985 ) ) ;
#1864 = EDGE_LOOP ( 'NONE', ( #2145, #3090, #183, #2586 ) ) ;
#1865 = CARTESIAN_POINT ( 'NONE',  ( 0.6999999999999999556, 0.7330951894845298966, -0.2500000000000000000 ) ) ;
#1866 = EDGE_CURVE ( 'NONE', #11, #3455, #1361, .T. ) ;
#1867 = ADVANCED_FACE ( 'NONE', ( #144 ), #581, .T. ) ;
#1868 = LINE ( 'NONE', #3563, #350 ) ;
#1869 = DIRECTION ( 'NONE',  ( -1.000000000000000000, 0.0000000000000000000, 0.0000000000000000000 ) ) ;
#1870 = FILL_AREA_STYLE ('',( #174 ) ) ;
#1871 = SURFACE_SIDE_STYLE ('',( #636 ) ) ;
#1872 = ORIENTED_EDGE ( 'NONE', *, *, #2191, .T. ) ;
#1873 = DIRECTION ( 'NONE',  ( 0.0000000000000000000, -1.000000000000000000, 0.0000000000000000000 ) ) ;
#1874 = FILL_AREA_STYLE_COLOUR ( '', #2667 ) ;
#1875 = AXIS2_PLACEMENT_3D ( 'NONE', #2096, #1727, #901 ) ;
#1876 = DIRECTION ( 'NONE',  ( 1.000000000000000000, 0.0000000000000000000, 0.0000000000000000000 ) ) ;
#1877 = CYLINDRICAL_SURFACE ( 'NONE', #2366, 0.01999999999999999695 ) ;
#1878 = EDGE_LOOP ( 'NONE', ( #984, #3012, #2086, #454 ) ) ;
#1879 = FACE_OUTER_BOUND ( 'NONE', #219, .T. ) ;
#1880 =( LENGTH_UNIT ( ) NAMED_UNIT ( * ) SI_UNIT ( .MILLI., .METRE. ) );
#1881 = FACE_OUTER_BOUND ( 'NONE', #316, .T. ) ;
#1882 = ORIENTED_EDGE ( 'NONE', *, *, #439, .F. ) ;
#1883 = VERTEX_POINT ( 'NONE', #3390 ) ;
#1884 = FACE_OUTER_BOUND ( 'NONE', #2484, .T. ) ;
#1885 = CARTESIAN_POINT ( 'NONE',  ( -1.000000000000000222, 0.1499999999999999944, 2.168404344971008868E-16 ) ) ;
#1886 = AXIS2_PLACEMENT_3D ( 'NONE', #2670, #990, #2952 ) ;
#1887 = VERTEX_POINT ( 'NONE', #1413 ) ;
#1888 = DIRECTION ( 'NONE',  ( -0.0000000000000000000, -0.0000000000000000000, -1.000000000000000000 ) ) ;
#1889 = CARTESIAN_POINT ( 'NONE',  ( 0.5999999999999999778, -0.09999999999999999167, -0.4999999999999997780 ) ) ;
#1890 =( NAMED_UNIT ( * ) PLANE_ANGLE_UNIT ( ) SI_UNIT ( $, .RADIAN. ) );
#1891 = CYLINDRICAL_SURFACE ( 'NONE', #3517, 0.01999999999999999695 ) ;
#1892 = VERTEX_POINT ( 'NONE', #3345 ) ;
#1893 = DIRECTION ( 'NONE',  ( -0.0000000000000000000, -1.000000000000000000, -0.0000000000000000000 ) ) ;
#1894 = VECTOR ( 'NONE', #212, 1000.000000000000000 ) ;
#1895 = PLANE ( 'NONE',  #122 ) ;
#1896 = DIRECTION ( 'NONE',  ( 1.445602896647339706E-15, 0.0000000000000000000, -1.000000000000000000 ) ) ;
#1897 = ORIENTED_EDGE ( 'NONE', *, *, #383, .F. ) ;
#1898 = AXIS2_PLACEMENT_3D ( 'NONE', #915, #3149, #2860 ) ;
#1899 = CARTESIAN_POINT ( 'NONE',  ( -0.5999999999999998668, 0.1499999999999999944, -0.6250000000000002220 ) ) ;
#1900 = STYLED_ITEM ( 'NONE', ( #2008 ), #2545 ) ;
#1901 = DIRECTION ( 'NONE',  ( -0.0000000000000000000, -1.000000000000000000, -0.0000000000000000000 ) ) ;
#1902 = VERTEX_POINT ( 'NONE', #980 ) ;
#1903 = MECHANICAL_DESIGN_GEOMETRIC_PRESENTATION_REPRESENTATION (  '', ( #1537 ), #2084 ) ;
#1904 = FACE_OUTER_BOUND ( 'NONE', #301, .T. ) ;
#1905 = AXIS2_PLACEMENT_3D ( 'NONE', #374, #3169, #1512 ) ;
#1906 = ORIENTED_EDGE ( 'NONE', *, *, #2684, .F. ) ;
#1907 = CARTESIAN_POINT ( 'NONE',  ( -1.000000000000000222, 0.1499999999999999944, 2.168404344971008868E-16 ) ) ;
#1908 = VERTEX_POINT ( 'NONE', #1630 ) ;
#1909 = EDGE_CURVE ( 'NONE', #303, #771, #2802, .T. ) ;
#1910 = CIRCLE ( 'NONE', #1281, 0.3500000000000000333 ) ;
#1911 = ORIENTED_EDGE ( 'NONE', *, *, #1195, .T. ) ;
#1912 = ORIENTED_EDGE ( 'NONE', *, *, #1063, .F. ) ;
#1913 = ORIENTED_EDGE ( 'NONE', *, *, #1494, .F. ) ;
#1914 = DIRECTION ( 'NONE',  ( -1.000000000000000000, 0.0000000000000000000, 0.0000000000000000000 ) ) ;
#1915 = PRESENTATION_STYLE_ASSIGNMENT (( #3073 ) ) ;
#1916 = PLANE ( 'NONE',  #1478 ) ;
#1917 = MECHANICAL_DESIGN_GEOMETRIC_PRESENTATION_REPRESENTATION (  '', ( #1366 ), #2108 ) ;
#1918 = DIRECTION ( 'NONE',  ( 0.0000000000000000000, 0.0000000000000000000, -1.000000000000000000 ) ) ;
#1919 = EDGE_CURVE ( 'NONE', #1835, #2306, #3540, .T. ) ;
#1920 = ORIENTED_EDGE ( 'NONE', *, *, #6, .T. ) ;
#1921 = COLOUR_RGB ( '',0.7921568627450980005, 0.8196078431372548767, 0.9333333333333333481 ) ;
#1922 = CARTESIAN_POINT ( 'NONE',  ( 0.9999999999999995559, 0.09999999999999999167, -0.2500000000000000000 ) ) ;
#1923 =( GEOMETRIC_REPRESENTATION_CONTEXT ( 3 ) GLOBAL_UNCERTAINTY_ASSIGNED_CONTEXT ( ( #249 ) ) GLOBAL_UNIT_ASSIGNED_CONTEXT ( ( #2943, #1052, #111 ) ) REPRESENTATION_CONTEXT ( 'NONE', 'WORKASPACE' ) );
#1924 = EDGE_LOOP ( 'NONE', ( #211, #419, #2077, #3497, #2890, #2001 ) ) ;
#1925 = CARTESIAN_POINT ( 'NONE',  ( 0.5999999999999999778, -0.09999999999999999167, 0.5000000000000002220 ) ) ;
#1926 = STYLED_ITEM ( 'NONE', ( #3544 ), #1721 ) ;
#1927 = ORIENTED_EDGE ( 'NONE', *, *, #2555, .T. ) ;
#1928 = LINE ( 'NONE', #1351, #420 ) ;
#1929 = EDGE_LOOP ( 'NONE', ( #2284, #941, #1190, #2591 ) ) ;
#1930 = SURFACE_SIDE_STYLE ('',( #87 ) ) ;
#1931 = EDGE_CURVE ( 'NONE', #201, #1835, #540, .T. ) ;
#1932 = DIRECTION ( 'NONE',  ( -0.0000000000000000000, -1.000000000000000000, -0.0000000000000000000 ) ) ;
#1933 = DIRECTION ( 'NONE',  ( -0.0000000000000000000, -1.000000000000000000, -0.0000000000000000000 ) ) ;
#1934 = CARTESIAN_POINT ( 'NONE',  ( -1.000000000000000000, -0.09999999999999999167, 0.5000000000000002220 ) ) ;
#1935 = DIRECTION ( 'NONE',  ( 0.0000000000000000000, 1.000000000000000000, 0.0000000000000000000 ) ) ;
#1936 = DIRECTION ( 'NONE',  ( 1.084202172485504434E-16, -0.0000000000000000000, 1.000000000000000000 ) ) ;
#1937 = EDGE_CURVE ( 'NONE', #2547, #2970, #2047, .T. ) ;
#1938 =( NAMED_UNIT ( * ) PLANE_ANGLE_UNIT ( ) SI_UNIT ( $, .RADIAN. ) );
#1939 = DIRECTION ( 'NONE',  ( 0.0000000000000000000, -0.0000000000000000000, -1.000000000000000000 ) ) ;
#1940 = SURFACE_STYLE_FILL_AREA ( #1948 ) ;
#1941 = CARTESIAN_POINT ( 'NONE',  ( 0.9999999999999995559, -0.1499999999999999667, 0.5000000000000002220 ) ) ;
#1942 = DIRECTION ( 'NONE',  ( 0.0000000000000000000, 0.0000000000000000000, -1.000000000000000000 ) ) ;
#1943 = CARTESIAN_POINT ( 'NONE',  ( -0.6571428571428572507, 0.1499999999999999944, -0.2060315014550846979 ) ) ;
#1944 = CARTESIAN_POINT ( 'NONE',  ( -0.5999999999999999778, 0.1499999999999999944, -0.2060315014550845869 ) ) ;
#1945 =( LENGTH_UNIT ( ) NAMED_UNIT ( * ) SI_UNIT ( .MILLI., .METRE. ) );
#1946 = ORIENTED_EDGE ( 'NONE', *, *, #973, .T. ) ;
#1947 = DIRECTION ( 'NONE',  ( -1.000000000000000000, 0.0000000000000000000, 1.084202172485503448E-15 ) ) ;
#1948 = FILL_AREA_STYLE ('',( #3382 ) ) ;
#1949 = PRESENTATION_LAYER_ASSIGNMENT (  '', '', ( #1586 ) ) ;
#1950 = AXIS2_PLACEMENT_3D ( 'NONE', #3170, #909, #1003 ) ;
#1951 = ORIENTED_EDGE ( 'NONE', *, *, #2503, .F. ) ;
#1952 = PRESENTATION_LAYER_ASSIGNMENT (  '', '', ( #1589 ) ) ;
#1953 = LINE ( 'NONE', #1065, #441 ) ;
#1954 = CARTESIAN_POINT ( 'NONE',  ( 0.6999999999999999556, 0.1499999999999999944, -0.6250000000000002220 ) ) ;
#1955 = PLANE ( 'NONE',  #2172 ) ;
#1956 = FILL_AREA_STYLE_COLOUR ( '', #2032 ) ;
#1957 = SURFACE_STYLE_USAGE ( .BOTH. , #3635 ) ;
#1958 = EDGE_LOOP ( 'NONE', ( #559, #3302, #3233, #2048 ) ) ;
#1959 = UNCERTAINTY_MEASURE_WITH_UNIT (LENGTH_MEASURE( 1.000000000000000082E-05 ), #1608, 'distance_accuracy_value', 'NONE');
#1960 = FACE_OUTER_BOUND ( 'NONE', #1567, .T. ) ;
#1961 = ORIENTED_EDGE ( 'NONE', *, *, #1676, .F. ) ;
#1962 = EDGE_CURVE ( 'NONE', #2705, #1348, #3448, .T. ) ;
#1963 = LINE ( 'NONE', #2464, #3359 ) ;
#1964 =( NAMED_UNIT ( * ) SI_UNIT ( $, .STERADIAN. ) SOLID_ANGLE_UNIT ( ) );
#1965 = AXIS2_PLACEMENT_3D ( 'NONE', #3462, #1391, #2218 ) ;
#1966 = LINE ( 'NONE', #3553, #1141 ) ;
#1967 = EDGE_LOOP ( 'NONE', ( #2133, #3396, #582, #1703, #3093 ) ) ;
#1968 = CARTESIAN_POINT ( 'NONE',  ( -0.6800301876475773888, 0.5310467191248589014, -0.6250000000000002220 ) ) ;
#1969 = FACE_OUTER_BOUND ( 'NONE', #2701, .T. ) ;
#1970 = EDGE_CURVE ( 'NONE', #1525, #3086, #1229, .T. ) ;
#1971 = ORIENTED_EDGE ( 'NONE', *, *, #2928, .T. ) ;
#1972 = ORIENTED_EDGE ( 'NONE', *, *, #1550, .F. ) ;
#1973 = CARTESIAN_POINT ( 'NONE',  ( -1.000000000000000444, 0.1499999999999999944, -0.3999999999999998557 ) ) ;
#1974 = VECTOR ( 'NONE', #45, 1000.000000000000000 ) ;
#1975 =( NAMED_UNIT ( * ) SI_UNIT ( $, .STERADIAN. ) SOLID_ANGLE_UNIT ( ) );
#1976 = COLOUR_RGB ( '',0.7529411764705882248, 0.7529411764705882248, 0.0000000000000000000 ) ;
#1977 = EDGE_CURVE ( 'NONE', #3208, #2115, #1966, .T. ) ;
#1978 = SURFACE_STYLE_USAGE ( .BOTH. , #873 ) ;
#1979 = DIRECTION ( 'NONE',  ( 0.0000000000000000000, 0.0000000000000000000, 1.000000000000000000 ) ) ;
#1980 = ORIENTED_EDGE ( 'NONE', *, *, #973, .F. ) ;
#1981 = VECTOR ( 'NONE', #2215, 1000.000000000000000 ) ;
#1982 = ADVANCED_FACE ( 'NONE', ( #1881 ), #2278, .T. ) ;
#1983 =( NAMED_UNIT ( * ) PLANE_ANGLE_UNIT ( ) SI_UNIT ( $, .RADIAN. ) );
#1984 = EDGE_CURVE ( 'NONE', #523, #1887, #1619, .T. ) ;
#1985 = ORIENTED_EDGE ( 'NONE', *, *, #2374, .F. ) ;
#1986 = ADVANCED_FACE ( 'NONE', ( #865 ), #273, .F. ) ;
#1987 = SURFACE_STYLE_USAGE ( .BOTH. , #1871 ) ;
#1988 = AXIS2_PLACEMENT_3D ( 'NONE', #72, #2014, #3133 ) ;
#1989 = VECTOR ( 'NONE', #1711, 1000.000000000000000 ) ;
#1990 = EDGE_CURVE ( 'NONE', #3065, #2055, #14, .T. ) ;
#1991 = ORIENTED_EDGE ( 'NONE', *, *, #985, .T. ) ;
#1992 = EDGE_CURVE ( 'NONE', #257, #1296, #1535, .T. ) ;
#1993 = ORIENTED_EDGE ( 'NONE', *, *, #3162, .F. ) ;
#1994 = CARTESIAN_POINT ( 'NONE',  ( -0.1215544456622767305, -0.1499999999999999944, -0.01732050807568879386 ) ) ;
#1995 = ORIENTED_EDGE ( 'NONE', *, *, #2602, .T. ) ;
#1996 = ADVANCED_FACE ( 'NONE', ( #767 ), #1524, .F. ) ;
#1997 = DIRECTION ( 'NONE',  ( -0.0000000000000000000, -1.000000000000000000, -0.0000000000000000000 ) ) ;
#1998 = DIRECTION ( 'NONE',  ( 0.0000000000000000000, 0.0000000000000000000, 1.000000000000000000 ) ) ;
#1999 = ORIENTED_EDGE ( 'NONE', *, *, #337, .T. ) ;
#2000 = SURFACE_STYLE_FILL_AREA ( #3416 ) ;
#2001 = ORIENTED_EDGE ( 'NONE', *, *, #838, .T. ) ;
#2002 = ADVANCED_FACE ( 'NONE', ( #2929 ), #1955, .F. ) ;
#2003 = ORIENTED_EDGE ( 'NONE', *, *, #2356, .T. ) ;
#2004 = FACE_OUTER_BOUND ( 'NONE', #1924, .T. ) ;
#2005 = VECTOR ( 'NONE', #1896, 1000.000000000000000 ) ;
#2006 = ORIENTED_EDGE ( 'NONE', *, *, #217, .F. ) ;
#2007 = ORIENTED_EDGE ( 'NONE', *, *, #1186, .F. ) ;
#2008 = PRESENTATION_STYLE_ASSIGNMENT (( #1626 ) ) ;
#2009 = AXIS2_PLACEMENT_3D ( 'NONE', #1591, #3262, #1301 ) ;
#2010 = ORIENTED_EDGE ( 'NONE', *, *, #3187, .F. ) ;
#2011 = LINE ( 'NONE', #2164, #2508 ) ;
#2012 = CARTESIAN_POINT ( 'NONE',  ( 0.9999999999999995559, 0.09999999999999999167, 0.2500000000000000000 ) ) ;
#2013 = EDGE_LOOP ( 'NONE', ( #2159, #2140, #1911, #61 ) ) ;
#2014 = DIRECTION ( 'NONE',  ( 1.000000000000000000, 0.0000000000000000000, -9.637352644315598694E-16 ) ) ;
#2015 = COLOUR_RGB ( '',0.7529411764705882248, 0.7529411764705882248, 0.0000000000000000000 ) ;
#2016 = ADVANCED_FACE ( 'NONE', ( #3575 ), #117, .F. ) ;
#2017 = MECHANICAL_DESIGN_GEOMETRIC_PRESENTATION_REPRESENTATION (  '', ( #1554 ), #2219 ) ;
#2018 = FILL_AREA_STYLE_COLOUR ( '', #649 ) ;
#2019 = VECTOR ( 'NONE', #1888, 1000.000000000000000 ) ;
#2020 = AXIS2_PLACEMENT_3D ( 'NONE', #3371, #1435, #3092 ) ;
#2021 = FACE_OUTER_BOUND ( 'NONE', #1540, .T. ) ;
#2022 = CARTESIAN_POINT ( 'NONE',  ( -0.5999999999999999778, 0.09999999999999999167, -0.2060315014550845869 ) ) ;
#2023 = DIRECTION ( 'NONE',  ( -0.0000000000000000000, 1.000000000000000000, -0.0000000000000000000 ) ) ;
#2024 = CARTESIAN_POINT ( 'NONE',  ( -0.5999999999999998668, 0.1499999999999999944, -0.6250000000000002220 ) ) ;
#2025 = LINE ( 'NONE', #514, #512 ) ;
#2026 = CARTESIAN_POINT ( 'NONE',  ( 0.1515544456622766878, -0.09999999999999999167, 0.1403589838486224706 ) ) ;
#2027 = FACE_OUTER_BOUND ( 'NONE', #564, .T. ) ;
#2028 = ORIENTED_EDGE ( 'NONE', *, *, #3099, .T. ) ;
#2029 = PRESENTATION_STYLE_ASSIGNMENT (( #1788 ) ) ;
#2030 = EDGE_CURVE ( 'NONE', #3560, #2157, #672, .T. ) ;
#2031 = ADVANCED_FACE ( 'NONE', ( #1459 ), #1204, .F. ) ;
#2032 = COLOUR_RGB ( '',1.000000000000000000, 1.000000000000000000, 1.000000000000000000 ) ;
#2033 =( NAMED_UNIT ( * ) PLANE_ANGLE_UNIT ( ) SI_UNIT ( $, .RADIAN. ) );
#2034 = VECTOR ( 'NONE', #473, 1000.000000000000000 ) ;
#2035 = VECTOR ( 'NONE', #82, 1000.000000000000000 ) ;
#2036 = DIRECTION ( 'NONE',  ( 0.0000000000000000000, 1.000000000000000000, 0.0000000000000000000 ) ) ;
#2037 = DIRECTION ( 'NONE',  ( -1.000000000000000000, 0.0000000000000000000, 0.0000000000000000000 ) ) ;
#2038 = AXIS2_PLACEMENT_3D ( 'NONE', #1907, #1933, #1918 ) ;
#2039 = CARTESIAN_POINT ( 'NONE',  ( 0.5999999999999999778, -0.09999999999999999167, 0.5000000000000002220 ) ) ;
#2040 = CARTESIAN_POINT ( 'NONE',  ( -0.6571428571428571397, 0.1499999999999999944, 0.2060315014550850032 ) ) ;
#2041 = ORIENTED_EDGE ( 'NONE', *, *, #554, .T. ) ;
#2042 = LINE ( 'NONE', #1292, #1226 ) ;
#2043 = ORIENTED_EDGE ( 'NONE', *, *, #3303, .F. ) ;
#2044 = CARTESIAN_POINT ( 'NONE',  ( 0.1315544456622766700, -0.09999999999999999167, 0.1403589838486224151 ) ) ;
#2045 = DIRECTION ( 'NONE',  ( -0.0000000000000000000, 1.000000000000000000, -0.0000000000000000000 ) ) ;
#2046 = VECTOR ( 'NONE', #1077, 1000.000000000000000 ) ;
#2047 = CIRCLE ( 'NONE', #3171, 0.02000000000000001429 ) ;
#2048 = ORIENTED_EDGE ( 'NONE', *, *, #1224, .T. ) ;
#2049 = ORIENTED_EDGE ( 'NONE', *, *, #337, .F. ) ;
#2050 = EDGE_LOOP ( 'NONE', ( #1012, #266, #1700, #3503, #2184, #2803 ) ) ;
#2051 = VECTOR ( 'NONE', #2201, 1000.000000000000000 ) ;
#2052 = VERTEX_POINT ( 'NONE', #2143 ) ;
#2053 = DIRECTION ( 'NONE',  ( -0.0000000000000000000, 1.000000000000000000, -0.0000000000000000000 ) ) ;
#2054 = SURFACE_SIDE_STYLE ('',( #2998 ) ) ;
#2055 = VERTEX_POINT ( 'NONE', #2733 ) ;
#2056 = SURFACE_STYLE_FILL_AREA ( #321 ) ;
#2057 = VECTOR ( 'NONE', #3469, 1000.000000000000000 ) ;
#2058 = AXIS2_PLACEMENT_3D ( 'NONE', #3013, #766, #1067 ) ;
#2059 = DIRECTION ( 'NONE',  ( -1.000000000000000000, 0.0000000000000000000, 7.115076756936119693E-15 ) ) ;
#2060 = SURFACE_STYLE_FILL_AREA ( #1870 ) ;
#2061 = CARTESIAN_POINT ( 'NONE',  ( 0.1515544456622766878, -0.1499999999999999667, 0.1403589838486224706 ) ) ;
#2062 = AXIS2_PLACEMENT_3D ( 'NONE', #1802, #667, #2644 ) ;
#2063 =( NAMED_UNIT ( * ) PLANE_ANGLE_UNIT ( ) SI_UNIT ( $, .RADIAN. ) );
#2064 = CARTESIAN_POINT ( 'NONE',  ( -1.000000000000000444, 0.09999999999999999167, -0.3999999999999998557 ) ) ;
#2065 = MANIFOLD_SOLID_BREP ( 'Boss-Extrude3[1]', #2494 ) ;
#2066 = DIRECTION ( 'NONE',  ( 0.0000000000000000000, 1.000000000000000000, 0.0000000000000000000 ) ) ;
#2067 = SURFACE_SIDE_STYLE ('',( #1000 ) ) ;
#2068 = ORIENTED_EDGE ( 'NONE', *, *, #206, .T. ) ;
#2069 = DIRECTION ( 'NONE',  ( -1.000000000000000000, 0.0000000000000000000, 0.0000000000000000000 ) ) ;
#2070 = CARTESIAN_POINT ( 'NONE',  ( 0.5999999999999999778, -0.09999999999999999167, -0.4999999999999997780 ) ) ;
#2071 = SURFACE_STYLE_FILL_AREA ( #3297 ) ;
#2072 = ORIENTED_EDGE ( 'NONE', *, *, #3558, .T. ) ;
#2073 = DIRECTION ( 'NONE',  ( -0.0000000000000000000, 1.000000000000000000, -0.0000000000000000000 ) ) ;
#2074 = CARTESIAN_POINT ( 'NONE',  ( -0.6999999999999999556, 0.1499999999999999944, -0.6250000000000002220 ) ) ;
#2075 = ORIENTED_EDGE ( 'NONE', *, *, #2739, .F. ) ;
#2076 = STYLED_ITEM ( 'NONE', ( #2815 ), #715 ) ;
#2077 = ORIENTED_EDGE ( 'NONE', *, *, #3247, .T. ) ;
#2078 = ORIENTED_EDGE ( 'NONE', *, *, #2713, .F. ) ;
#2079 = CARTESIAN_POINT ( 'NONE',  ( 0.6965855369979639944, 0.2151518352570399306, 0.6215855369979640388 ) ) ;
#2080 = DIRECTION ( 'NONE',  ( 0.0000000000000000000, 0.0000000000000000000, 1.000000000000000000 ) ) ;
#2081 = PRESENTATION_LAYER_ASSIGNMENT (  '', '', ( #1900 ) ) ;
#2082 =( NAMED_UNIT ( * ) PLANE_ANGLE_UNIT ( ) SI_UNIT ( $, .RADIAN. ) );
#2083 = EDGE_LOOP ( 'NONE', ( #623, #310, #2905, #1345, #2175 ) ) ;
#2084 =( GEOMETRIC_REPRESENTATION_CONTEXT ( 3 ) GLOBAL_UNCERTAINTY_ASSIGNED_CONTEXT ( ( #520 ) ) GLOBAL_UNIT_ASSIGNED_CONTEXT ( ( #532, #2446, #3630 ) ) REPRESENTATION_CONTEXT ( 'NONE', 'WORKASPACE' ) );
#2085 = DIRECTION ( 'NONE',  ( 0.0000000000000000000, -0.0000000000000000000, 1.000000000000000000 ) ) ;
#2086 = ORIENTED_EDGE ( 'NONE', *, *, #3624, .T. ) ;
#2087 = STYLED_ITEM ( 'NONE', ( #2533 ), #33 ) ;
#2088 = CARTESIAN_POINT ( 'NONE',  ( -0.6999999999999999556, 0.1499999999999999944, -0.6250000000000002220 ) ) ;
#2089 = DIRECTION ( 'NONE',  ( -0.0000000000000000000, 1.000000000000000000, -0.0000000000000000000 ) ) ;
#2090 = CARTESIAN_POINT ( 'NONE',  ( 0.5999999999999999778, -1.227032961426900881, 0.5000000000000002220 ) ) ;
#2091 = LINE ( 'NONE', #404, #1742 ) ;
#2092 = VERTEX_POINT ( 'NONE', #3293 ) ;
#2093 = EDGE_CURVE ( 'NONE', #1840, #1174, #1839, .T. ) ;
#2094 = VERTEX_POINT ( 'NONE', #1054 ) ;
#2095 = LINE ( 'NONE', #700, #3492 ) ;
#2096 = CARTESIAN_POINT ( 'NONE',  ( -0.9999999999999995559, 0.1499999999999999944, 0.0000000000000000000 ) ) ;
#2097 = LINE ( 'NONE', #656, #2005 ) ;
#2098 = ORIENTED_EDGE ( 'NONE', *, *, #3425, .T. ) ;
#2099 = CARTESIAN_POINT ( 'NONE',  ( -1.000000000000000444, -0.1499999999999999944, -0.4999999999999997780 ) ) ;
#2100 = LINE ( 'NONE', #2251, #1369 ) ;
#2101 = EDGE_LOOP ( 'NONE', ( #1102, #1697, #415, #2824 ) ) ;
#2102 = CYLINDRICAL_SURFACE ( 'NONE', #2148, 0.02000000000000002470 ) ;
#2103 = CARTESIAN_POINT ( 'NONE',  ( 0.9999999999999995559, -0.1499999999999999667, 0.5000000000000002220 ) ) ;
#2104 = FILL_AREA_STYLE_COLOUR ( '', #847 ) ;
#2105 = ORIENTED_EDGE ( 'NONE', *, *, #1970, .T. ) ;
#2106 = CARTESIAN_POINT ( 'NONE',  ( -0.6600575969524858921, 0.5500000000000000444, 0.5850575969524860476 ) ) ;
#2107 = SURFACE_STYLE_FILL_AREA ( #1106 ) ;
#2108 =( GEOMETRIC_REPRESENTATION_CONTEXT ( 3 ) GLOBAL_UNCERTAINTY_ASSIGNED_CONTEXT ( ( #2415 ) ) GLOBAL_UNIT_ASSIGNED_CONTEXT ( ( #2933, #1262, #385 ) ) REPRESENTATION_CONTEXT ( 'NONE', 'WORKASPACE' ) );
#2109 = EDGE_CURVE ( 'NONE', #1074, #773, #2588, .T. ) ;
#2110 = DIRECTION ( 'NONE',  ( 0.0000000000000000000, 1.000000000000000000, 0.0000000000000000000 ) ) ;
#2111 = LINE ( 'NONE', #2556, #1285 ) ;
#2112 = PRESENTATION_LAYER_ASSIGNMENT (  '', '', ( #1554 ) ) ;
#2113 = FILL_AREA_STYLE ('',( #3211 ) ) ;
#2114 = PRESENTATION_STYLE_ASSIGNMENT (( #482 ) ) ;
#2115 = VERTEX_POINT ( 'NONE', #3335 ) ;
#2116 = AXIS2_PLACEMENT_3D ( 'NONE', #3225, #3040, #805 ) ;
#2117 = CARTESIAN_POINT ( 'NONE',  ( -0.6961758014377197323, 0.2229700554878847052, 0.6211758014377198878 ) ) ;
#2118 = VECTOR ( 'NONE', #2235, 1000.000000000000000 ) ;
#2119 = EDGE_CURVE ( 'NONE', #3049, #3316, #2091, .T. ) ;
#2120 = DIRECTION ( 'NONE',  ( -3.469446951953614189E-16, 0.0000000000000000000, -1.000000000000000000 ) ) ;
#2121 = CARTESIAN_POINT ( 'NONE',  ( -1.000000000000000000, -0.09999999999999999167, 0.5000000000000002220 ) ) ;
#2122 = DIRECTION ( 'NONE',  ( 0.0000000000000000000, 0.0000000000000000000, -1.000000000000000000 ) ) ;
#2123 = DIRECTION ( 'NONE',  ( -0.0000000000000000000, 1.000000000000000000, -0.0000000000000000000 ) ) ;
#2124 = EDGE_CURVE ( 'NONE', #751, #2852, #3232, .T. ) ;
#2125 = VECTOR ( 'NONE', #2427, 1000.000000000000000 ) ;
#2126 = ADVANCED_FACE ( 'NONE', ( #3146 ), #3177, .F. ) ;
#2127 = CARTESIAN_POINT ( 'NONE',  ( 0.1215544456622766889, -0.09999999999999999167, -0.1576794919243112436 ) ) ;
#2128 = ORIENTED_EDGE ( 'NONE', *, *, #2723, .F. ) ;
#2129 = SURFACE_STYLE_FILL_AREA ( #1282 ) ;
#2130 = VERTEX_POINT ( 'NONE', #3309 ) ;
#2131 = FACE_OUTER_BOUND ( 'NONE', #1929, .T. ) ;
#2132 = DIRECTION ( 'NONE',  ( 0.0000000000000000000, 0.0000000000000000000, -1.000000000000000000 ) ) ;
#2133 = ORIENTED_EDGE ( 'NONE', *, *, #278, .T. ) ;
#2134 = PLANE ( 'NONE',  #1767 ) ;
#2135 = VECTOR ( 'NONE', #3557, 1000.000000000000000 ) ;
#2136 = DIRECTION ( 'NONE',  ( 0.0000000000000000000, 0.0000000000000000000, 1.000000000000000000 ) ) ;
#2137 = AXIS2_PLACEMENT_3D ( 'NONE', #3301, #1901, #466 ) ;
#2138 = ORIENTED_EDGE ( 'NONE', *, *, #3531, .F. ) ;
#2139 = CARTESIAN_POINT ( 'NONE',  ( -0.5999999999999999778, -0.09999999999999999167, -0.4999999999999997780 ) ) ;
#2140 = ORIENTED_EDGE ( 'NONE', *, *, #2168, .T. ) ;
#2141 = DIRECTION ( 'NONE',  ( 0.0000000000000000000, -1.000000000000000000, 0.0000000000000000000 ) ) ;
#2142 = VERTEX_POINT ( 'NONE', #26 ) ;
#2143 = CARTESIAN_POINT ( 'NONE',  ( -0.5999999999999999778, 0.1499999999999999944, 0.2060315014550845869 ) ) ;
#2144 = CIRCLE ( 'NONE', #1443, 0.01999999999999999695 ) ;
#2145 = ORIENTED_EDGE ( 'NONE', *, *, #3471, .T. ) ;
#2146 = UNCERTAINTY_MEASURE_WITH_UNIT (LENGTH_MEASURE( 1.000000000000000082E-05 ), #3130, 'distance_accuracy_value', 'NONE');
#2147 = MECHANICAL_DESIGN_GEOMETRIC_PRESENTATION_REPRESENTATION (  '', ( #1586 ), #2328 ) ;
#2148 = AXIS2_PLACEMENT_3D ( 'NONE', #3106, #2590, #2291 ) ;
#2149 = FACE_OUTER_BOUND ( 'NONE', #3538, .T. ) ;
#2150 = DIRECTION ( 'NONE',  ( -2.587789240124152535E-16, 0.0000000000000000000, -1.000000000000000000 ) ) ;
#2151 = MECHANICAL_DESIGN_GEOMETRIC_PRESENTATION_REPRESENTATION (  '', ( #1589 ), #2332 ) ;
#2152 = ORIENTED_EDGE ( 'NONE', *, *, #2734, .F. ) ;
#2153 = ADVANCED_FACE ( 'NONE', ( #1499 ), #1414, .T. ) ;
#2154 = APPLICATION_PROTOCOL_DEFINITION ( 'draft international standard', 'automotive_design', 1998, #158 ) ;
#2155 = DIRECTION ( 'NONE',  ( 0.0000000000000000000, -0.0000000000000000000, -1.000000000000000000 ) ) ;
#2156 = DIRECTION ( 'NONE',  ( 0.0000000000000000000, 1.000000000000000000, 0.0000000000000000000 ) ) ;
#2157 = VERTEX_POINT ( 'NONE', #1731 ) ;
#2158 = LINE ( 'NONE', #1213, #2051 ) ;
#2159 = ORIENTED_EDGE ( 'NONE', *, *, #3536, .F. ) ;
#2160 = PLANE ( 'NONE',  #1836 ) ;
#2161 = VECTOR ( 'NONE', #2606, 1000.000000000000000 ) ;
#2162 = CIRCLE ( 'NONE', #2770, 0.02000000000000002470 ) ;
#2163 = EDGE_CURVE ( 'NONE', #59, #43, #724, .T. ) ;
#2164 = CARTESIAN_POINT ( 'NONE',  ( 0.1315544456622766978, -0.09999999999999999167, -0.1603589838486224606 ) ) ;
#2165 = FILL_AREA_STYLE_COLOUR ( '', #361 ) ;
#2166 = STYLED_ITEM ( 'NONE', ( #1295 ), #568 ) ;
#2167 = CARTESIAN_POINT ( 'NONE',  ( 0.9999999999999995559, 0.1000000000000000472, 0.2000000000000002331 ) ) ;
#2168 = EDGE_CURVE ( 'NONE', #1070, #1343, #2879, .T. ) ;
#2169 = CARTESIAN_POINT ( 'NONE',  ( 0.5999999999999999778, -1.227032961426900881, -0.4999999999999997780 ) ) ;
#2170 = FILL_AREA_STYLE_COLOUR ( '', #2986 ) ;
#2171 = VECTOR ( 'NONE', #2622, 1000.000000000000000 ) ;
#2172 = AXIS2_PLACEMENT_3D ( 'NONE', #3212, #999, #3089 ) ;
#2173 =( NAMED_UNIT ( * ) SI_UNIT ( $, .STERADIAN. ) SOLID_ANGLE_UNIT ( ) );
#2174 = DIRECTION ( 'NONE',  ( 0.0000000000000000000, 0.0000000000000000000, -1.000000000000000000 ) ) ;
#2175 = ORIENTED_EDGE ( 'NONE', *, *, #845, .T. ) ;
#2176 = EDGE_CURVE ( 'NONE', #417, #2213, #2144, .T. ) ;
#2177 = DIRECTION ( 'NONE',  ( -0.0000000000000000000, -1.000000000000000000, -0.0000000000000000000 ) ) ;
#2178 = LINE ( 'NONE', #1470, #1342 ) ;
#2179 = ORIENTED_EDGE ( 'NONE', *, *, #1307, .F. ) ;
#2180 = FACE_OUTER_BOUND ( 'NONE', #1813, .T. ) ;
#2181 = FILL_AREA_STYLE ('',( #1100 ) ) ;
#2182 = ORIENTED_EDGE ( 'NONE', *, *, #3061, .T. ) ;
#2183 = COLOUR_RGB ( '',0.7529411764705882248, 0.7529411764705882248, 0.0000000000000000000 ) ;
#2184 = ORIENTED_EDGE ( 'NONE', *, *, #1594, .F. ) ;
#2185 = EDGE_CURVE ( 'NONE', #2157, #2676, #3537, .T. ) ;
#2186 = VERTEX_POINT ( 'NONE', #2012 ) ;
#2187 = DIRECTION ( 'NONE',  ( -0.0000000000000000000, 1.000000000000000000, -0.0000000000000000000 ) ) ;
#2188 = PRESENTATION_LAYER_ASSIGNMENT (  '', '', ( #1808 ) ) ;
#2189 = CARTESIAN_POINT ( 'NONE',  ( -0.1215544456622767305, -0.09999999999999999167, -0.01732050807568879386 ) ) ;
#2190 = ORIENTED_EDGE ( 'NONE', *, *, #2742, .F. ) ;
#2191 = EDGE_CURVE ( 'NONE', #406, #1887, #437, .T. ) ;
#2192 = CARTESIAN_POINT ( 'NONE',  ( -1.400000000000000577, -0.09999999999999999167, 0.5000000000000002220 ) ) ;
#2193 = SURFACE_STYLE_FILL_AREA ( #2254 ) ;
#2194 = ORIENTED_EDGE ( 'NONE', *, *, #1781, .T. ) ;
#2195 = EDGE_CURVE ( 'NONE', #3327, #2142, #535, .T. ) ;
#2196 = VECTOR ( 'NONE', #3008, 1000.000000000000000 ) ;
#2197 = VECTOR ( 'NONE', #1998, 1000.000000000000000 ) ;
#2198 = ORIENTED_EDGE ( 'NONE', *, *, #747, .T. ) ;
#2199 = ORIENTED_EDGE ( 'NONE', *, *, #2916, .T. ) ;
#2200 = FILL_AREA_STYLE_COLOUR ( '', #1705 ) ;
#2201 = DIRECTION ( 'NONE',  ( 0.0000000000000000000, -1.000000000000000000, 0.0000000000000000000 ) ) ;
#2202 = CARTESIAN_POINT ( 'NONE',  ( 0.9999999999999995559, 0.1499999999999999944, 0.2500000000000000000 ) ) ;
#2203 = VECTOR ( 'NONE', #3599, 1000.000000000000000 ) ;
#2204 = EDGE_LOOP ( 'NONE', ( #3236, #2566, #2225, #2930 ) ) ;
#2205 = DIRECTION ( 'NONE',  ( -0.0000000000000000000, 1.000000000000000000, -0.0000000000000000000 ) ) ;
#2206 = LINE ( 'NONE', #1461, #3585 ) ;
#2207 = FILL_AREA_STYLE ('',( #1072 ) ) ;
#2208 = PRESENTATION_STYLE_ASSIGNMENT (( #2649 ) ) ;
#2209 = CARTESIAN_POINT ( 'NONE',  ( -1.000000000000000444, -0.1499999999999999944, -0.6249999999999997780 ) ) ;
#2210 = FILL_AREA_STYLE_COLOUR ( '', #2600 ) ;
#2211 = DIRECTION ( 'NONE',  ( 0.0000000000000000000, -1.000000000000000000, 0.0000000000000000000 ) ) ;
#2212 = LINE ( 'NONE', #1221, #1476 ) ;
#2213 = VERTEX_POINT ( 'NONE', #680 ) ;
#2214 = PRESENTATION_LAYER_ASSIGNMENT (  '', '', ( #1833 ) ) ;
#2215 = DIRECTION ( 'NONE',  ( 1.445602896647339706E-15, 0.0000000000000000000, -1.000000000000000000 ) ) ;
#2216 = PLANE ( 'NONE',  #2892 ) ;
#2217 = CARTESIAN_POINT ( 'NONE',  ( 0.9999999999999995559, -1.227032961426900881, -0.4999999999999997780 ) ) ;
#2218 = DIRECTION ( 'NONE',  ( 0.0000000000000000000, -0.0000000000000000000, -1.000000000000000000 ) ) ;
#2219 =( GEOMETRIC_REPRESENTATION_CONTEXT ( 3 ) GLOBAL_UNCERTAINTY_ASSIGNED_CONTEXT ( ( #3032 ) ) GLOBAL_UNIT_ASSIGNED_CONTEXT ( ( #780, #2750, #1084 ) ) REPRESENTATION_CONTEXT ( 'NONE', 'WORKASPACE' ) );
#2220 = AXIS2_PLACEMENT_3D ( 'NONE', #957, #2489, #165 ) ;
#2221 =( NAMED_UNIT ( * ) PLANE_ANGLE_UNIT ( ) SI_UNIT ( $, .RADIAN. ) );
#2222 = LINE ( 'NONE', #31, #3131 ) ;
#2223 = AXIS2_PLACEMENT_3D ( 'NONE', #2294, #791, #1684 ) ;
#2224 = CARTESIAN_POINT ( 'NONE',  ( 0.1315544456622766978, -0.09999999999999999167, -0.1403589838486224706 ) ) ;
#2225 = ORIENTED_EDGE ( 'NONE', *, *, #2109, .T. ) ;
#2226 = DIRECTION ( 'NONE',  ( 0.0000000000000000000, 1.000000000000000000, 0.0000000000000000000 ) ) ;
#2227 = LINE ( 'NONE', #1768, #3608 ) ;
#2228 = DIRECTION ( 'NONE',  ( -3.469446951953614189E-16, 0.0000000000000000000, -1.000000000000000000 ) ) ;
#2229 = CLOSED_SHELL ( 'NONE', ( #2267, #880, #3515, #552, #1701, #33, #2317, #1488, #2292, #1740, #3378, #2545, #295, #1183, #339, #2576, #2126, #2610, #1982, #1025, #1721, #3, #2031, #154, #2816, #286, #735, #2274, #855, #3534, #576, #2558, #3422, #3385, #2598, #2976, #13, #25, #2994, #1710, #558, #3253, #1472, #1765, #1299, #1996, #1438, #2002, #3088, #1462, #1453, #2298, #868 ) ) ;
#2230 = DIRECTION ( 'NONE',  ( -1.000000000000000000, 0.0000000000000000000, 7.115076756936119693E-15 ) ) ;
#2231 = CIRCLE ( 'NONE', #2020, 0.01999999999999999695 ) ;
#2232 = LINE ( 'NONE', #2440, #2135 ) ;
#2233 = DIRECTION ( 'NONE',  ( 0.5000000000000001110, 0.0000000000000000000, 0.8660254037844385966 ) ) ;
#2234 = FILL_AREA_STYLE ('',( #3350 ) ) ;
#2235 = DIRECTION ( 'NONE',  ( -0.0000000000000000000, -0.0000000000000000000, 1.000000000000000000 ) ) ;
#2236 = ORIENTED_EDGE ( 'NONE', *, *, #1375, .F. ) ;
#2237 = ORIENTED_EDGE ( 'NONE', *, *, #2898, .F. ) ;
#2238 = FILL_AREA_STYLE_COLOUR ( '', #2619 ) ;
#2239 =( NAMED_UNIT ( * ) PLANE_ANGLE_UNIT ( ) SI_UNIT ( $, .RADIAN. ) );
#2240 = DIRECTION ( 'NONE',  ( 0.5000000000000002220, 0.0000000000000000000, -0.8660254037844385966 ) ) ;
#2241 = EDGE_CURVE ( 'NONE', #2960, #2547, #2042, .T. ) ;
#2242 = VERTEX_POINT ( 'NONE', #3271 ) ;
#2243 = FILL_AREA_STYLE ('',( #2520 ) ) ;
#2244 = DIRECTION ( 'NONE',  ( 0.0000000000000000000, 0.05233595624294388321, -0.9986295347545739443 ) ) ;
#2245 =( NAMED_UNIT ( * ) SI_UNIT ( $, .STERADIAN. ) SOLID_ANGLE_UNIT ( ) );
#2246 = ORIENTED_EDGE ( 'NONE', *, *, #3561, .F. ) ;
#2247 =( NAMED_UNIT ( * ) PLANE_ANGLE_UNIT ( ) SI_UNIT ( $, .RADIAN. ) );
#2248 = STYLED_ITEM ( 'NONE', ( #2320 ), #1867 ) ;
#2249 = ORIENTED_EDGE ( 'NONE', *, *, #1195, .F. ) ;
#2250 = VECTOR ( 'NONE', #1794, 1000.000000000000000 ) ;
#2251 = CARTESIAN_POINT ( 'NONE',  ( -0.6571428571428572507, 0.1499999999999999944, -0.2060315014550847812 ) ) ;
#2252 = DIRECTION ( 'NONE',  ( -0.0000000000000000000, -1.000000000000000000, -0.0000000000000000000 ) ) ;
#2253 = CIRCLE ( 'NONE', #2596, 0.4000000000000000777 ) ;
#2254 = FILL_AREA_STYLE ('',( #1076 ) ) ;
#2255 =( NAMED_UNIT ( * ) PLANE_ANGLE_UNIT ( ) SI_UNIT ( $, .RADIAN. ) );
#2256 = COLOUR_RGB ( '',0.0000000000000000000, 0.7529411764705882248, 0.0000000000000000000 ) ;
#2257 = ORIENTED_EDGE ( 'NONE', *, *, #998, .T. ) ;
#2258 = VECTOR ( 'NONE', #2889, 1000.000000000000000 ) ;
#2259 = SURFACE_SIDE_STYLE ('',( #1111 ) ) ;
#2260 = FILL_AREA_STYLE_COLOUR ( '', #3062 ) ;
#2261 = AXIS2_PLACEMENT_3D ( 'NONE', #527, #2240, #1346 ) ;
#2262 = CARTESIAN_POINT ( 'NONE',  ( 0.1215544456622767028, -0.09999999999999999167, 0.1576794919243112436 ) ) ;
#2263 = ORIENTED_EDGE ( 'NONE', *, *, #439, .T. ) ;
#2264 = DIRECTION ( 'NONE',  ( 0.0000000000000000000, -1.000000000000000000, 0.0000000000000000000 ) ) ;
#2265 = STYLED_ITEM ( 'NONE', ( #81 ), #3647 ) ;
#2266 = EDGE_LOOP ( 'NONE', ( #236, #3051, #1189, #322 ) ) ;
#2267 = ADVANCED_FACE ( 'NONE', ( #447 ), #1877, .F. ) ;
#2268 = CARTESIAN_POINT ( 'NONE',  ( 0.1515544456622766878, -0.09999999999999999167, 0.1403589838486224706 ) ) ;
#2269 = ORIENTED_EDGE ( 'NONE', *, *, #278, .F. ) ;
#2270 = FACE_OUTER_BOUND ( 'NONE', #2984, .T. ) ;
#2271 = VERTEX_POINT ( 'NONE', #2290 ) ;
#2272 = PLANE ( 'NONE',  #3151 ) ;
#2273 = EDGE_LOOP ( 'NONE', ( #3399, #3063, #1319, #944, #3364 ) ) ;
#2274 = ADVANCED_FACE ( 'NONE', ( #1960 ), #115, .F. ) ;
#2275 = ORIENTED_EDGE ( 'NONE', *, *, #3299, .T. ) ;
#2276 = CYLINDRICAL_SURFACE ( 'NONE', #1059, 0.02000000000000001776 ) ;
#2277 = PRESENTATION_LAYER_ASSIGNMENT (  '', '', ( #2076 ) ) ;
#2278 = CYLINDRICAL_SURFACE ( 'NONE', #1036, 0.02000000000000005246 ) ;
#2279 = EDGE_LOOP ( 'NONE', ( #1266, #209, #889, #2318 ) ) ;
#2280 = DIRECTION ( 'NONE',  ( -2.587789240124152535E-16, -0.0000000000000000000, -1.000000000000000000 ) ) ;
#2281 = ORIENTED_EDGE ( 'NONE', *, *, #282, .F. ) ;
#2282 = VECTOR ( 'NONE', #1087, 1000.000000000000000 ) ;
#2283 = MECHANICAL_DESIGN_GEOMETRIC_PRESENTATION_REPRESENTATION (  '', ( #1900 ), #2470 ) ;
#2284 = ORIENTED_EDGE ( 'NONE', *, *, #2163, .T. ) ;
#2285 = ADVANCED_FACE ( 'NONE', ( #1136 ), #1505, .F. ) ;
#2286 = DIRECTION ( 'NONE',  ( 1.000000000000000000, 0.0000000000000000000, 0.0000000000000000000 ) ) ;
#2287 = VECTOR ( 'NONE', #22, 1000.000000000000000 ) ;
#2288 = CARTESIAN_POINT ( 'NONE',  ( 0.1315544456622766978, -0.09999999999999999167, -0.1403589838486224706 ) ) ;
#2289 = AXIS2_PLACEMENT_3D ( 'NONE', #1763, #2036, #748 ) ;
#2290 = CARTESIAN_POINT ( 'NONE',  ( 0.9999999999999995559, 0.1000000000000000472, -0.2000000000000002331 ) ) ;
#2291 = DIRECTION ( 'NONE',  ( 0.0000000000000000000, 0.0000000000000000000, 1.000000000000000000 ) ) ;
#2292 = ADVANCED_FACE ( 'NONE', ( #3096 ), #816, .F. ) ;
#2293 = CARTESIAN_POINT ( 'NONE',  ( 0.9999999999999995559, -0.1499999999999999667, 0.2000000000000002331 ) ) ;
#2294 = CARTESIAN_POINT ( 'NONE',  ( -1.400000000000000577, -0.09999999999999999167, 0.5000000000000002220 ) ) ;
#2295 = VECTOR ( 'NONE', #2120, 1000.000000000000000 ) ;
#2296 = CARTESIAN_POINT ( 'NONE',  ( -0.5999999999999999778, -0.1499999999999999667, -0.4999999999999997780 ) ) ;
#2297 = EDGE_CURVE ( 'NONE', #448, #673, #776, .T. ) ;
#2298 = ADVANCED_FACE ( 'NONE', ( #2944 ), #834, .F. ) ;
#2299 = CARTESIAN_POINT ( 'NONE',  ( -1.000000000000000444, 0.1499999999999999944, -0.6249999999999997780 ) ) ;
#2300 = AXIS2_PLACEMENT_3D ( 'NONE', #846, #1518, #1091 ) ;
#2301 = CIRCLE ( 'NONE', #1223, 0.3500000000000000333 ) ;
#2302 = CIRCLE ( 'NONE', #3444, 0.4000000000000000777 ) ;
#2303 = MECHANICAL_DESIGN_GEOMETRIC_PRESENTATION_REPRESENTATION (  '', ( #1926 ), #2498 ) ;
#2304 = VERTEX_POINT ( 'NONE', #3386 ) ;
#2305 = SURFACE_STYLE_FILL_AREA ( #3349 ) ;
#2306 = VERTEX_POINT ( 'NONE', #3500 ) ;
#2307 = CARTESIAN_POINT ( 'NONE',  ( -0.5999999999999998668, 0.09999999999999999167, 0.6250000000000002220 ) ) ;
#2308 = VECTOR ( 'NONE', #2428, 1000.000000000000000 ) ;
#2309 = EDGE_CURVE ( 'NONE', #2977, #2502, #3026, .T. ) ;
#2310 = COLOUR_RGB ( '',1.000000000000000000, 1.000000000000000000, 1.000000000000000000 ) ;
#2311 = DIRECTION ( 'NONE',  ( -2.587789240124152535E-16, -0.0000000000000000000, -1.000000000000000000 ) ) ;
#2312 = CARTESIAN_POINT ( 'NONE',  ( -0.9999999999999995559, 0.1499999999999999944, 0.0000000000000000000 ) ) ;
#2313 = ORIENTED_EDGE ( 'NONE', *, *, #30, .T. ) ;
#2314 = EDGE_CURVE ( 'NONE', #1035, #362, #1546, .T. ) ;
#2315 = LINE ( 'NONE', #1832, #1657 ) ;
#2316 = DIRECTION ( 'NONE',  ( -0.0000000000000000000, -1.000000000000000000, -0.0000000000000000000 ) ) ;
#2317 = ADVANCED_FACE ( 'NONE', ( #2847 ), #3224, .F. ) ;
#2318 = ORIENTED_EDGE ( 'NONE', *, *, #1718, .F. ) ;
#2319 =( LENGTH_UNIT ( ) NAMED_UNIT ( * ) SI_UNIT ( .MILLI., .METRE. ) );
#2320 = PRESENTATION_STYLE_ASSIGNMENT (( #2402 ) ) ;
#2321 = ORIENTED_EDGE ( 'NONE', *, *, #2491, .F. ) ;
#2322 = LINE ( 'NONE', #1114, #62 ) ;
#2323 = AXIS2_PLACEMENT_3D ( 'NONE', #797, #1356, #3035 ) ;
#2324 = CARTESIAN_POINT ( 'NONE',  ( -1.000000000000000444, -0.1499999999999999944, -0.6249999999999997780 ) ) ;
#2325 = EDGE_LOOP ( 'NONE', ( #795, #1253, #109, #3276 ) ) ;
#2326 = LINE ( 'NONE', #2079, #66 ) ;
#2327 = VECTOR ( 'NONE', #1604, 1000.000000000000000 ) ;
#2328 =( GEOMETRIC_REPRESENTATION_CONTEXT ( 3 ) GLOBAL_UNCERTAINTY_ASSIGNED_CONTEXT ( ( #2387 ) ) GLOBAL_UNIT_ASSIGNED_CONTEXT ( ( #251, #2255, #539 ) ) REPRESENTATION_CONTEXT ( 'NONE', 'WORKASPACE' ) );
#2329 = AXIS2_PLACEMENT_3D ( 'NONE', #1777, #481, #2746 ) ;
#2330 = DIRECTION ( 'NONE',  ( -0.0000000000000000000, -1.000000000000000000, -0.0000000000000000000 ) ) ;
#2331 = CARTESIAN_POINT ( 'NONE',  ( 0.9999999999999995559, -0.1499999999999999667, 0.2000000000000002331 ) ) ;
#2332 =( GEOMETRIC_REPRESENTATION_CONTEXT ( 3 ) GLOBAL_UNCERTAINTY_ASSIGNED_CONTEXT ( ( #1687 ) ) GLOBAL_UNIT_ASSIGNED_CONTEXT ( ( #3034, #2247, #54 ) ) REPRESENTATION_CONTEXT ( 'NONE', 'WORKASPACE' ) );
#2333 = ADVANCED_FACE ( 'NONE', ( #422 ), #1588, .F. ) ;
#2334 = EDGE_LOOP ( 'NONE', ( #2473, #614, #3405, #1485 ) ) ;
#2335 = SURFACE_STYLE_USAGE ( .BOTH. , #2894 ) ;
#2336 = CARTESIAN_POINT ( 'NONE',  ( -0.5999999999999998668, 0.1499999999999999944, -0.6250000000000002220 ) ) ;
#2337 = LINE ( 'NONE', #254, #77 ) ;
#2338 =( NAMED_UNIT ( * ) PLANE_ANGLE_UNIT ( ) SI_UNIT ( $, .RADIAN. ) );
#2339 = EDGE_CURVE ( 'NONE', #866, #1296, #916, .T. ) ;
#2340 = CARTESIAN_POINT ( 'NONE',  ( -0.1215544456622767028, -0.5777974510803784991, 0.01732050807568877651 ) ) ;
#2341 = CARTESIAN_POINT ( 'NONE',  ( -0.5999999999999999778, -0.09999999999999999167, 0.5000000000000002220 ) ) ;
#2342 = AXIS2_PLACEMENT_3D ( 'NONE', #2983, #1416, #2230 ) ;
#2343 = CLOSED_SHELL ( 'NONE', ( #1504, #910, #3111, #2153, #2844, #1147, #272, #50, #3395 ) ) ;
#2344 = UNCERTAINTY_MEASURE_WITH_UNIT (LENGTH_MEASURE( 1.000000000000000082E-05 ), #242, 'distance_accuracy_value', 'NONE');
#2345 = VECTOR ( 'NONE', #2945, 1000.000000000000000 ) ;
#2346 = EDGE_CURVE ( 'NONE', #406, #125, #2326, .T. ) ;
#2347 = ORIENTED_EDGE ( 'NONE', *, *, #590, .F. ) ;
#2348 = EDGE_LOOP ( 'NONE', ( #271, #2438, #3402, #2553 ) ) ;
#2349 = CARTESIAN_POINT ( 'NONE',  ( -0.6800301876475774998, 0.5310467191248590124, 0.6050301876475775442 ) ) ;
#2350 = ORIENTED_EDGE ( 'NONE', *, *, #785, .F. ) ;
#2351 = DIRECTION ( 'NONE',  ( 0.0000000000000000000, 0.0000000000000000000, 1.000000000000000000 ) ) ;
#2352 = AXIS2_PLACEMENT_3D ( 'NONE', #1398, #2211, #2819 ) ;
#2353 = EDGE_CURVE ( 'NONE', #2581, #15, #152, .T. ) ;
#2354 = DIRECTION ( 'NONE',  ( -1.000000000000000000, 0.0000000000000000000, 0.0000000000000000000 ) ) ;
#2355 = ORIENTED_EDGE ( 'NONE', *, *, #3166, .F. ) ;
#2356 = EDGE_CURVE ( 'NONE', #2094, #3566, #2991, .T. ) ;
#2357 =( LENGTH_UNIT ( ) NAMED_UNIT ( * ) SI_UNIT ( .MILLI., .METRE. ) );
#2358 = PRESENTATION_STYLE_ASSIGNMENT (( #3102 ) ) ;
#2359 = ORIENTED_EDGE ( 'NONE', *, *, #92, .F. ) ;
#2360 = PRESENTATION_STYLE_ASSIGNMENT (( #1819 ) ) ;
#2361 = ORIENTED_EDGE ( 'NONE', *, *, #173, .F. ) ;
#2362 = DIRECTION ( 'NONE',  ( 0.0000000000000000000, 0.0000000000000000000, -1.000000000000000000 ) ) ;
#2363 = LINE ( 'NONE', #1670, #772 ) ;
#2364 =( NAMED_UNIT ( * ) PLANE_ANGLE_UNIT ( ) SI_UNIT ( $, .RADIAN. ) );
#2365 = VERTEX_POINT ( 'NONE', #619 ) ;
#2366 = AXIS2_PLACEMENT_3D ( 'NONE', #2288, #1010, #2122 ) ;
#2367 = EDGE_CURVE ( 'NONE', #1787, #1820, #2891, .T. ) ;
#2368 = VERTEX_POINT ( 'NONE', #2324 ) ;
#2369 = CARTESIAN_POINT ( 'NONE',  ( -1.000000000000000222, 0.09999999999999999167, -0.6249999999999997780 ) ) ;
#2370 = MECHANICAL_DESIGN_GEOMETRIC_PRESENTATION_REPRESENTATION (  '', ( #1808 ), #2570 ) ;
#2371 = CARTESIAN_POINT ( 'NONE',  ( 0.0000000000000000000, 0.1499999999999999944, 0.0000000000000000000 ) ) ;
#2372 = CARTESIAN_POINT ( 'NONE',  ( 0.9999999999999995559, -0.09999999999999999167, 0.5000000000000002220 ) ) ;
#2373 = FILL_AREA_STYLE ('',( #373 ) ) ;
#2374 = EDGE_CURVE ( 'NONE', #2799, #3222, #1509, .T. ) ;
#2375 = SURFACE_STYLE_FILL_AREA ( #604 ) ;
#2376 = EDGE_CURVE ( 'NONE', #1902, #2130, #1424, .T. ) ;
#2377 = CARTESIAN_POINT ( 'NONE',  ( -0.5999999999999999778, 0.09999999999999999167, -0.2060315014550845869 ) ) ;
#2378 = PLANE ( 'NONE',  #305 ) ;
#2379 = COLOUR_RGB ( '',1.000000000000000000, 1.000000000000000000, 1.000000000000000000 ) ;
#2380 = CARTESIAN_POINT ( 'NONE',  ( 1.299999999999999378, 0.09999999999999999167, 0.2500000000000000000 ) ) ;
#2381 = VECTOR ( 'NONE', #959, 1000.000000000000000 ) ;
#2382 = VERTEX_POINT ( 'NONE', #3167 ) ;
#2383 = PLANE ( 'NONE',  #3487 ) ;
#2384 = DIRECTION ( 'NONE',  ( 1.000000000000000000, 0.0000000000000000000, -2.587789240124152535E-16 ) ) ;
#2385 = DIRECTION ( 'NONE',  ( 0.0000000000000000000, -0.0000000000000000000, 1.000000000000000000 ) ) ;
#2386 = CARTESIAN_POINT ( 'NONE',  ( -1.400000000000000577, -0.09999999999999999167, -0.4999999999999997780 ) ) ;
#2387 = UNCERTAINTY_MEASURE_WITH_UNIT (LENGTH_MEASURE( 1.000000000000000082E-05 ), #251, 'distance_accuracy_value', 'NONE');
#2388 = CARTESIAN_POINT ( 'NONE',  ( 0.5999999999999999778, -0.1499999999999999667, 0.5000000000000002220 ) ) ;
#2389 = VECTOR ( 'NONE', #1149, 1000.000000000000000 ) ;
#2390 = CARTESIAN_POINT ( 'NONE',  ( -0.5999999999999999778, -0.09999999999999999167, -0.4999999999999997780 ) ) ;
#2391 = CARTESIAN_POINT ( 'NONE',  ( -1.000000000000000444, -1.227032961426901325, -0.4999999999999997780 ) ) ;
#2392 = MECHANICAL_DESIGN_GEOMETRIC_PRESENTATION_REPRESENTATION (  '', ( #1833 ), #2587 ) ;
#2393 = ORIENTED_EDGE ( 'NONE', *, *, #3187, .T. ) ;
#2394 = VECTOR ( 'NONE', #2132, 1000.000000000000000 ) ;
#2395 = ORIENTED_EDGE ( 'NONE', *, *, #2176, .F. ) ;
#2396 = CIRCLE ( 'NONE', #3298, 0.4000000000000000777 ) ;
#2397 = DIRECTION ( 'NONE',  ( 0.0000000000000000000, 0.0000000000000000000, -1.000000000000000000 ) ) ;
#2398 = DIRECTION ( 'NONE',  ( -1.000000000000000000, 0.0000000000000000000, 0.0000000000000000000 ) ) ;
#2399 = ORIENTED_EDGE ( 'NONE', *, *, #185, .T. ) ;
#2400 = AXIS2_PLACEMENT_3D ( 'NONE', #335, #2417, #1513 ) ;
#2401 = CARTESIAN_POINT ( 'NONE',  ( 0.6999999999999999556, 0.1499999999999999944, -0.6250000000000002220 ) ) ;
#2402 = SURFACE_STYLE_USAGE ( .BOTH. , #2920 ) ;
#2403 = DIRECTION ( 'NONE',  ( -1.000000000000000000, 0.0000000000000000000, 7.115076756936119693E-15 ) ) ;
#2404 = VERTEX_POINT ( 'NONE', #1212 ) ;
#2405 = DIRECTION ( 'NONE',  ( 0.0000000000000000000, 0.0000000000000000000, -1.000000000000000000 ) ) ;
#2406 = LINE ( 'NONE', #2090, #222 ) ;
#2407 = DIRECTION ( 'NONE',  ( 1.000000000000000000, -0.0000000000000000000, -0.0000000000000000000 ) ) ;
#2408 = ORIENTED_EDGE ( 'NONE', *, *, #2940, .F. ) ;
#2409 = PRESENTATION_STYLE_ASSIGNMENT (( #1249 ) ) ;
#2410 = CIRCLE ( 'NONE', #1859, 0.2000000000000002331 ) ;
#2411 = ORIENTED_EDGE ( 'NONE', *, *, #2414, .F. ) ;
#2412 = FACE_OUTER_BOUND ( 'NONE', #3391, .T. ) ;
#2413 = ORIENTED_EDGE ( 'NONE', *, *, #1390, .F. ) ;
#2414 = EDGE_CURVE ( 'NONE', #1908, #3532, #827, .T. ) ;
#2415 = UNCERTAINTY_MEASURE_WITH_UNIT (LENGTH_MEASURE( 1.000000000000000082E-05 ), #2933, 'distance_accuracy_value', 'NONE');
#2416 = FACE_OUTER_BOUND ( 'NONE', #2578, .T. ) ;
#2417 = DIRECTION ( 'NONE',  ( 0.0000000000000000000, -1.000000000000000000, 0.0000000000000000000 ) ) ;
#2418 = FILL_AREA_STYLE ('',( #1290 ) ) ;
#2419 = LINE ( 'NONE', #1663, #155 ) ;
#2420 = EDGE_CURVE ( 'NONE', #2404, #751, #3547, .T. ) ;
#2421 = DIRECTION ( 'NONE',  ( -0.0000000000000000000, -1.000000000000000000, -0.0000000000000000000 ) ) ;
#2422 = EDGE_LOOP ( 'NONE', ( #2859, #3652, #1359, #3041 ) ) ;
#2423 = CARTESIAN_POINT ( 'NONE',  ( -1.000000000000000222, 0.09999999999999999167, -0.6249999999999997780 ) ) ;
#2424 = ADVANCED_FACE ( 'NONE', ( #3456 ), #2455, .F. ) ;
#2425 = PRESENTATION_LAYER_ASSIGNMENT (  '', '', ( #2248 ) ) ;
#2426 = DIRECTION ( 'NONE',  ( 1.000000000000000000, 0.0000000000000000000, -3.469446951953614189E-16 ) ) ;
#2427 = DIRECTION ( 'NONE',  ( -0.0000000000000000000, -1.000000000000000000, -0.0000000000000000000 ) ) ;
#2428 = DIRECTION ( 'NONE',  ( 1.000000000000000000, 0.0000000000000000000, 0.0000000000000000000 ) ) ;
#2429 = DIRECTION ( 'NONE',  ( -0.0000000000000000000, 1.000000000000000000, -0.0000000000000000000 ) ) ;
#2430 = ORIENTED_EDGE ( 'NONE', *, *, #779, .T. ) ;
#2431 = VECTOR ( 'NONE', #112, 1000.000000000000000 ) ;
#2432 = SURFACE_STYLE_FILL_AREA ( #3593 ) ;
#2433 = CARTESIAN_POINT ( 'NONE',  ( 0.6999999999999999556, 0.1499999999999999667, 0.2500000000000000000 ) ) ;
#2434 = ORIENTED_EDGE ( 'NONE', *, *, #3501, .F. ) ;
#2435 = CARTESIAN_POINT ( 'NONE',  ( -1.000000000000000222, 0.1499999999999999667, 2.168404344971008868E-16 ) ) ;
#2436 = LINE ( 'NONE', #2217, #258 ) ;
#2437 = CARTESIAN_POINT ( 'NONE',  ( 0.6999999999999999556, 0.5300000000000000266, 0.5850575969524860476 ) ) ;
#2438 = ORIENTED_EDGE ( 'NONE', *, *, #1238, .F. ) ;
#2439 = ORIENTED_EDGE ( 'NONE', *, *, #2978, .T. ) ;
#2440 = CARTESIAN_POINT ( 'NONE',  ( -1.000000000000000000, 0.09999999999999999167, 0.6250000000000002220 ) ) ;
#2441 =( NAMED_UNIT ( * ) PLANE_ANGLE_UNIT ( ) SI_UNIT ( $, .RADIAN. ) );
#2442 = ORIENTED_EDGE ( 'NONE', *, *, #2707, .F. ) ;
#2443 = ORIENTED_EDGE ( 'NONE', *, *, #405, .F. ) ;
#2444 = PRESENTATION_LAYER_ASSIGNMENT (  '', '', ( #2265 ) ) ;
#2445 = CIRCLE ( 'NONE', #464, 0.3500000000000000333 ) ;
#2446 =( NAMED_UNIT ( * ) PLANE_ANGLE_UNIT ( ) SI_UNIT ( $, .RADIAN. ) );
#2447 = DIRECTION ( 'NONE',  ( 0.0000000000000000000, 0.0000000000000000000, 1.000000000000000000 ) ) ;
#2448 = ORIENTED_EDGE ( 'NONE', *, *, #78, .F. ) ;
#2449 = DIRECTION ( 'NONE',  ( 1.000000000000000000, -0.0000000000000000000, 9.637352644315598694E-16 ) ) ;
#2450 = ORIENTED_EDGE ( 'NONE', *, *, #863, .F. ) ;
#2451 = CARTESIAN_POINT ( 'NONE',  ( 0.1315544456622766700, -0.09999999999999999167, 0.1603589838486224328 ) ) ;
#2452 = UNCERTAINTY_MEASURE_WITH_UNIT (LENGTH_MEASURE( 1.000000000000000082E-05 ), #3436, 'distance_accuracy_value', 'NONE');
#2453 = VECTOR ( 'NONE', #2569, 1000.000000000000000 ) ;
#2454 = ORIENTED_EDGE ( 'NONE', *, *, #831, .F. ) ;
#2455 = CYLINDRICAL_SURFACE ( 'NONE', #1341, 0.2000000000000002331 ) ;
#2456 = VERTEX_POINT ( 'NONE', #531 ) ;
#2457 = MANIFOLD_SOLID_BREP ( 'Boss-Extrude3[2]', #3520 ) ;
#2458 = PRESENTATION_STYLE_ASSIGNMENT (( #2599 ) ) ;
#2459 = DIRECTION ( 'NONE',  ( -0.0000000000000000000, 1.000000000000000000, -0.0000000000000000000 ) ) ;
#2460 = EDGE_LOOP ( 'NONE', ( #570, #1460, #3009, #400, #1137, #1995 ) ) ;
#2461 = DIRECTION ( 'NONE',  ( -0.0000000000000000000, 1.000000000000000000, -0.0000000000000000000 ) ) ;
#2462 = PRESENTATION_STYLE_ASSIGNMENT (( #2335 ) ) ;
#2463 = DIRECTION ( 'NONE',  ( 0.0000000000000000000, -1.000000000000000000, 0.0000000000000000000 ) ) ;
#2464 = CARTESIAN_POINT ( 'NONE',  ( -0.5999999999999999778, 0.1499999999999999944, -0.2060315014550845869 ) ) ;
#2465 = MECHANICAL_DESIGN_GEOMETRIC_PRESENTATION_REPRESENTATION (  '', ( #2076 ), #2646 ) ;
#2466 = SURFACE_SIDE_STYLE ('',( #32 ) ) ;
#2467 =( NAMED_UNIT ( * ) SI_UNIT ( $, .STERADIAN. ) SOLID_ANGLE_UNIT ( ) );
#2468 = VECTOR ( 'NONE', #1071, 1000.000000000000000 ) ;
#2469 = CARTESIAN_POINT ( 'NONE',  ( 0.6600575969524858921, 0.5500000000000000444, -0.5850575969524860476 ) ) ;
#2470 =( GEOMETRIC_REPRESENTATION_CONTEXT ( 3 ) GLOBAL_UNCERTAINTY_ASSIGNED_CONTEXT ( ( #3279 ) ) GLOBAL_UNIT_ASSIGNED_CONTEXT ( ( #182, #2441, #1034 ) ) REPRESENTATION_CONTEXT ( 'NONE', 'WORKASPACE' ) );
#2471 = FILL_AREA_STYLE ('',( #2170 ) ) ;
#2472 = LINE ( 'NONE', #2645, #2381 ) ;
#2473 = ORIENTED_EDGE ( 'NONE', *, *, #1428, .T. ) ;
#2474 = AXIS2_PLACEMENT_3D ( 'NONE', #2312, #2609, #1203 ) ;
#2475 = PRESENTATION_LAYER_ASSIGNMENT (  '', '', ( #2087 ) ) ;
#2476 =( NAMED_UNIT ( * ) PLANE_ANGLE_UNIT ( ) SI_UNIT ( $, .RADIAN. ) );
#2477 = CARTESIAN_POINT ( 'NONE',  ( -0.5999999999999999778, 0.1499999999999999944, 0.2060315014550845869 ) ) ;
#2478 = ORIENTED_EDGE ( 'NONE', *, *, #1544, .T. ) ;
#2479 = SURFACE_STYLE_USAGE ( .BOTH. , #483 ) ;
#2480 = VERTEX_POINT ( 'NONE', #3640 ) ;
#2481 = CARTESIAN_POINT ( 'NONE',  ( 0.9999999999999995559, -0.1000000000000000194, -0.6250000000000000000 ) ) ;
#2482 = VERTEX_POINT ( 'NONE', #1672 ) ;
#2483 = FACE_OUTER_BOUND ( 'NONE', #768, .T. ) ;
#2484 = EDGE_LOOP ( 'NONE', ( #1027, #3098, #2488, #2756 ) ) ;
#2485 = VECTOR ( 'NONE', #137, 1000.000000000000000 ) ;
#2486 =( LENGTH_UNIT ( ) NAMED_UNIT ( * ) SI_UNIT ( .MILLI., .METRE. ) );
#2487 = CARTESIAN_POINT ( 'NONE',  ( -0.5999999999999999778, -0.1499999999999999944, 0.5000000000000002220 ) ) ;
#2488 = ORIENTED_EDGE ( 'NONE', *, *, #1444, .T. ) ;
#2489 = DIRECTION ( 'NONE',  ( -0.0000000000000000000, -1.000000000000000000, -0.0000000000000000000 ) ) ;
#2490 =( NAMED_UNIT ( * ) SI_UNIT ( $, .STERADIAN. ) SOLID_ANGLE_UNIT ( ) );
#2491 = EDGE_CURVE ( 'NONE', #3208, #362, #1543, .T. ) ;
#2492 = CARTESIAN_POINT ( 'NONE',  ( 0.6999999999999999556, 0.5310467191248589014, 0.6050301876475775442 ) ) ;
#2493 = DIRECTION ( 'NONE',  ( 1.000000000000000000, 0.0000000000000000000, 2.587789240124152535E-16 ) ) ;
#2494 = CLOSED_SHELL ( 'NONE', ( #3647, #3240, #1986, #2857, #3101, #874, #320 ) ) ;
#2495 = AXIS2_PLACEMENT_3D ( 'NONE', #1621, #1353, #2351 ) ;
#2496 = PLANE ( 'NONE',  #2690 ) ;
#2497 = CARTESIAN_POINT ( 'NONE',  ( -0.5999999999999999778, -0.09999999999999999167, -0.4999999999999997780 ) ) ;
#2498 =( GEOMETRIC_REPRESENTATION_CONTEXT ( 3 ) GLOBAL_UNCERTAINTY_ASSIGNED_CONTEXT ( ( #1856 ) ) GLOBAL_UNIT_ASSIGNED_CONTEXT ( ( #892, #3117, #2895 ) ) REPRESENTATION_CONTEXT ( 'NONE', 'WORKASPACE' ) );
#2499 = VECTOR ( 'NONE', #107, 1000.000000000000000 ) ;
#2500 = ORIENTED_EDGE ( 'NONE', *, *, #3241, .F. ) ;
#2501 = DIRECTION ( 'NONE',  ( -1.084202172485504681E-16, 0.0000000000000000000, -1.000000000000000000 ) ) ;
#2502 = VERTEX_POINT ( 'NONE', #1392 ) ;
#2503 = EDGE_CURVE ( 'NONE', #1682, #2785, #775, .T. ) ;
#2504 =( NAMED_UNIT ( * ) PLANE_ANGLE_UNIT ( ) SI_UNIT ( $, .RADIAN. ) );
#2505 = LINE ( 'NONE', #2481, #319 ) ;
#2506 = ORIENTED_EDGE ( 'NONE', *, *, #2124, .T. ) ;
#2507 = CARTESIAN_POINT ( 'NONE',  ( -1.000000000000000222, 0.09999999999999999167, -0.6249999999999997780 ) ) ;
#2508 = VECTOR ( 'NONE', #1691, 1000.000000000000000 ) ;
#2509 = PLANE ( 'NONE',  #1771 ) ;
#2510 = EDGE_CURVE ( 'NONE', #2365, #1227, #1468, .T. ) ;
#2511 = VECTOR ( 'NONE', #2908, 1000.000000000000000 ) ;
#2512 = DIRECTION ( 'NONE',  ( 1.000000000000000000, 0.0000000000000000000, -4.743384504624079927E-16 ) ) ;
#2513 = CARTESIAN_POINT ( 'NONE',  ( 0.0000000000000000000, 0.5500000000000000444, -0.5850575969524860476 ) ) ;
#2514 = PRESENTATION_STYLE_ASSIGNMENT (( #287 ) ) ;
#2515 = DIRECTION ( 'NONE',  ( 3.469446951953614189E-16, 0.0000000000000000000, 1.000000000000000000 ) ) ;
#2516 = DIRECTION ( 'NONE',  ( 0.0000000000000000000, 0.0000000000000000000, 1.000000000000000000 ) ) ;
#2517 = CARTESIAN_POINT ( 'NONE',  ( -0.6571428571428572507, 0.1499999999999999944, -0.2060315014550846979 ) ) ;
#2518 = COLOUR_RGB ( '',1.000000000000000000, 1.000000000000000000, 1.000000000000000000 ) ;
#2519 = AXIS2_PLACEMENT_3D ( 'NONE', #1432, #3365, #2810 ) ;
#2520 = FILL_AREA_STYLE_COLOUR ( '', #516 ) ;
#2521 = ORIENTED_EDGE ( 'NONE', *, *, #1378, .F. ) ;
#2522 = DIRECTION ( 'NONE',  ( -0.0000000000000000000, -0.0000000000000000000, 1.000000000000000000 ) ) ;
#2523 = AXIS2_PLACEMENT_3D ( 'NONE', #1508, #1166, #262 ) ;
#2524 = SURFACE_STYLE_USAGE ( .BOTH. , #1782 ) ;
#2525 = EDGE_LOOP ( 'NONE', ( #142, #2393, #1993, #2743, #1467, #685 ) ) ;
#2526 = CARTESIAN_POINT ( 'NONE',  ( -1.000000000000000000, -0.1499999999999999944, 0.6250000000000002220 ) ) ;
#2527 = VECTOR ( 'NONE', #1541, 1000.000000000000000 ) ;
#2528 = CARTESIAN_POINT ( 'NONE',  ( 0.9999999999999995559, 0.1499999999999999944, -0.6250000000000000000 ) ) ;
#2529 = PRESENTATION_STYLE_ASSIGNMENT (( #3310 ) ) ;
#2530 = VERTEX_POINT ( 'NONE', #3019 ) ;
#2531 = DIRECTION ( 'NONE',  ( 1.000000000000000000, -0.0000000000000000000, 0.0000000000000000000 ) ) ;
#2532 = ORIENTED_EDGE ( 'NONE', *, *, #3471, .F. ) ;
#2533 = PRESENTATION_STYLE_ASSIGNMENT (( #3306 ) ) ;
#2534 = DIRECTION ( 'NONE',  ( 0.0000000000000000000, -0.0000000000000000000, -1.000000000000000000 ) ) ;
#2535 = EDGE_CURVE ( 'NONE', #3455, #277, #2100, .T. ) ;
#2536 = ORIENTED_EDGE ( 'NONE', *, *, #3053, .T. ) ;
#2537 = PRESENTATION_LAYER_ASSIGNMENT (  '', '', ( #2166 ) ) ;
#2538 = CARTESIAN_POINT ( 'NONE',  ( -0.6800301876475773888, 0.5310467191248590124, -0.6050301876475775442 ) ) ;
#2539 = CARTESIAN_POINT ( 'NONE',  ( 0.6794421927326295130, 0.5422663304686698993, 0.6044421927326296684 ) ) ;
#2540 = EDGE_CURVE ( 'NONE', #3307, #3222, #2843, .T. ) ;
#2541 = STYLED_ITEM ( 'NONE', ( #1194 ), #2333 ) ;
#2542 = ORIENTED_EDGE ( 'NONE', *, *, #3373, .T. ) ;
#2543 = CIRCLE ( 'NONE', #88, 0.4000000000000000777 ) ;
#2544 = CARTESIAN_POINT ( 'NONE',  ( -0.5999999999999999778, -0.09999999999999999167, 0.5000000000000002220 ) ) ;
#2545 = ADVANCED_FACE ( 'NONE', ( #3583, #587 ), #1849, .T. ) ;
#2546 = ORIENTED_EDGE ( 'NONE', *, *, #378, .F. ) ;
#2547 = VERTEX_POINT ( 'NONE', #3246 ) ;
#2548 = SURFACE_SIDE_STYLE ('',( #3118 ) ) ;
#2549 = AXIS2_PLACEMENT_3D ( 'NONE', #2517, #2936, #3602 ) ;
#2550 = EDGE_CURVE ( 'NONE', #1627, #3021, #3237, .T. ) ;
#2551 = VECTOR ( 'NONE', #336, 1000.000000000000000 ) ;
#2552 = ORIENTED_EDGE ( 'NONE', *, *, #1665, .F. ) ;
#2553 = ORIENTED_EDGE ( 'NONE', *, *, #3474, .T. ) ;
#2554 = ORIENTED_EDGE ( 'NONE', *, *, #1569, .T. ) ;
#2555 = EDGE_CURVE ( 'NONE', #2833, #1831, #2505, .T. ) ;
#2556 = CARTESIAN_POINT ( 'NONE',  ( 0.5999999999999999778, -0.09999999999999999167, 0.5000000000000002220 ) ) ;
#2557 = LINE ( 'NONE', #2401, #1974 ) ;
#2558 = ADVANCED_FACE ( 'NONE', ( #2412 ), #908, .F. ) ;
#2559 = VERTEX_POINT ( 'NONE', #829 ) ;
#2560 = SURFACE_SIDE_STYLE ('',( #1940 ) ) ;
#2561 = VECTOR ( 'NONE', #1654, 1000.000000000000000 ) ;
#2562 = AXIS2_PLACEMENT_3D ( 'NONE', #1822, #1772, #2758 ) ;
#2563 = EDGE_CURVE ( 'NONE', #475, #1350, #1664, .T. ) ;
#2564 = VECTOR ( 'NONE', #946, 1000.000000000000000 ) ;
#2565 = ADVANCED_FACE ( 'NONE', ( #1750 ), #3529, .F. ) ;
#2566 = ORIENTED_EDGE ( 'NONE', *, *, #20, .F. ) ;
#2567 = CARTESIAN_POINT ( 'NONE',  ( -1.000000000000000000, -1.227032961426901325, 0.5000000000000002220 ) ) ;
#2568 = CARTESIAN_POINT ( 'NONE',  ( 0.6999999999999999556, 0.1499999999999999944, -0.6250000000000002220 ) ) ;
#2569 = DIRECTION ( 'NONE',  ( -0.0000000000000000000, -1.000000000000000000, -0.0000000000000000000 ) ) ;
#2570 =( GEOMETRIC_REPRESENTATION_CONTEXT ( 3 ) GLOBAL_UNCERTAINTY_ASSIGNED_CONTEXT ( ( #29 ) ) GLOBAL_UNIT_ASSIGNED_CONTEXT ( ( #3510, #2941, #948 ) ) REPRESENTATION_CONTEXT ( 'NONE', 'WORKASPACE' ) );
#2571 = EDGE_CURVE ( 'NONE', #1662, #3164, #232, .T. ) ;
#2572 = DIRECTION ( 'NONE',  ( 1.000000000000000000, -0.0000000000000000000, -1.084202172485504681E-16 ) ) ;
#2573 = VERTEX_POINT ( 'NONE', #1925 ) ;
#2574 = EDGE_CURVE ( 'NONE', #720, #1306, #2322, .T. ) ;
#2575 = SURFACE_STYLE_FILL_AREA ( #2418 ) ;
#2576 = ADVANCED_FACE ( 'NONE', ( #821 ), #1580, .T. ) ;
#2577 = DIRECTION ( 'NONE',  ( 1.000000000000000000, 0.0000000000000000000, 1.445602896647339706E-15 ) ) ;
#2578 = EDGE_LOOP ( 'NONE', ( #2796, #546, #617, #657 ) ) ;
#2579 = LINE ( 'NONE', #2433, #304 ) ;
#2580 = FILL_AREA_STYLE ('',( #2165 ) ) ;
#2581 = VERTEX_POINT ( 'NONE', #1643 ) ;
#2582 = ORIENTED_EDGE ( 'NONE', *, *, #2550, .T. ) ;
#2583 = PLANE ( 'NONE',  #2223 ) ;
#2584 = ADVANCED_FACE ( 'NONE', ( #543 ), #476, .F. ) ;
#2585 = CARTESIAN_POINT ( 'NONE',  ( -1.000000000000000444, 0.09999999999999999167, -0.3999999999999998557 ) ) ;
#2586 = ORIENTED_EDGE ( 'NONE', *, *, #405, .T. ) ;
#2587 =( GEOMETRIC_REPRESENTATION_CONTEXT ( 3 ) GLOBAL_UNCERTAINTY_ASSIGNED_CONTEXT ( ( #3641 ) ) GLOBAL_UNIT_ASSIGNED_CONTEXT ( ( #168, #3004, #1041 ) ) REPRESENTATION_CONTEXT ( 'NONE', 'WORKASPACE' ) );
#2588 = LINE ( 'NONE', #2868, #1358 ) ;
#2589 = ORIENTED_EDGE ( 'NONE', *, *, #1510, .F. ) ;
#2590 = DIRECTION ( 'NONE',  ( -0.0000000000000000000, 1.000000000000000000, -0.0000000000000000000 ) ) ;
#2591 = ORIENTED_EDGE ( 'NONE', *, *, #597, .T. ) ;
#2592 = EDGE_LOOP ( 'NONE', ( #2880, #852, #3261, #2448 ) ) ;
#2593 = ORIENTED_EDGE ( 'NONE', *, *, #28, .F. ) ;
#2594 = STYLED_ITEM ( 'NONE', ( #1033 ), #3378 ) ;
#2595 = LINE ( 'NONE', #1434, #1848 ) ;
#2596 = AXIS2_PLACEMENT_3D ( 'NONE', #891, #2316, #210 ) ;
#2597 = COLOUR_RGB ( '',0.7529411764705882248, 0.7529411764705882248, 0.0000000000000000000 ) ;
#2598 = ADVANCED_FACE ( 'NONE', ( #1969 ), #2160, .F. ) ;
#2599 = SURFACE_STYLE_USAGE ( .BOTH. , #1773 ) ;
#2600 = COLOUR_RGB ( '',0.7921568627450980005, 0.8196078431372548767, 0.9333333333333333481 ) ;
#2601 = DIRECTION ( 'NONE',  ( 0.0000000000000000000, 1.000000000000000000, 0.0000000000000000000 ) ) ;
#2602 = EDGE_CURVE ( 'NONE', #3317, #3327, #1231, .T. ) ;
#2603 = DIRECTION ( 'NONE',  ( 0.0000000000000000000, 0.0000000000000000000, -1.000000000000000000 ) ) ;
#2604 = FACE_OUTER_BOUND ( 'NONE', #2460, .T. ) ;
#2605 = EDGE_CURVE ( 'NONE', #1309, #2242, #2706, .T. ) ;
#2606 = DIRECTION ( 'NONE',  ( 0.8660254037844385966, 0.0000000000000000000, -0.5000000000000001110 ) ) ;
#2607 = VERTEX_POINT ( 'NONE', #2974 ) ;
#2608 = CARTESIAN_POINT ( 'NONE',  ( -1.000000000000000444, 0.1499999999999999944, -0.3999999999999998557 ) ) ;
#2609 = DIRECTION ( 'NONE',  ( -0.0000000000000000000, -1.000000000000000000, 0.0000000000000000000 ) ) ;
#2610 = ADVANCED_FACE ( 'NONE', ( #3450 ), #870, .T. ) ;
#2611 = MECHANICAL_DESIGN_GEOMETRIC_PRESENTATION_REPRESENTATION (  '', ( #2248 ), #2798 ) ;
#2612 = EDGE_LOOP ( 'NONE', ( #1506, #1211, #2835, #2915 ) ) ;
#2613 = CARTESIAN_POINT ( 'NONE',  ( 0.0000000000000000000, -0.09999999999999999167, 0.0000000000000000000 ) ) ;
#2614 = VECTOR ( 'NONE', #924, 1000.000000000000000 ) ;
#2615 = UNCERTAINTY_MEASURE_WITH_UNIT (LENGTH_MEASURE( 1.000000000000000082E-05 ), #2845, 'distance_accuracy_value', 'NONE');
#2616 = DIRECTION ( 'NONE',  ( 1.000000000000000000, 0.0000000000000000000, 0.0000000000000000000 ) ) ;
#2617 = ORIENTED_EDGE ( 'NONE', *, *, #2030, .T. ) ;
#2618 = CARTESIAN_POINT ( 'NONE',  ( -0.6712926054850226754, 0.5499999999999999334, 0.5962926054850229418 ) ) ;
#2619 = COLOUR_RGB ( '',0.7529411764705882248, 0.7529411764705882248, 0.0000000000000000000 ) ;
#2620 = EDGE_LOOP ( 'NONE', ( #536, #610, #2075, #997, #2199, #3408, #1452, #2198 ) ) ;
#2621 = CARTESIAN_POINT ( 'NONE',  ( -0.1115544456622767355, -0.1499999999999999944, -2.710505439397719968E-17 ) ) ;
#2622 = DIRECTION ( 'NONE',  ( -0.0000000000000000000, 1.000000000000000000, -0.0000000000000000000 ) ) ;
#2623 = LINE ( 'NONE', #1559, #1139 ) ;
#2624 = VECTOR ( 'NONE', #3285, 1000.000000000000000 ) ;
#2625 = ORIENTED_EDGE ( 'NONE', *, *, #2309, .F. ) ;
#2626 = COLOUR_RGB ( '',1.000000000000000000, 1.000000000000000000, 1.000000000000000000 ) ;
#2627 = AXIS2_PLACEMENT_3D ( 'NONE', #995, #288, #311 ) ;
#2628 = CARTESIAN_POINT ( 'NONE',  ( 0.9999999999999995559, 0.09999999999999999167, 0.0000000000000000000 ) ) ;
#2629 = ORIENTED_EDGE ( 'NONE', *, *, #3104, .T. ) ;
#2630 =( LENGTH_UNIT ( ) NAMED_UNIT ( * ) SI_UNIT ( .MILLI., .METRE. ) );
#2631 = DIRECTION ( 'NONE',  ( 0.0000000000000000000, 0.0000000000000000000, -1.000000000000000000 ) ) ;
#2632 = LINE ( 'NONE', #60, #1148 ) ;
#2633 = CARTESIAN_POINT ( 'NONE',  ( 0.9999999999999995559, -0.1499999999999999944, -0.6250000000000000000 ) ) ;
#2634 = CARTESIAN_POINT ( 'NONE',  ( -0.5999999999999999778, -1.227032961426901325, -0.4999999999999997780 ) ) ;
#2635 = MECHANICAL_DESIGN_GEOMETRIC_PRESENTATION_REPRESENTATION (  '', ( #2265 ), #2817 ) ;
#2636 = PLANE ( 'NONE',  #2062 ) ;
#2637 = ORIENTED_EDGE ( 'NONE', *, *, #261, .T. ) ;
#2638 = CARTESIAN_POINT ( 'NONE',  ( 0.1515544456622766878, -0.09999999999999999167, 0.1403589838486224706 ) ) ;
#2639 = DIRECTION ( 'NONE',  ( 1.000000000000000000, -0.0000000000000000000, -1.084202172485504681E-16 ) ) ;
#2640 = CYLINDRICAL_SURFACE ( 'NONE', #1011, 0.01999999999999999695 ) ;
#2641 = DIRECTION ( 'NONE',  ( 0.0000000000000000000, 0.0000000000000000000, 1.000000000000000000 ) ) ;
#2642 = ORIENTED_EDGE ( 'NONE', *, *, #1165, .T. ) ;
#2643 = CARTESIAN_POINT ( 'NONE',  ( -0.6794421927326292909, 0.5422663304686698993, -0.6044421927326295574 ) ) ;
#2644 = DIRECTION ( 'NONE',  ( 0.0000000000000000000, 0.0000000000000000000, 1.000000000000000000 ) ) ;
#2645 = CARTESIAN_POINT ( 'NONE',  ( 0.9999999999999995559, 0.09999999999999999167, -0.2500000000000000000 ) ) ;
#2646 =( GEOMETRIC_REPRESENTATION_CONTEXT ( 3 ) GLOBAL_UNCERTAINTY_ASSIGNED_CONTEXT ( ( #641 ) ) GLOBAL_UNIT_ASSIGNED_CONTEXT ( ( #1514, #927, #1975 ) ) REPRESENTATION_CONTEXT ( 'NONE', 'WORKASPACE' ) );
#2647 = ORIENTED_EDGE ( 'NONE', *, *, #634, .F. ) ;
#2648 = PLANE ( 'NONE',  #274 ) ;
#2649 = SURFACE_STYLE_USAGE ( .BOTH. , #964 ) ;
#2650 = COLOUR_RGB ( '',0.7529411764705882248, 0.7529411764705882248, 0.0000000000000000000 ) ;
#2651 =( LENGTH_UNIT ( ) NAMED_UNIT ( * ) SI_UNIT ( .MILLI., .METRE. ) );
#2652 = ORIENTED_EDGE ( 'NONE', *, *, #3299, .F. ) ;
#2653 = ORIENTED_EDGE ( 'NONE', *, *, #20, .T. ) ;
#2654 = VECTOR ( 'NONE', #3588, 1000.000000000000000 ) ;
#2655 = AXIS2_PLACEMENT_3D ( 'NONE', #431, #1842, #1207 ) ;
#2656 = EDGE_LOOP ( 'NONE', ( #247, #1882, #3136, #1197 ) ) ;
#2657 = MECHANICAL_DESIGN_GEOMETRIC_PRESENTATION_REPRESENTATION (  '', ( #2087 ), #2840 ) ;
#2658 = CARTESIAN_POINT ( 'NONE',  ( 0.6999999999999999556, 0.09999999999999999167, -0.2500000000000000000 ) ) ;
#2659 = CARTESIAN_POINT ( 'NONE',  ( 0.6600575969524858921, 0.5500000000000000444, 0.0000000000000000000 ) ) ;
#2660 = ORIENTED_EDGE ( 'NONE', *, *, #1186, .T. ) ;
#2661 = ORIENTED_EDGE ( 'NONE', *, *, #3474, .F. ) ;
#2662 = CARTESIAN_POINT ( 'NONE',  ( -0.5999999999999999778, -1.227032961426901325, 0.5000000000000002220 ) ) ;
#2663 = ORIENTED_EDGE ( 'NONE', *, *, #1030, .T. ) ;
#2664 = FILL_AREA_STYLE ('',( #978 ) ) ;
#2665 = EDGE_LOOP ( 'NONE', ( #397, #3215, #1532, #3192 ) ) ;
#2666 = CARTESIAN_POINT ( 'NONE',  ( -0.5999999999999998668, 0.09999999999999999167, -0.6250000000000002220 ) ) ;
#2667 = COLOUR_RGB ( '',0.7921568627450980005, 0.8196078431372548767, 0.9333333333333333481 ) ;
#2668 = ORIENTED_EDGE ( 'NONE', *, *, #554, .F. ) ;
#2669 = VERTEX_POINT ( 'NONE', #1046 ) ;
#2670 = CARTESIAN_POINT ( 'NONE',  ( -0.1115544456622767355, -0.09999999999999999167, -2.710505439397719968E-17 ) ) ;
#2671 = PLANE ( 'NONE',  #297 ) ;
#2672 = ORIENTED_EDGE ( 'NONE', *, *, #652, .T. ) ;
#2673 = VERTEX_POINT ( 'NONE', #1632 ) ;
#2674 = LINE ( 'NONE', #1152, #3409 ) ;
#2675 = DIRECTION ( 'NONE',  ( 1.445602896647339706E-15, 0.0000000000000000000, -1.000000000000000000 ) ) ;
#2676 = VERTEX_POINT ( 'NONE', #3265 ) ;
#2677 = PRESENTATION_LAYER_ASSIGNMENT (  '', '', ( #2858 ) ) ;
#2678 = FILL_AREA_STYLE ('',( #2210 ) ) ;
#2679 = VECTOR ( 'NONE', #3564, 1000.000000000000000 ) ;
#2680 = CARTESIAN_POINT ( 'NONE',  ( 0.0000000000000000000, 0.0000000000000000000, 0.0000000000000000000 ) ) ;
#2681 = EDGE_CURVE ( 'NONE', #1892, #1603, #105, .T. ) ;
#2682 = CARTESIAN_POINT ( 'NONE',  ( 0.9999999999999995559, -0.1499999999999999944, -0.4999999999999997780 ) ) ;
#2683 = VECTOR ( 'NONE', #1115, 1000.000000000000000 ) ;
#2684 = EDGE_CURVE ( 'NONE', #2502, #277, #3107, .T. ) ;
#2685 = DIRECTION ( 'NONE',  ( -2.587789240124152535E-16, 0.0000000000000000000, -1.000000000000000000 ) ) ;
#2686 = ADVANCED_FACE ( 'NONE', ( #1884 ), #2496, .F. ) ;
#2687 = ORIENTED_EDGE ( 'NONE', *, *, #1746, .T. ) ;
#2688 = SURFACE_STYLE_USAGE ( .BOTH. , #721 ) ;
#2689 = SURFACE_SIDE_STYLE ('',( #3248 ) ) ;
#2690 = AXIS2_PLACEMENT_3D ( 'NONE', #1865, #2717, #1322 ) ;
#2691 = FACE_OUTER_BOUND ( 'NONE', #2924, .T. ) ;
#2692 =( NAMED_UNIT ( * ) SI_UNIT ( $, .STERADIAN. ) SOLID_ANGLE_UNIT ( ) );
#2693 = VECTOR ( 'NONE', #2069, 1000.000000000000000 ) ;
#2694 = CARTESIAN_POINT ( 'NONE',  ( -1.000000000000000444, 0.1499999999999999944, -0.6249999999999997780 ) ) ;
#2695 = ORIENTED_EDGE ( 'NONE', *, *, #147, .T. ) ;
#2696 = STYLED_ITEM ( 'NONE', ( #1168 ), #434 ) ;
#2697 = FILL_AREA_STYLE ('',( #3323 ) ) ;
#2698 = DIRECTION ( 'NONE',  ( -0.0000000000000000000, 1.000000000000000000, -0.0000000000000000000 ) ) ;
#2699 = DIRECTION ( 'NONE',  ( -0.0000000000000000000, 1.000000000000000000, -0.0000000000000000000 ) ) ;
#2700 = VECTOR ( 'NONE', #1979, 1000.000000000000000 ) ;
#2701 = EDGE_LOOP ( 'NONE', ( #1971, #518, #2411, #637 ) ) ;
#2702 = VECTOR ( 'NONE', #2403, 1000.000000000000000 ) ;
#2703 = CARTESIAN_POINT ( 'NONE',  ( 0.6999999999999999556, 0.09999999999999999167, 0.2500000000000000000 ) ) ;
#2704 = VECTOR ( 'NONE', #2812, 1000.000000000000000 ) ;
#2705 = VERTEX_POINT ( 'NONE', #231 ) ;
#2706 = LINE ( 'NONE', #3313, #3363 ) ;
#2707 = EDGE_CURVE ( 'NONE', #387, #711, #2363, .T. ) ;
#2708 = ORIENTED_EDGE ( 'NONE', *, *, #365, .T. ) ;
#2709 = CARTESIAN_POINT ( 'NONE',  ( 0.9999999999999995559, -0.09999999999999999167, -0.4999999999999997780 ) ) ;
#2710 = MECHANICAL_DESIGN_GEOMETRIC_PRESENTATION_REPRESENTATION (  '', ( #2166 ), #2902 ) ;
#2711 = DIRECTION ( 'NONE',  ( 0.0000000000000000000, -0.0000000000000000000, -1.000000000000000000 ) ) ;
#2712 = VECTOR ( 'NONE', #2685, 1000.000000000000000 ) ;
#2713 = EDGE_CURVE ( 'NONE', #1715, #720, #1539, .T. ) ;
#2714 = DIRECTION ( 'NONE',  ( 0.0000000000000000000, -1.000000000000000000, 0.0000000000000000000 ) ) ;
#2715 = AXIS2_PLACEMENT_3D ( 'NONE', #2371, #1545, #669 ) ;
#2716 = CYLINDRICAL_SURFACE ( 'NONE', #1709, 0.2000000000000002331 ) ;
#2717 = DIRECTION ( 'NONE',  ( 1.000000000000000000, 0.0000000000000000000, 0.0000000000000000000 ) ) ;
#2718 =( BOUNDED_CURVE ( )  B_SPLINE_CURVE ( 3, ( #2349, #3458, #2618, #351 ),
 .UNSPECIFIED., .F., .F. ) 
 B_SPLINE_CURVE_WITH_KNOTS ( ( 4, 4 ),
 ( 3.193952531149631291, 4.712388980384684345 ),
 .UNSPECIFIED. ) 
 CURVE ( )  GEOMETRIC_REPRESENTATION_ITEM ( )  RATIONAL_B_SPLINE_CURVE ( ( 1.000000000000000000, 0.8169162473415282344, 0.8169162473415282344, 1.000000000000000000 ) ) 
 REPRESENTATION_ITEM ( '' )  );
#2719 = LINE ( 'NONE', #2737, #3465 ) ;
#2720 = EDGE_CURVE ( 'NONE', #661, #3173, #17, .T. ) ;
#2721 = CARTESIAN_POINT ( 'NONE',  ( 0.9999999999999995559, 0.7330951894845298966, 0.2500000000000000000 ) ) ;
#2722 = DIRECTION ( 'NONE',  ( 1.000000000000000000, 0.0000000000000000000, 0.0000000000000000000 ) ) ;
#2723 = EDGE_CURVE ( 'NONE', #303, #1005, #2932, .T. ) ;
#2724 = FILL_AREA_STYLE ('',( #1862 ) ) ;
#2725 = CARTESIAN_POINT ( 'NONE',  ( -0.6600575969524858921, 0.5500000000000000444, -0.5850575969524860476 ) ) ;
#2726 = DIRECTION ( 'NONE',  ( -0.0000000000000000000, 0.0000000000000000000, 1.000000000000000000 ) ) ;
#2727 = ORIENTED_EDGE ( 'NONE', *, *, #747, .F. ) ;
#2728 = VECTOR ( 'NONE', #2286, 1000.000000000000000 ) ;
#2729 = CARTESIAN_POINT ( 'NONE',  ( 0.1515544456622766878, -0.5777974510803784991, -0.1403589838486224706 ) ) ;
#2730 = CARTESIAN_POINT ( 'NONE',  ( -0.5999999999999998668, 0.09999999999999999167, -0.6250000000000002220 ) ) ;
#2731 = ORIENTED_EDGE ( 'NONE', *, *, #2937, .F. ) ;
#2732 = PRESENTATION_LAYER_ASSIGNMENT (  '', '', ( #1053 ) ) ;
#2733 = CARTESIAN_POINT ( 'NONE',  ( -1.000000000000000444, 0.1499999999999999667, -0.3499999999999998113 ) ) ;
#2734 = EDGE_CURVE ( 'NONE', #1074, #3178, #1622, .T. ) ;
#2735 = ORIENTED_EDGE ( 'NONE', *, *, #1381, .T. ) ;
#2736 = ORIENTED_EDGE ( 'NONE', *, *, #2916, .F. ) ;
#2737 = CARTESIAN_POINT ( 'NONE',  ( -0.6571428571428572507, 0.09999999999999999167, -0.2060315014550846979 ) ) ;
#2738 = CARTESIAN_POINT ( 'NONE',  ( 0.6712926054850227864, 0.5500000000000000444, -0.5962926054850229418 ) ) ;
#2739 = EDGE_CURVE ( 'NONE', #1005, #653, #3579, .T. ) ;
#2740 = VERTEX_POINT ( 'NONE', #843 ) ;
#2741 = DIRECTION ( 'NONE',  ( 0.0000000000000000000, -1.000000000000000000, 0.0000000000000000000 ) ) ;
#2742 = EDGE_CURVE ( 'NONE', #2480, #1525, #1464, .T. ) ;
#2743 = ORIENTED_EDGE ( 'NONE', *, *, #1030, .F. ) ;
#2744 = FILL_AREA_STYLE ('',( #469 ) ) ;
#2745 = VECTOR ( 'NONE', #136, 1000.000000000000000 ) ;
#2746 = DIRECTION ( 'NONE',  ( 0.0000000000000000000, 0.0000000000000000000, -1.000000000000000000 ) ) ;
#2747 = DIRECTION ( 'NONE',  ( 3.469446951953614189E-16, 0.0000000000000000000, 1.000000000000000000 ) ) ;
#2748 = VERTEX_POINT ( 'NONE', #3615 ) ;
#2749 = VECTOR ( 'NONE', #2675, 1000.000000000000000 ) ;
#2750 =( NAMED_UNIT ( * ) PLANE_ANGLE_UNIT ( ) SI_UNIT ( $, .RADIAN. ) );
#2751 = CIRCLE ( 'NONE', #515, 0.02000000000000002470 ) ;
#2752 = ORIENTED_EDGE ( 'NONE', *, *, #2684, .T. ) ;
#2753 = ORIENTED_EDGE ( 'NONE', *, *, #1063, .T. ) ;
#2754 = DIRECTION ( 'NONE',  ( 1.000000000000000000, 0.0000000000000000000, 0.0000000000000000000 ) ) ;
#2755 = SURFACE_STYLE_FILL_AREA ( #782 ) ;
#2756 = ORIENTED_EDGE ( 'NONE', *, *, #1252, .T. ) ;
#2757 = VECTOR ( 'NONE', #2759, 1000.000000000000000 ) ;
#2758 = DIRECTION ( 'NONE',  ( 1.000000000000000000, 0.0000000000000000000, -0.0000000000000000000 ) ) ;
#2759 = DIRECTION ( 'NONE',  ( 0.0000000000000000000, 0.0000000000000000000, -1.000000000000000000 ) ) ;
#2760 = FACE_OUTER_BOUND ( 'NONE', #2013, .T. ) ;
#2761 = DIRECTION ( 'NONE',  ( 1.000000000000000000, 0.0000000000000000000, -3.469446951953614189E-16 ) ) ;
#2762 = UNCERTAINTY_MEASURE_WITH_UNIT (LENGTH_MEASURE( 1.000000000000000082E-05 ), #1021, 'distance_accuracy_value', 'NONE');
#2763 = PLANE ( 'NONE',  #1202 ) ;
#2764 = LINE ( 'NONE', #2568, #2019 ) ;
#2765 = SURFACE_SIDE_STYLE ('',( #3179 ) ) ;
#2766 = CARTESIAN_POINT ( 'NONE',  ( -0.6999999999999999556, 0.1499999999999999944, -0.6250000000000002220 ) ) ;
#2767 = CARTESIAN_POINT ( 'NONE',  ( 0.0000000000000000000, 0.1499999999999999944, 0.0000000000000000000 ) ) ;
#2768 = COLOUR_RGB ( '',0.0000000000000000000, 0.7529411764705882248, 0.0000000000000000000 ) ;
#2769 = AXIS2_PLACEMENT_3D ( 'NONE', #1374, #3311, #1639 ) ;
#2770 = AXIS2_PLACEMENT_3D ( 'NONE', #1312, #1396, #643 ) ;
#2771 = LINE ( 'NONE', #2513, #2683 ) ;
#2772 = CARTESIAN_POINT ( 'NONE',  ( 0.6999999999999999556, 0.1499999999999999667, -0.2500000000000000000 ) ) ;
#2773 = DIRECTION ( 'NONE',  ( 0.0000000000000000000, -0.0000000000000000000, 1.000000000000000000 ) ) ;
#2774 = DIRECTION ( 'NONE',  ( -0.0000000000000000000, 1.000000000000000000, -0.0000000000000000000 ) ) ;
#2775 = CARTESIAN_POINT ( 'NONE',  ( -1.000000000000000222, -0.09999999999999999167, 2.168404344971008868E-16 ) ) ;
#2776 = DIRECTION ( 'NONE',  ( 0.8660254037844385966, 0.0000000000000000000, -0.5000000000000001110 ) ) ;
#2777 = DIRECTION ( 'NONE',  ( 2.587789240124152535E-16, 0.0000000000000000000, -1.000000000000000000 ) ) ;
#2778 = VECTOR ( 'NONE', #509, 1000.000000000000000 ) ;
#2779 = ORIENTED_EDGE ( 'NONE', *, *, #153, .T. ) ;
#2780 = COLOUR_RGB ( '',0.7921568627450980005, 0.8196078431372548767, 0.9333333333333333481 ) ;
#2781 = DIRECTION ( 'NONE',  ( -0.0000000000000000000, -1.000000000000000000, -0.0000000000000000000 ) ) ;
#2782 = CARTESIAN_POINT ( 'NONE',  ( -0.5999999999999999778, 0.1499999999999999944, -0.2060315014550845869 ) ) ;
#2783 = EDGE_CURVE ( 'NONE', #43, #2365, #2095, .T. ) ;
#2784 = PRESENTATION_STYLE_ASSIGNMENT (( #1120 ) ) ;
#2785 = VERTEX_POINT ( 'NONE', #996 ) ;
#2786 = VECTOR ( 'NONE', #3569, 1000.000000000000000 ) ;
#2787 =( LENGTH_UNIT ( ) NAMED_UNIT ( * ) SI_UNIT ( .MILLI., .METRE. ) );
#2788 = PLANE ( 'NONE',  #1480 ) ;
#2789 = LINE ( 'NONE', #2896, #2035 ) ;
#2790 = CARTESIAN_POINT ( 'NONE',  ( 0.9999999999999995559, 0.1499999999999999667, 0.2000000000000002331 ) ) ;
#2791 = DIRECTION ( 'NONE',  ( -1.000000000000000000, 0.0000000000000000000, 1.084202172485503448E-15 ) ) ;
#2792 = EDGE_CURVE ( 'NONE', #2271, #893, #490, .T. ) ;
#2793 = UNCERTAINTY_MEASURE_WITH_UNIT (LENGTH_MEASURE( 1.000000000000000082E-05 ), #1130, 'distance_accuracy_value', 'NONE');
#2794 =( LENGTH_UNIT ( ) NAMED_UNIT ( * ) SI_UNIT ( .MILLI., .METRE. ) );
#2795 = DIRECTION ( 'NONE',  ( 0.0000000000000000000, -1.000000000000000000, 0.0000000000000000000 ) ) ;
#2796 = ORIENTED_EDGE ( 'NONE', *, *, #1444, .F. ) ;
#2797 = CARTESIAN_POINT ( 'NONE',  ( 0.0000000000000000000, -0.1499999999999999944, 0.0000000000000000000 ) ) ;
#2798 =( GEOMETRIC_REPRESENTATION_CONTEXT ( 3 ) GLOBAL_UNCERTAINTY_ASSIGNED_CONTEXT ( ( #1507 ) ) GLOBAL_UNIT_ASSIGNED_CONTEXT ( ( #1680, #2082, #2490 ) ) REPRESENTATION_CONTEXT ( 'NONE', 'WORKASPACE' ) );
#2799 = VERTEX_POINT ( 'NONE', #8 ) ;
#2800 = FACE_OUTER_BOUND ( 'NONE', #1264, .T. ) ;
#2801 = CARTESIAN_POINT ( 'NONE',  ( 0.0000000000000000000, -0.09999999999999999167, 0.0000000000000000000 ) ) ;
#2802 = LINE ( 'NONE', #2666, #1313 ) ;
#2803 = ORIENTED_EDGE ( 'NONE', *, *, #2185, .F. ) ;
#2804 = CARTESIAN_POINT ( 'NONE',  ( -1.000000000000000444, -0.1000000000000000472, -0.3499999999999998113 ) ) ;
#2805 =( NAMED_UNIT ( * ) SI_UNIT ( $, .STERADIAN. ) SOLID_ANGLE_UNIT ( ) );
#2806 = CYLINDRICAL_SURFACE ( 'NONE', #2116, 0.4000000000000000777 ) ;
#2807 = DIRECTION ( 'NONE',  ( 1.000000000000000000, 0.0000000000000000000, 1.445602896647339706E-15 ) ) ;
#2808 = PRESENTATION_STYLE_ASSIGNMENT (( #3355 ) ) ;
#2809 = LINE ( 'NONE', #1571, #2712 ) ;
#2810 = DIRECTION ( 'NONE',  ( 0.0000000000000000000, 0.0000000000000000000, -1.000000000000000000 ) ) ;
#2811 = DIRECTION ( 'NONE',  ( -0.0000000000000000000, 1.000000000000000000, -0.0000000000000000000 ) ) ;
#2812 = DIRECTION ( 'NONE',  ( -0.0000000000000000000, -1.000000000000000000, -0.0000000000000000000 ) ) ;
#2813 = AXIS2_PLACEMENT_3D ( 'NONE', #2634, #1572, #1801 ) ;
#2814 = CARTESIAN_POINT ( 'NONE',  ( 0.9999999999999995559, -0.09999999999999999167, 0.2000000000000002331 ) ) ;
#2815 = PRESENTATION_STYLE_ASSIGNMENT (( #356 ) ) ;
#2816 = ADVANCED_FACE ( 'NONE', ( #2004 ), #1104, .T. ) ;
#2817 =( GEOMETRIC_REPRESENTATION_CONTEXT ( 3 ) GLOBAL_UNCERTAINTY_ASSIGNED_CONTEXT ( ( #1088 ) ) GLOBAL_UNIT_ASSIGNED_CONTEXT ( ( #3508, #1844, #134 ) ) REPRESENTATION_CONTEXT ( 'NONE', 'WORKASPACE' ) );
#2818 = ORIENTED_EDGE ( 'NONE', *, *, #1219, .T. ) ;
#2819 = DIRECTION ( 'NONE',  ( 0.0000000000000000000, 0.0000000000000000000, -1.000000000000000000 ) ) ;
#2820 = VECTOR ( 'NONE', #572, 1000.000000000000000 ) ;
#2821 = PRESENTATION_STYLE_ASSIGNMENT (( #3622 ) ) ;
#2822 = CARTESIAN_POINT ( 'NONE',  ( -0.1215544456622767305, -0.5777974510803784991, -0.01732050807568881121 ) ) ;
#2823 = ADVANCED_FACE ( 'NONE', ( #1274 ), #2956, .F. ) ;
#2824 = ORIENTED_EDGE ( 'NONE', *, *, #1061, .F. ) ;
#2825 = ORIENTED_EDGE ( 'NONE', *, *, #395, .F. ) ;
#2826 = ORIENTED_EDGE ( 'NONE', *, *, #3010, .F. ) ;
#2827 = ORIENTED_EDGE ( 'NONE', *, *, #2109, .F. ) ;
#2828 = CARTESIAN_POINT ( 'NONE',  ( -0.5999999999999999778, -0.1499999999999999667, 0.5000000000000002220 ) ) ;
#2829 = MANIFOLD_SOLID_BREP ( 'Boss-Extrude8', #2343 ) ;
#2830 = DIRECTION ( 'NONE',  ( 0.0000000000000000000, 0.0000000000000000000, 1.000000000000000000 ) ) ;
#2831 = ADVANCED_FACE ( 'NONE', ( #1002 ), #1286, .F. ) ;
#2832 = STYLED_ITEM ( 'NONE', ( #3154 ), #2576 ) ;
#2833 = VERTEX_POINT ( 'NONE', #3203 ) ;
#2834 = COLOUR_RGB ( '',0.7921568627450980005, 0.8196078431372548767, 0.9333333333333333481 ) ;
#2835 = ORIENTED_EDGE ( 'NONE', *, *, #1962, .T. ) ;
#2836 = STYLED_ITEM ( 'NONE', ( #2462 ), #1183 ) ;
#2837 = ORIENTED_EDGE ( 'NONE', *, *, #627, .F. ) ;
#2838 = CARTESIAN_POINT ( 'NONE',  ( 0.1215544456622767028, -0.09999999999999999167, 0.1576794919243112436 ) ) ;
#2839 = VECTOR ( 'NONE', #2141, 1000.000000000000000 ) ;
#2840 =( GEOMETRIC_REPRESENTATION_CONTEXT ( 3 ) GLOBAL_UNCERTAINTY_ASSIGNED_CONTEXT ( ( #363 ) ) GLOBAL_UNIT_ASSIGNED_CONTEXT ( ( #1635, #2476, #777 ) ) REPRESENTATION_CONTEXT ( 'NONE', 'WORKASPACE' ) );
#2841 = COLOUR_RGB ( '',0.7921568627450980005, 0.8196078431372548767, 0.9333333333333333481 ) ;
#2842 = ORIENTED_EDGE ( 'NONE', *, *, #2185, .T. ) ;
#2843 = LINE ( 'NONE', #171, #2939 ) ;
#2844 = ADVANCED_FACE ( 'NONE', ( #2149 ), #248, .F. ) ;
#2845 =( LENGTH_UNIT ( ) NAMED_UNIT ( * ) SI_UNIT ( .MILLI., .METRE. ) );
#2846 = LINE ( 'NONE', #23, #1469 ) ;
#2847 = FACE_OUTER_BOUND ( 'NONE', #1824, .T. ) ;
#2848 = LINE ( 'NONE', #934, #690 ) ;
#2849 = VECTOR ( 'NONE', #857, 1000.000000000000000 ) ;
#2850 = CIRCLE ( 'NONE', #114, 0.3500000000000000333 ) ;
#2851 = FILL_AREA_STYLE_COLOUR ( '', #1798 ) ;
#2852 = VERTEX_POINT ( 'NONE', #1178 ) ;
#2853 = CARTESIAN_POINT ( 'NONE',  ( 0.9999999999999995559, -0.09999999999999999167, 0.0000000000000000000 ) ) ;
#2854 = DIRECTION ( 'NONE',  ( 1.000000000000000000, 0.0000000000000000000, -0.0000000000000000000 ) ) ;
#2855 = STYLED_ITEM ( 'NONE', ( #2514 ), #1159 ) ;
#2856 = SURFACE_STYLE_USAGE ( .BOTH. , #1327 ) ;
#2857 = ADVANCED_FACE ( 'NONE', ( #630 ), #3539, .F. ) ;
#2858 = STYLED_ITEM ( 'NONE', ( #953 ), #1740 ) ;
#2859 = ORIENTED_EDGE ( 'NONE', *, *, #900, .T. ) ;
#2860 = DIRECTION ( 'NONE',  ( 0.0000000000000000000, -0.0000000000000000000, -1.000000000000000000 ) ) ;
#2861 = SURFACE_STYLE_FILL_AREA ( #2243 ) ;
#2862 = ORIENTED_EDGE ( 'NONE', *, *, #2163, .F. ) ;
#2863 = EDGE_CURVE ( 'NONE', #968, #3315, #3628, .T. ) ;
#2864 = LINE ( 'NONE', #2340, #608 ) ;
#2865 = FILL_AREA_STYLE_COLOUR ( '', #861 ) ;
#2866 = ORIENTED_EDGE ( 'NONE', *, *, #2863, .F. ) ;
#2867 = LINE ( 'NONE', #1944, #611 ) ;
#2868 = CARTESIAN_POINT ( 'NONE',  ( 0.9999999999999995559, 0.1499999999999999944, -0.6250000000000000000 ) ) ;
#2869 = ORIENTED_EDGE ( 'NONE', *, *, #1040, .F. ) ;
#2870 = PRESENTATION_STYLE_ASSIGNMENT (( #2479 ) ) ;
#2871 = EDGE_CURVE ( 'NONE', #1089, #2581, #1417, .T. ) ;
#2872 = ORIENTED_EDGE ( 'NONE', *, *, #1937, .F. ) ;
#2873 = DIRECTION ( 'NONE',  ( 0.0000000000000000000, -1.000000000000000000, 0.0000000000000000000 ) ) ;
#2874 = DIRECTION ( 'NONE',  ( 0.0000000000000000000, -1.000000000000000000, 0.0000000000000000000 ) ) ;
#2875 = EDGE_LOOP ( 'NONE', ( #1634, #759 ) ) ;
#2876 = UNCERTAINTY_MEASURE_WITH_UNIT (LENGTH_MEASURE( 1.000000000000000082E-05 ), #3633, 'distance_accuracy_value', 'NONE');
#2877 = ADVANCED_FACE ( 'NONE', ( #2800 ), #1242, .F. ) ;
#2878 = DIRECTION ( 'NONE',  ( 0.0000000000000000000, 0.0000000000000000000, 1.000000000000000000 ) ) ;
#2879 = LINE ( 'NONE', #1720, #3626 ) ;
#2880 = ORIENTED_EDGE ( 'NONE', *, *, #1804, .F. ) ;
#2881 =( NAMED_UNIT ( * ) PLANE_ANGLE_UNIT ( ) SI_UNIT ( $, .RADIAN. ) );
#2882 = CARTESIAN_POINT ( 'NONE',  ( 0.0000000000000000000, -0.1499999999999999944, 0.0000000000000000000 ) ) ;
#2883 = CIRCLE ( 'NONE', #2058, 0.2000000000000002331 ) ;
#2884 = ORIENTED_EDGE ( 'NONE', *, *, #592, .T. ) ;
#2885 = ORIENTED_EDGE ( 'NONE', *, *, #78, .T. ) ;
#2886 = AXIS2_PLACEMENT_3D ( 'NONE', #840, #2807, #1133 ) ;
#2887 = FACE_OUTER_BOUND ( 'NONE', #452, .T. ) ;
#2888 = VERTEX_POINT ( 'NONE', #189 ) ;
#2889 = DIRECTION ( 'NONE',  ( -0.0000000000000000000, -1.000000000000000000, -0.0000000000000000000 ) ) ;
#2890 = ORIENTED_EDGE ( 'NONE', *, *, #2720, .T. ) ;
#2891 = LINE ( 'NONE', #930, #2161 ) ;
#2892 = AXIS2_PLACEMENT_3D ( 'NONE', #1754, #3419, #307 ) ;
#2893 = LINE ( 'NONE', #1265, #642 ) ;
#2894 = SURFACE_SIDE_STYLE ('',( #2375 ) ) ;
#2895 =( NAMED_UNIT ( * ) SI_UNIT ( $, .STERADIAN. ) SOLID_ANGLE_UNIT ( ) );
#2896 = CARTESIAN_POINT ( 'NONE',  ( 0.6999999999999999556, 0.7330951894845298966, 0.2500000000000000000 ) ) ;
#2897 =( NAMED_UNIT ( * ) SI_UNIT ( $, .STERADIAN. ) SOLID_ANGLE_UNIT ( ) );
#2898 = EDGE_CURVE ( 'NONE', #18, #275, #2883, .T. ) ;
#2899 = UNCERTAINTY_MEASURE_WITH_UNIT (LENGTH_MEASURE( 1.000000000000000082E-05 ), #402, 'distance_accuracy_value', 'NONE');
#2900 = DIRECTION ( 'NONE',  ( 0.0000000000000000000, 0.0000000000000000000, -1.000000000000000000 ) ) ;
#2901 = LINE ( 'NONE', #1430, #1517 ) ;
#2902 =( GEOMETRIC_REPRESENTATION_CONTEXT ( 3 ) GLOBAL_UNCERTAINTY_ASSIGNED_CONTEXT ( ( #2344 ) ) GLOBAL_UNIT_ASSIGNED_CONTEXT ( ( #242, #1371, #1479 ) ) REPRESENTATION_CONTEXT ( 'NONE', 'WORKASPACE' ) );
#2903 = PRESENTATION_LAYER_ASSIGNMENT (  '', '', ( #2541 ) ) ;
#2904 = SURFACE_STYLE_USAGE ( .BOTH. , #2067 ) ;
#2905 = ORIENTED_EDGE ( 'NONE', *, *, #3190, .T. ) ;
#2906 = PLANE ( 'NONE',  #1988 ) ;
#2907 = CARTESIAN_POINT ( 'NONE',  ( 0.9999999999999995559, 0.1499999999999999944, 0.6250000000000000000 ) ) ;
#2908 = DIRECTION ( 'NONE',  ( -0.0000000000000000000, -1.000000000000000000, -0.0000000000000000000 ) ) ;
#2909 = STYLED_ITEM ( 'NONE', ( #578 ), #2065 ) ;
#2910 = LINE ( 'NONE', #1387, #3562 ) ;
#2911 = EDGE_CURVE ( 'NONE', #2304, #2669, #537, .T. ) ;
#2912 = ORIENTED_EDGE ( 'NONE', *, *, #3190, .F. ) ;
#2913 = DIRECTION ( 'NONE',  ( 0.0000000000000000000, -0.0000000000000000000, -1.000000000000000000 ) ) ;
#2914 = SURFACE_STYLE_FILL_AREA ( #1113 ) ;
#2915 = ORIENTED_EDGE ( 'NONE', *, *, #3373, .F. ) ;
#2916 = EDGE_CURVE ( 'NONE', #2368, #1840, #3447, .T. ) ;
#2917 = VECTOR ( 'NONE', #2773, 1000.000000000000000 ) ;
#2918 = CARTESIAN_POINT ( 'NONE',  ( -1.000000000000000222, 0.1499999999999999944, 2.168404344971008868E-16 ) ) ;
#2919 = SURFACE_SIDE_STYLE ('',( #3150 ) ) ;
#2920 = SURFACE_SIDE_STYLE ('',( #906 ) ) ;
#2921 = ORIENTED_EDGE ( 'NONE', *, *, #1352, .T. ) ;
#2922 = CARTESIAN_POINT ( 'NONE',  ( 1.400000000000000577, -0.1499999999999999944, 0.5000000000000002220 ) ) ;
#2923 = CARTESIAN_POINT ( 'NONE',  ( -1.000000000000000000, 0.1499999999999999944, 0.6250000000000002220 ) ) ;
#2924 = EDGE_LOOP ( 'NONE', ( #3296, #2542, #2660, #969 ) ) ;
#2925 = CARTESIAN_POINT ( 'NONE',  ( -1.000000000000000000, 0.09999999999999999167, 0.6250000000000002220 ) ) ;
#2926 = CARTESIAN_POINT ( 'NONE',  ( -0.5999999999999999778, -0.09999999999999999167, 0.5000000000000002220 ) ) ;
#2927 = MECHANICAL_DESIGN_GEOMETRIC_PRESENTATION_REPRESENTATION (  '', ( #1053 ), #3114 ) ;
#2928 = EDGE_CURVE ( 'NONE', #1780, #626, #1963, .T. ) ;
#2929 = FACE_OUTER_BOUND ( 'NONE', #565, .T. ) ;
#2930 = ORIENTED_EDGE ( 'NONE', *, *, #1607, .T. ) ;
#2931 = ORIENTED_EDGE ( 'NONE', *, *, #198, .T. ) ;
#2932 = LINE ( 'NONE', #1600, #675 ) ;
#2933 =( LENGTH_UNIT ( ) NAMED_UNIT ( * ) SI_UNIT ( .MILLI., .METRE. ) );
#2934 = LINE ( 'NONE', #3413, #3581 ) ;
#2935 = ORIENTED_EDGE ( 'NONE', *, *, #652, .F. ) ;
#2936 = DIRECTION ( 'NONE',  ( 1.897353801849628421E-15, 0.0000000000000000000, -1.000000000000000000 ) ) ;
#2937 = EDGE_CURVE ( 'NONE', #1321, #968, #1311, .T. ) ;
#2938 = ORIENTED_EDGE ( 'NONE', *, *, #1624, .T. ) ;
#2939 = VECTOR ( 'NONE', #2781, 1000.000000000000000 ) ;
#2940 = EDGE_CURVE ( 'NONE', #448, #822, #2623, .T. ) ;
#2941 =( NAMED_UNIT ( * ) PLANE_ANGLE_UNIT ( ) SI_UNIT ( $, .RADIAN. ) );
#2942 = LINE ( 'NONE', #1744, #24 ) ;
#2943 =( LENGTH_UNIT ( ) NAMED_UNIT ( * ) SI_UNIT ( .MILLI., .METRE. ) );
#2944 = FACE_OUTER_BOUND ( 'NONE', #3082, .T. ) ;
#2945 = DIRECTION ( 'NONE',  ( -1.000000000000000000, 0.0000000000000000000, 0.0000000000000000000 ) ) ;
#2946 = CARTESIAN_POINT ( 'NONE',  ( -1.000000000000000444, 1.139949493661166713, -0.3499999999999998113 ) ) ;
#2947 = DIRECTION ( 'NONE',  ( -0.0000000000000000000, 0.0000000000000000000, -1.000000000000000000 ) ) ;
#2948 = DIRECTION ( 'NONE',  ( -2.587789240124152535E-16, 0.0000000000000000000, -1.000000000000000000 ) ) ;
#2949 = FILL_AREA_STYLE ('',( #2238 ) ) ;
#2950 = DIRECTION ( 'NONE',  ( 0.0000000000000000000, -1.000000000000000000, 0.0000000000000000000 ) ) ;
#2951 = LINE ( 'NONE', #3230, #118 ) ;
#2952 = DIRECTION ( 'NONE',  ( 0.0000000000000000000, 0.0000000000000000000, -1.000000000000000000 ) ) ;
#2953 = CARTESIAN_POINT ( 'NONE',  ( -1.000000000000000444, 0.1499999999999999944, -0.6249999999999997780 ) ) ;
#2954 = DIRECTION ( 'NONE',  ( -0.0000000000000000000, 0.0000000000000000000, 1.000000000000000000 ) ) ;
#2955 = STYLED_ITEM ( 'NONE', ( #73 ), #887 ) ;
#2956 = PLANE ( 'NONE',  #3631 ) ;
#2957 = VECTOR ( 'NONE', #629, 1000.000000000000000 ) ;
#2958 = ORIENTED_EDGE ( 'NONE', *, *, #575, .F. ) ;
#2959 = VECTOR ( 'NONE', #1501, 1000.000000000000000 ) ;
#2960 = VERTEX_POINT ( 'NONE', #1273 ) ;
#2961 = VECTOR ( 'NONE', #3109, 1000.000000000000000 ) ;
#2962 = PRESENTATION_LAYER_ASSIGNMENT (  '', '', ( #2594 ) ) ;
#2963 = AXIS2_PLACEMENT_3D ( 'NONE', #2435, #2461, #896 ) ;
#2964 = ORIENTED_EDGE ( 'NONE', *, *, #1718, .T. ) ;
#2965 = CARTESIAN_POINT ( 'NONE',  ( -0.6600575969524858921, 0.5500000000000000444, -0.5850575969524860476 ) ) ;
#2966 = VECTOR ( 'NONE', #1876, 1000.000000000000000 ) ;
#2967 = CARTESIAN_POINT ( 'NONE',  ( -1.000000000000000444, -0.1499999999999999944, -0.6249999999999997780 ) ) ;
#2968 =( LENGTH_UNIT ( ) NAMED_UNIT ( * ) SI_UNIT ( .MILLI., .METRE. ) );
#2969 = CARTESIAN_POINT ( 'NONE',  ( 0.1515544456622766878, -0.1499999999999999667, -0.1403589838486224706 ) ) ;
#2970 = VERTEX_POINT ( 'NONE', #353 ) ;
#2971 = CARTESIAN_POINT ( 'NONE',  ( -1.400000000000000577, -0.09999999999999999167, -0.4999999999999997780 ) ) ;
#2972 = PRODUCT_DEFINITION_SHAPE ( 'NONE', 'NONE',  #1457 ) ;
#2973 = ORIENTED_EDGE ( 'NONE', *, *, #2563, .T. ) ;
#2974 = CARTESIAN_POINT ( 'NONE',  ( 0.6999999999999999556, 0.09999999999999999167, 0.2500000000000000000 ) ) ;
#2975 = VERTEX_POINT ( 'NONE', #2202 ) ;
#2976 = ADVANCED_FACE ( 'NONE', ( #3269 ), #1790, .T. ) ;
#2977 = VERTEX_POINT ( 'NONE', #2369 ) ;
#2978 = EDGE_CURVE ( 'NONE', #1296, #844, #449, .T. ) ;
#2979 = DIRECTION ( 'NONE',  ( 0.0000000000000000000, 0.0000000000000000000, 1.000000000000000000 ) ) ;
#2980 = DIRECTION ( 'NONE',  ( 0.0000000000000000000, -0.0000000000000000000, -1.000000000000000000 ) ) ;
#2981 = VERTEX_POINT ( 'NONE', #3221 ) ;
#2982 =( NAMED_UNIT ( * ) PLANE_ANGLE_UNIT ( ) SI_UNIT ( $, .RADIAN. ) );
#2983 = CARTESIAN_POINT ( 'NONE',  ( -0.5999999999999999778, 0.09999999999999999167, 0.2060315014550845869 ) ) ;
#2984 = EDGE_LOOP ( 'NONE', ( #3347, #579, #2182, #1436 ) ) ;
#2985 = FILL_AREA_STYLE_COLOUR ( '', #1534 ) ;
#2986 = COLOUR_RGB ( '',1.000000000000000000, 1.000000000000000000, 1.000000000000000000 ) ;
#2987 = EDGE_CURVE ( 'NONE', #2052, #2304, #1045, .T. ) ;
#2988 = CARTESIAN_POINT ( 'NONE',  ( -0.5999999999999998668, 0.1499999999999999944, 0.6250000000000002220 ) ) ;
#2989 = EDGE_LOOP ( 'NONE', ( #480, #2443, #1385, #358 ) ) ;
#2990 = DIRECTION ( 'NONE',  ( 0.0000000000000000000, 0.0000000000000000000, -1.000000000000000000 ) ) ;
#2991 = LINE ( 'NONE', #1515, #734 ) ;
#2992 = VECTOR ( 'NONE', #2150, 1000.000000000000000 ) ;
#2993 = CARTESIAN_POINT ( 'NONE',  ( 0.6999999999999999556, 0.1499999999999999944, -0.6250000000000002220 ) ) ;
#2994 = ADVANCED_FACE ( 'NONE', ( #1879 ), #2648, .F. ) ;
#2995 = SURFACE_STYLE_FILL_AREA ( #2724 ) ;
#2996 = DIRECTION ( 'NONE',  ( 0.0000000000000000000, -0.0000000000000000000, 1.000000000000000000 ) ) ;
#2997 = CARTESIAN_POINT ( 'NONE',  ( 0.6999999999999999556, 0.1499999999999999944, 0.6250000000000002220 ) ) ;
#2998 = SURFACE_STYLE_FILL_AREA ( #938 ) ;
#2999 = UNCERTAINTY_MEASURE_WITH_UNIT (LENGTH_MEASURE( 1.000000000000000082E-05 ), #3275, 'distance_accuracy_value', 'NONE');
#3000 = CARTESIAN_POINT ( 'NONE',  ( 1.299999999999999378, 0.1499999999999999944, 0.2500000000000000000 ) ) ;
#3001 = DIRECTION ( 'NONE',  ( -0.0000000000000000000, -1.000000000000000000, -0.0000000000000000000 ) ) ;
#3002 = CARTESIAN_POINT ( 'NONE',  ( 1.299999999999999378, 0.09999999999999999167, 0.2500000000000000000 ) ) ;
#3003 = ORIENTED_EDGE ( 'NONE', *, *, #2339, .T. ) ;
#3004 =( NAMED_UNIT ( * ) PLANE_ANGLE_UNIT ( ) SI_UNIT ( $, .RADIAN. ) );
#3005 = AXIS2_PLACEMENT_3D ( 'NONE', #399, #3498, #1806 ) ;
#3006 = ORIENTED_EDGE ( 'NONE', *, *, #586, .T. ) ;
#3007 = EDGE_CURVE ( 'NONE', #3065, #720, #2543, .T. ) ;
#3008 = DIRECTION ( 'NONE',  ( -1.000000000000000000, -0.0000000000000000000, -0.0000000000000000000 ) ) ;
#3009 = ORIENTED_EDGE ( 'NONE', *, *, #416, .T. ) ;
#3010 = EDGE_CURVE ( 'NONE', #1850, #573, #2445, .T. ) ;
#3011 = LINE ( 'NONE', #787, #851 ) ;
#3012 = ORIENTED_EDGE ( 'NONE', *, *, #2940, .T. ) ;
#3013 = CARTESIAN_POINT ( 'NONE',  ( 0.9999999999999995559, -0.09999999999999999167, 0.0000000000000000000 ) ) ;
#3014 = ORIENTED_EDGE ( 'NONE', *, *, #1665, .T. ) ;
#3015 = SURFACE_SIDE_STYLE ('',( #2995 ) ) ;
#3016 = CARTESIAN_POINT ( 'NONE',  ( -0.5999999999999999778, -0.09999999999999999167, -0.4999999999999997780 ) ) ;
#3017 = ORIENTED_EDGE ( 'NONE', *, *, #2681, .T. ) ;
#3018 = SURFACE_STYLE_FILL_AREA ( #1863 ) ;
#3019 = CARTESIAN_POINT ( 'NONE',  ( -1.000000000000000000, -0.09999999999999999167, 0.5000000000000002220 ) ) ;
#3020 = VECTOR ( 'NONE', #648, 1000.000000000000000 ) ;
#3021 = VERTEX_POINT ( 'NONE', #2372 ) ;
#3022 = VECTOR ( 'NONE', #3625, 1000.000000000000000 ) ;
#3023 = ORIENTED_EDGE ( 'NONE', *, *, #1919, .T. ) ;
#3024 = DIRECTION ( 'NONE',  ( -9.637352644315598694E-16, 0.0000000000000000000, 1.000000000000000000 ) ) ;
#3025 = CARTESIAN_POINT ( 'NONE',  ( 0.6794421927326294020, 0.5422663304686698993, -0.6044421927326295574 ) ) ;
#3026 = LINE ( 'NONE', #296, #688 ) ;
#3027 = AXIS2_PLACEMENT_3D ( 'NONE', #2797, #1407, #3609 ) ;
#3028 = SURFACE_SIDE_STYLE ('',( #2755 ) ) ;
#3029 = PRESENTATION_LAYER_ASSIGNMENT (  '', '', ( #2836 ) ) ;
#3030 = CARTESIAN_POINT ( 'NONE',  ( -1.000000000000000444, 0.1499999999999999944, -0.6249999999999997780 ) ) ;
#3031 = VECTOR ( 'NONE', #3362, 1000.000000000000000 ) ;
#3032 = UNCERTAINTY_MEASURE_WITH_UNIT (LENGTH_MEASURE( 1.000000000000000082E-05 ), #780, 'distance_accuracy_value', 'NONE');
#3033 = SURFACE_SIDE_STYLE ('',( #2861 ) ) ;
#3034 =( LENGTH_UNIT ( ) NAMED_UNIT ( * ) SI_UNIT ( .MILLI., .METRE. ) );
#3035 = DIRECTION ( 'NONE',  ( -1.000000000000000000, 0.0000000000000000000, 0.0000000000000000000 ) ) ;
#3036 = VECTOR ( 'NONE', #1688, 1000.000000000000114 ) ;
#3037 = CARTESIAN_POINT ( 'NONE',  ( 0.6999999999999999556, 0.1499999999999999944, 0.6250000000000000000 ) ) ;
#3038 = ORIENTED_EDGE ( 'NONE', *, *, #1378, .T. ) ;
#3039 = CIRCLE ( 'NONE', #3076, 0.01999999999999999695 ) ;
#3040 = DIRECTION ( 'NONE',  ( -0.0000000000000000000, 1.000000000000000000, -0.0000000000000000000 ) ) ;
#3041 = ORIENTED_EDGE ( 'NONE', *, *, #2535, .T. ) ;
#3042 = FILL_AREA_STYLE ('',( #1402 ) ) ;
#3043 = ORIENTED_EDGE ( 'NONE', *, *, #1984, .T. ) ;
#3044 = LINE ( 'NONE', #1331, #3614 ) ;
#3045 =( LENGTH_UNIT ( ) NAMED_UNIT ( * ) SI_UNIT ( .MILLI., .METRE. ) );
#3046 = FACE_OUTER_BOUND ( 'NONE', #1958, .T. ) ;
#3047 = DIRECTION ( 'NONE',  ( -0.9986295347545739443, 0.05233595624294389015, 0.0000000000000000000 ) ) ;
#3048 = DIRECTION ( 'NONE',  ( 0.0000000000000000000, -1.000000000000000000, 0.0000000000000000000 ) ) ;
#3049 = VERTEX_POINT ( 'NONE', #979 ) ;
#3050 = AXIS2_PLACEMENT_3D ( 'NONE', #836, #2447, #2616 ) ;
#3051 = ORIENTED_EDGE ( 'NONE', *, *, #3007, .F. ) ;
#3052 = DIRECTION ( 'NONE',  ( 0.0000000000000000000, -1.000000000000000000, 0.0000000000000000000 ) ) ;
#3053 = EDGE_CURVE ( 'NONE', #3343, #523, #947, .T. ) ;
#3054 = FACE_OUTER_BOUND ( 'NONE', #1878, .T. ) ;
#3055 =( NAMED_UNIT ( * ) SI_UNIT ( $, .STERADIAN. ) SOLID_ANGLE_UNIT ( ) );
#3056 = ORIENTED_EDGE ( 'NONE', *, *, #1544, .F. ) ;
#3057 = UNCERTAINTY_MEASURE_WITH_UNIT (LENGTH_MEASURE( 1.000000000000000082E-05 ), #2357, 'distance_accuracy_value', 'NONE');
#3058 = CARTESIAN_POINT ( 'NONE',  ( -0.5999999999999999778, 0.09999999999999999167, 0.2060315014550845869 ) ) ;
#3059 = DIRECTION ( 'NONE',  ( -1.000000000000000000, 0.0000000000000000000, 0.0000000000000000000 ) ) ;
#3060 = FILL_AREA_STYLE_COLOUR ( '', #3565 ) ;
#3061 = EDGE_CURVE ( 'NONE', #275, #3021, #1694, .T. ) ;
#3062 = COLOUR_RGB ( '',0.7529411764705882248, 0.7529411764705882248, 0.0000000000000000000 ) ;
#3063 = ORIENTED_EDGE ( 'NONE', *, *, #985, .F. ) ;
#3064 = VECTOR ( 'NONE', #487, 1000.000000000000000 ) ;
#3065 = VERTEX_POINT ( 'NONE', #3524 ) ;
#3066 = VECTOR ( 'NONE', #1225, 1000.000000000000000 ) ;
#3067 = FILL_AREA_STYLE ('',( #2851 ) ) ;
#3068 = DIRECTION ( 'NONE',  ( -0.8660254037844384856, 0.0000000000000000000, -0.5000000000000002220 ) ) ;
#3069 = CARTESIAN_POINT ( 'NONE',  ( -1.000000000000000444, -0.1000000000000000194, -0.6249999999999997780 ) ) ;
#3070 = CIRCLE ( 'NONE', #2963, 0.3500000000000000333 ) ;
#3071 = SURFACE_SIDE_STYLE ('',( #492 ) ) ;
#3072 = DIRECTION ( 'NONE',  ( -1.000000000000000000, 0.0000000000000000000, 7.115076756936119693E-15 ) ) ;
#3073 = SURFACE_STYLE_USAGE ( .BOTH. , #1522 ) ;
#3074 =( NAMED_UNIT ( * ) PLANE_ANGLE_UNIT ( ) SI_UNIT ( $, .RADIAN. ) );
#3075 = CARTESIAN_POINT ( 'NONE',  ( -1.000000000000000000, -0.1499999999999999667, 0.5000000000000002220 ) ) ;
#3076 = AXIS2_PLACEMENT_3D ( 'NONE', #914, #2873, #1210 ) ;
#3077 = CIRCLE ( 'NONE', #1702, 0.4000000000000000777 ) ;
#3078 = PRESENTATION_LAYER_ASSIGNMENT (  '', '', ( #2696 ) ) ;
#3079 = CARTESIAN_POINT ( 'NONE',  ( 0.9999999999999995559, -0.09999999999999999167, 0.5000000000000002220 ) ) ;
#3080 = DIRECTION ( 'NONE',  ( -1.000000000000000000, 0.0000000000000000000, 0.0000000000000000000 ) ) ;
#3081 = DIRECTION ( 'NONE',  ( 0.8660254037844385966, 0.0000000000000000000, -0.5000000000000001110 ) ) ;
#3082 = EDGE_LOOP ( 'NONE', ( #3006, #665, #2546, #3427 ) ) ;
#3083 = CIRCLE ( 'NONE', #1886, 0.02000000000000001776 ) ;
#3084 = EDGE_CURVE ( 'NONE', #2213, #1445, #1614, .T. ) ;
#3085 = ORIENTED_EDGE ( 'NONE', *, *, #204, .F. ) ;
#3086 = VERTEX_POINT ( 'NONE', #2390 ) ;
#3087 = DIRECTION ( 'NONE',  ( 0.0000000000000000000, 0.0000000000000000000, -1.000000000000000000 ) ) ;
#3088 = ADVANCED_FACE ( 'NONE', ( #102 ), #2276, .F. ) ;
#3089 = DIRECTION ( 'NONE',  ( -0.8660254037844384856, 0.0000000000000000000, 0.5000000000000002220 ) ) ;
#3090 = ORIENTED_EDGE ( 'NONE', *, *, #793, .F. ) ;
#3091 = MECHANICAL_DESIGN_GEOMETRIC_PRESENTATION_REPRESENTATION (  '', ( #2541 ), #3278 ) ;
#3092 = DIRECTION ( 'NONE',  ( 0.0000000000000000000, 0.0000000000000000000, -1.000000000000000000 ) ) ;
#3093 = ORIENTED_EDGE ( 'NONE', *, *, #567, .T. ) ;
#3094 = DIRECTION ( 'NONE',  ( -2.587789240124152535E-16, 0.0000000000000000000, 1.000000000000000000 ) ) ;
#3095 = AXIS2_PLACEMENT_3D ( 'NONE', #2386, #716, #1367 ) ;
#3096 = FACE_OUTER_BOUND ( 'NONE', #348, .T. ) ;
#3098 = ORIENTED_EDGE ( 'NONE', *, *, #2503, .T. ) ;
#3097 = UNCERTAINTY_MEASURE_WITH_UNIT (LENGTH_MEASURE( 1.000000000000000082E-05 ), #609, 'distance_accuracy_value', 'NONE');
#3099 = EDGE_CURVE ( 'NONE', #1227, #1835, #360, .T. ) ;
#3100 = VECTOR ( 'NONE', #2639, 1000.000000000000000 ) ;
#3101 = ADVANCED_FACE ( 'NONE', ( #764 ), #2906, .F. ) ;
#3102 = SURFACE_STYLE_USAGE ( .BOTH. , #1150 ) ;
#3103 = ORIENTED_EDGE ( 'NONE', *, *, #2605, .F. ) ;
#3104 = EDGE_CURVE ( 'NONE', #3532, #626, #1268, .T. ) ;
#3105 = MANIFOLD_SOLID_BREP ( 'Boss-Extrude5', #1732 ) ;
#3106 = CARTESIAN_POINT ( 'NONE',  ( 0.1315544456622766700, -0.5777974510803784991, 0.1403589838486224151 ) ) ;
#3107 = CIRCLE ( 'NONE', #2137, 0.4000000000000000777 ) ;
#3108 = ORIENTED_EDGE ( 'NONE', *, *, #1246, .T. ) ;
#3109 = DIRECTION ( 'NONE',  ( 9.637352644315598694E-16, 0.0000000000000000000, 1.000000000000000000 ) ) ;
#3110 = ORIENTED_EDGE ( 'NONE', *, *, #1628, .F. ) ;
#3111 = ADVANCED_FACE ( 'NONE', ( #3398 ), #942, .F. ) ;
#3112 = CARTESIAN_POINT ( 'NONE',  ( 0.1215544456622766750, -0.1499999999999999667, -0.1576794919243112159 ) ) ;
#3113 = VECTOR ( 'NONE', #1129, 1000.000000000000000 ) ;
#3114 =( GEOMETRIC_REPRESENTATION_CONTEXT ( 3 ) GLOBAL_UNCERTAINTY_ASSIGNED_CONTEXT ( ( #1117 ) ) GLOBAL_UNIT_ASSIGNED_CONTEXT ( ( #3648, #1163, #1716 ) ) REPRESENTATION_CONTEXT ( 'NONE', 'WORKASPACE' ) );
#3115 = EDGE_CURVE ( 'NONE', #2482, #2573, #2406, .T. ) ;
#3116 = DIRECTION ( 'NONE',  ( 1.445602896647339706E-15, 0.0000000000000000000, -1.000000000000000000 ) ) ;
#3117 =( NAMED_UNIT ( * ) PLANE_ANGLE_UNIT ( ) SI_UNIT ( $, .RADIAN. ) );
#3118 = SURFACE_STYLE_FILL_AREA ( #3042 ) ;
#3119 = AXIS2_PLACEMENT_3D ( 'NONE', #922, #756, #624 ) ;
#3120 = EDGE_CURVE ( 'NONE', #751, #1837, #3145, .T. ) ;
#3121 = LINE ( 'NONE', #380, #876 ) ;
#3122 = ADVANCED_FACE ( 'NONE', ( #3054 ), #2383, .F. ) ;
#3123 = EDGE_LOOP ( 'NONE', ( #106, #176, #281, #774 ) ) ;
#3124 = EDGE_CURVE ( 'NONE', #1445, #1620, #2315, .T. ) ;
#3125 = DIRECTION ( 'NONE',  ( -0.0000000000000000000, -1.000000000000000000, -0.0000000000000000000 ) ) ;
#3126 = ORIENTED_EDGE ( 'NONE', *, *, #3247, .F. ) ;
#3127 = CARTESIAN_POINT ( 'NONE',  ( 0.9999999999999995559, 0.7330951894845298966, -0.2500000000000000000 ) ) ;
#3128 = ORIENTED_EDGE ( 'NONE', *, *, #246, .T. ) ;
#3129 =( NAMED_UNIT ( * ) PLANE_ANGLE_UNIT ( ) SI_UNIT ( $, .RADIAN. ) );
#3130 =( LENGTH_UNIT ( ) NAMED_UNIT ( * ) SI_UNIT ( .MILLI., .METRE. ) );
#3131 = VECTOR ( 'NONE', #2354, 1000.000000000000000 ) ;
#3132 = ORIENTED_EDGE ( 'NONE', *, *, #3346, .F. ) ;
#3133 = DIRECTION ( 'NONE',  ( -9.637352644315598694E-16, 0.0000000000000000000, -1.000000000000000000 ) ) ;
#3134 = ORIENTED_EDGE ( 'NONE', *, *, #2356, .F. ) ;
#3135 = LINE ( 'NONE', #3191, #890 ) ;
#3136 = ORIENTED_EDGE ( 'NONE', *, *, #3646, .F. ) ;
#3137 = LINE ( 'NONE', #2169, #1493 ) ;
#3138 = ORIENTED_EDGE ( 'NONE', *, *, #1857, .T. ) ;
#3139 = ADVANCED_FACE ( 'NONE', ( #1576 ), #308, .T. ) ;
#3140 = DIRECTION ( 'NONE',  ( -0.0000000000000000000, -1.000000000000000000, -0.0000000000000000000 ) ) ;
#3141 = AXIS2_PLACEMENT_3D ( 'NONE', #744, #1873, #2711 ) ;
#3142 = FILL_AREA_STYLE ('',( #1595 ) ) ;
#3143 = ORIENTED_EDGE ( 'NONE', *, *, #991, .F. ) ;
#3144 = VERTEX_POINT ( 'NONE', #699 ) ;
#3145 = LINE ( 'NONE', #3058, #899 ) ;
#3146 = FACE_OUTER_BOUND ( 'NONE', #589, .T. ) ;
#3147 = EDGE_LOOP ( 'NONE', ( #1181, #2281, #2593, #3014 ) ) ;
#3148 = MECHANICAL_DESIGN_GEOMETRIC_PRESENTATION_REPRESENTATION (  '', ( #2594 ), #3330 ) ;
#3149 = DIRECTION ( 'NONE',  ( 0.0000000000000000000, -1.000000000000000000, 0.0000000000000000000 ) ) ;
#3150 = SURFACE_STYLE_FILL_AREA ( #647 ) ;
#3151 = AXIS2_PLACEMENT_3D ( 'NONE', #2822, #2233, #2776 ) ;
#3152 = VECTOR ( 'NONE', #638, 1000.000000000000000 ) ;
#3153 = ORIENTED_EDGE ( 'NONE', *, *, #2898, .T. ) ;
#3154 = PRESENTATION_STYLE_ASSIGNMENT (( #3281 ) ) ;
#3155 = PLANE ( 'NONE',  #3415 ) ;
#3156 = SURFACE_STYLE_FILL_AREA ( #97 ) ;
#3157 = CARTESIAN_POINT ( 'NONE',  ( 1.400000000000000577, -0.09999999999999999167, -0.4999999999999997780 ) ) ;
#3158 = LINE ( 'NONE', #3493, #2327 ) ;
#3159 = DIRECTION ( 'NONE',  ( 2.587789240124152535E-16, 0.0000000000000000000, -1.000000000000000000 ) ) ;
#3160 = DIRECTION ( 'NONE',  ( -0.0000000000000000000, -1.000000000000000000, -0.0000000000000000000 ) ) ;
#3161 = ADVANCED_FACE ( 'NONE', ( #1083 ), #974, .F. ) ;
#3162 = EDGE_CURVE ( 'NONE', #573, #2888, #3223, .T. ) ;
#3163 = DIRECTION ( 'NONE',  ( -0.0000000000000000000, -1.000000000000000000, -0.0000000000000000000 ) ) ;
#3164 = VERTEX_POINT ( 'NONE', #1564 ) ;
#3165 =( NAMED_UNIT ( * ) SI_UNIT ( $, .STERADIAN. ) SOLID_ANGLE_UNIT ( ) );
#3166 = EDGE_CURVE ( 'NONE', #2382, #3180, #1829, .T. ) ;
#3167 = CARTESIAN_POINT ( 'NONE',  ( 0.5999999999999999778, -0.1499999999999999944, -0.4999999999999997780 ) ) ;
#3168 =( NAMED_UNIT ( * ) SI_UNIT ( $, .STERADIAN. ) SOLID_ANGLE_UNIT ( ) );
#3169 = DIRECTION ( 'NONE',  ( 0.0000000000000000000, 1.000000000000000000, 0.0000000000000000000 ) ) ;
#3170 = CARTESIAN_POINT ( 'NONE',  ( 0.1315544456622766700, -0.09999999999999999167, 0.1403589838486224151 ) ) ;
#3171 = AXIS2_PLACEMENT_3D ( 'NONE', #1605, #1616, #2174 ) ;
#3172 = DIRECTION ( 'NONE',  ( -0.0000000000000000000, -0.0000000000000000000, -1.000000000000000000 ) ) ;
#3173 = VERTEX_POINT ( 'NONE', #2121 ) ;
#3174 = LINE ( 'NONE', #2925, #2431 ) ;
#3175 = CARTESIAN_POINT ( 'NONE',  ( -0.6999999999999999556, 0.1499999999999999944, -0.6250000000000002220 ) ) ;
#3176 = VECTOR ( 'NONE', #510, 1000.000000000000000 ) ;
#3177 = PLANE ( 'NONE',  #1245 ) ;
#3178 = VERTEX_POINT ( 'NONE', #424 ) ;
#3179 = SURFACE_STYLE_FILL_AREA ( #792 ) ;
#3180 = VERTEX_POINT ( 'NONE', #2682 ) ;
#3181 =( LENGTH_UNIT ( ) NAMED_UNIT ( * ) SI_UNIT ( .MILLI., .METRE. ) );
#3182 = FILL_AREA_STYLE_COLOUR ( '', #2650 ) ;
#3183 = ORIENTED_EDGE ( 'NONE', *, *, #1624, .F. ) ;
#3184 = CARTESIAN_POINT ( 'NONE',  ( 0.5999999999999999778, -0.09999999999999999167, 0.5000000000000002220 ) ) ;
#3185 = ORIENTED_EDGE ( 'NONE', *, *, #1562, .F. ) ;
#3186 = CARTESIAN_POINT ( 'NONE',  ( 0.6999999999999999556, 0.09999999999999999167, -0.2500000000000000000 ) ) ;
#3187 = EDGE_CURVE ( 'NONE', #3560, #2888, #486, .T. ) ;
#3188 = VECTOR ( 'NONE', #3428, 1000.000000000000000 ) ;
#3189 = VERTEX_POINT ( 'NONE', #3231 ) ;
#3190 = EDGE_CURVE ( 'NONE', #653, #1908, #2396, .T. ) ;
#3191 = CARTESIAN_POINT ( 'NONE',  ( -1.000000000000000000, -0.1499999999999999667, 0.5000000000000002220 ) ) ;
#3192 = ORIENTED_EDGE ( 'NONE', *, *, #3162, .T. ) ;
#3193 = CARTESIAN_POINT ( 'NONE',  ( 0.9999999999999995559, 0.1499999999999999944, 0.5000000000000001110 ) ) ;
#3194 =( GEOMETRIC_REPRESENTATION_CONTEXT ( 3 ) GLOBAL_UNCERTAINTY_ASSIGNED_CONTEXT ( ( #413 ) ) GLOBAL_UNIT_ASSIGNED_CONTEXT ( ( #2968, #1574, #3521 ) ) REPRESENTATION_CONTEXT ( 'NONE', 'WORKASPACE' ) );
#3195 = FACE_OUTER_BOUND ( 'NONE', #725, .T. ) ;
#3196 = ORIENTED_EDGE ( 'NONE', *, *, #1811, .T. ) ;
#3197 = DIRECTION ( 'NONE',  ( 1.000000000000000000, 0.0000000000000000000, -1.084202172485503448E-15 ) ) ;
#3198 = DIRECTION ( 'NONE',  ( -0.0000000000000000000, -1.000000000000000000, -0.0000000000000000000 ) ) ;
#3199 = SURFACE_STYLE_FILL_AREA ( #3067 ) ;
#3200 = ORIENTED_EDGE ( 'NONE', *, *, #94, .T. ) ;
#3201 = CARTESIAN_POINT ( 'NONE',  ( -0.5999999999999999778, 0.09999999999999999167, 0.2060315014550845869 ) ) ;
#3202 = FACE_OUTER_BOUND ( 'NONE', #2620, .T. ) ;
#3203 = CARTESIAN_POINT ( 'NONE',  ( 0.9999999999999995559, -0.1000000000000000472, -0.2000000000000002331 ) ) ;
#3204 = DIRECTION ( 'NONE',  ( -0.0000000000000000000, -0.0000000000000000000, 1.000000000000000000 ) ) ;
#3205 = LINE ( 'NONE', #3577, #963 ) ;
#3206 = CARTESIAN_POINT ( 'NONE',  ( 0.9999999999999995559, 0.7330951894845298966, 0.2000000000000002331 ) ) ;
#3207 = VECTOR ( 'NONE', #2089, 1000.000000000000000 ) ;
#3208 = VERTEX_POINT ( 'NONE', #3525 ) ;
#3209 = VERTEX_POINT ( 'NONE', #2139 ) ;
#3210 = AXIS2_PLACEMENT_3D ( 'NONE', #123, #1244, #3197 ) ;
#3211 = FILL_AREA_STYLE_COLOUR ( '', #2597 ) ;
#3212 = CARTESIAN_POINT ( 'NONE',  ( -0.1215544456622767305, -0.09999999999999999167, -0.01732050807568879386 ) ) ;
#3213 = MECHANICAL_DESIGN_GEOMETRIC_PRESENTATION_REPRESENTATION (  '', ( #2836 ), #3394 ) ;
#3214 = CARTESIAN_POINT ( 'NONE',  ( 0.9999999999999995559, 0.09999999999999999167, -0.6250000000000000000 ) ) ;
#3215 = ORIENTED_EDGE ( 'NONE', *, *, #1594, .T. ) ;
#3216 = CARTESIAN_POINT ( 'NONE',  ( -0.5999999999999999778, -0.09999999999999999167, 0.5000000000000002220 ) ) ;
#3217 = DIRECTION ( 'NONE',  ( 0.0000000000000000000, 0.0000000000000000000, -1.000000000000000000 ) ) ;
#3218 = DIRECTION ( 'NONE',  ( 0.0000000000000000000, 0.0000000000000000000, 1.000000000000000000 ) ) ;
#3219 = ORIENTED_EDGE ( 'NONE', *, *, #3053, .F. ) ;
#3220 = VECTOR ( 'NONE', #430, 1000.000000000000000 ) ;
#3221 = CARTESIAN_POINT ( 'NONE',  ( -1.000000000000000000, 0.09999999999999999167, 0.6250000000000002220 ) ) ;
#3222 = VERTEX_POINT ( 'NONE', #1578 ) ;
#3223 = LINE ( 'NONE', #1846, #2485 ) ;
#3224 = PLANE ( 'NONE',  #2715 ) ;
#3225 = CARTESIAN_POINT ( 'NONE',  ( -1.000000000000000222, 0.09999999999999999167, 2.168404344971008868E-16 ) ) ;
#3226 = ORIENTED_EDGE ( 'NONE', *, *, #3421, .F. ) ;
#3227 = DIRECTION ( 'NONE',  ( 1.000000000000000000, -0.0000000000000000000, -4.743384504624079927E-16 ) ) ;
#3228 = ORIENTED_EDGE ( 'NONE', *, *, #3489, .T. ) ;
#3229 = SURFACE_SIDE_STYLE ('',( #2129 ) ) ;
#3230 = CARTESIAN_POINT ( 'NONE',  ( 0.9999999999999995559, 0.09999999999999999167, -0.6250000000000000000 ) ) ;
#3231 = CARTESIAN_POINT ( 'NONE',  ( 0.9999999999999995559, 0.09999999999999999167, 0.2500000000000000000 ) ) ;
#3232 = LINE ( 'NONE', #521, #2499 ) ;
#3233 = ORIENTED_EDGE ( 'NONE', *, *, #646, .F. ) ;
#3234 = SURFACE_STYLE_USAGE ( .BOTH. , #70 ) ;
#3235 = AXIS2_PLACEMENT_3D ( 'NONE', #63, #2811, #1191 ) ;
#3236 = ORIENTED_EDGE ( 'NONE', *, *, #1055, .F. ) ;
#3237 = LINE ( 'NONE', #1858, #1008 ) ;
#3238 = MECHANICAL_DESIGN_GEOMETRIC_PRESENTATION_REPRESENTATION (  '', ( #2858 ), #3418 ) ;
#3239 = PRESENTATION_STYLE_ASSIGNMENT (( #1978 ) ) ;
#3240 = ADVANCED_FACE ( 'NONE', ( #1733 ), #1023, .F. ) ;
#3241 = EDGE_CURVE ( 'NONE', #3393, #1850, #133, .T. ) ;
#3242 = DIRECTION ( 'NONE',  ( 0.0000000000000000000, 0.0000000000000000000, -1.000000000000000000 ) ) ;
#3243 = LINE ( 'NONE', #2070, #1669 ) ;
#3244 = DIRECTION ( 'NONE',  ( 0.0000000000000000000, 1.000000000000000000, 0.0000000000000000000 ) ) ;
#3245 = COLOUR_RGB ( '',0.7529411764705882248, 0.7529411764705882248, 0.0000000000000000000 ) ;
#3246 = CARTESIAN_POINT ( 'NONE',  ( -0.1215544456622767028, -0.1499999999999999667, 0.01732050807568877651 ) ) ;
#3247 = EDGE_CURVE ( 'NONE', #1174, #3209, #894, .T. ) ;
#3248 = SURFACE_STYLE_FILL_AREA ( #2697 ) ;
#3249 = DIRECTION ( 'NONE',  ( 0.8660254037844384856, 0.0000000000000000000, 0.5000000000000002220 ) ) ;
#3250 = PLANE ( 'NONE',  #603 ) ;
#3251 = AXIS2_PLACEMENT_3D ( 'NONE', #2801, #1140, #1530 ) ;
#3252 = DIRECTION ( 'NONE',  ( 2.587789240124152535E-16, 0.0000000000000000000, 1.000000000000000000 ) ) ;
#3253 = ADVANCED_FACE ( 'NONE', ( #800 ), #443, .T. ) ;
#3254 = UNCERTAINTY_MEASURE_WITH_UNIT (LENGTH_MEASURE( 1.000000000000000082E-05 ), #3181, 'distance_accuracy_value', 'NONE');
#3255 = FACE_OUTER_BOUND ( 'NONE', #2348, .T. ) ;
#3256 = LINE ( 'NONE', #2492, #256 ) ;
#3257 = AXIS2_PLACEMENT_3D ( 'NONE', #3643, #265, #1753 ) ;
#3258 = CARTESIAN_POINT ( 'NONE',  ( 0.9999999999999995559, 0.09999999999999999167, 0.0000000000000000000 ) ) ;
#3259 = ORIENTED_EDGE ( 'NONE', *, *, #1040, .T. ) ;
#3260 =( LENGTH_UNIT ( ) NAMED_UNIT ( * ) SI_UNIT ( .MILLI., .METRE. ) );
#3261 = ORIENTED_EDGE ( 'NONE', *, *, #575, .T. ) ;
#3262 = DIRECTION ( 'NONE',  ( 0.0000000000000000000, 1.000000000000000000, 0.0000000000000000000 ) ) ;
#3263 = COLOUR_RGB ( '',1.000000000000000000, 1.000000000000000000, 1.000000000000000000 ) ;
#3264 = CARTESIAN_POINT ( 'NONE',  ( -1.000000000000000000, 0.1499999999999999944, 0.6250000000000002220 ) ) ;
#3265 = CARTESIAN_POINT ( 'NONE',  ( -0.9999999999999995559, 0.1499999999999999944, 0.2000000000000002331 ) ) ;
#3266 = VERTEX_POINT ( 'NONE', #1599 ) ;
#3267 = EDGE_LOOP ( 'NONE', ( #2931, #1049, #1134, #3582, #1304, #3568 ) ) ;
#3268 = EDGE_CURVE ( 'NONE', #2740, #2092, #1568, .T. ) ;
#3269 = FACE_OUTER_BOUND ( 'NONE', #1755, .T. ) ;
#3270 = CARTESIAN_POINT ( 'NONE',  ( 0.9999999999999995559, 0.7330951894845298966, -0.2000000000000002331 ) ) ;
#3271 = CARTESIAN_POINT ( 'NONE',  ( -1.000000000000000000, -0.09999999999999999167, 0.3500000000000002554 ) ) ;
#3272 = AXIS2_PLACEMENT_3D ( 'NONE', #1101, #3048, #3329 ) ;
#3273 = PRESENTATION_STYLE_ASSIGNMENT (( #1483 ) ) ;
#3274 = ORIENTED_EDGE ( 'NONE', *, *, #2871, .F. ) ;
#3275 =( LENGTH_UNIT ( ) NAMED_UNIT ( * ) SI_UNIT ( .MILLI., .METRE. ) );
#3276 = ORIENTED_EDGE ( 'NONE', *, *, #592, .F. ) ;
#3277 = CARTESIAN_POINT ( 'NONE',  ( 0.9999999999999995559, -0.1499999999999999667, -0.4999999999999997780 ) ) ;
#3278 =( GEOMETRIC_REPRESENTATION_CONTEXT ( 3 ) GLOBAL_UNCERTAINTY_ASSIGNED_CONTEXT ( ( #3057 ) ) GLOBAL_UNIT_ASSIGNED_CONTEXT ( ( #2357, #1523, #951 ) ) REPRESENTATION_CONTEXT ( 'NONE', 'WORKASPACE' ) );
#3279 = UNCERTAINTY_MEASURE_WITH_UNIT (LENGTH_MEASURE( 1.000000000000000082E-05 ), #182, 'distance_accuracy_value', 'NONE');
#3280 = LINE ( 'NONE', #1251, #2453 ) ;
#3281 = SURFACE_STYLE_USAGE ( .BOTH. , #1062 ) ;
#3282 = VECTOR ( 'NONE', #2280, 1000.000000000000000 ) ;
#3283 = PRESENTATION_LAYER_ASSIGNMENT (  '', '', ( #2909 ) ) ;
#3284 = EDGE_CURVE ( 'NONE', #268, #3316, #47, .T. ) ;
#3285 = DIRECTION ( 'NONE',  ( 1.000000000000000000, 0.0000000000000000000, 0.0000000000000000000 ) ) ;
#3286 = EDGE_CURVE ( 'NONE', #3317, #2705, #3137, .T. ) ;
#3287 = LINE ( 'NONE', #770, #2561 ) ;
#3288 = CARTESIAN_POINT ( 'NONE',  ( -1.000000000000000222, 1.139949493661166713, 2.168404344971008868E-16 ) ) ;
#3289 = VECTOR ( 'NONE', #85, 1000.000000000000000 ) ;
#3290 = EDGE_LOOP ( 'NONE', ( #1542, #1999, #2399, #3017, #902 ) ) ;
#3291 = EDGE_LOOP ( 'NONE', ( #810, #2938, #35, #981 ) ) ;
#3292 = CARTESIAN_POINT ( 'NONE',  ( -0.5999999999999998668, 0.1499999999999999944, 0.6250000000000002220 ) ) ;
#3293 = CARTESIAN_POINT ( 'NONE',  ( -0.5999999999999998668, 0.1499999999999999944, 0.6250000000000002220 ) ) ;
#3294 = EDGE_CURVE ( 'NONE', #3209, #661, #3044, .T. ) ;
#3295 = UNCERTAINTY_MEASURE_WITH_UNIT (LENGTH_MEASURE( 1.000000000000000082E-05 ), #2787, 'distance_accuracy_value', 'NONE');
#3296 = ORIENTED_EDGE ( 'NONE', *, *, #2195, .F. ) ;
#3297 = FILL_AREA_STYLE ('',( #3182 ) ) ;
#3298 = AXIS2_PLACEMENT_3D ( 'NONE', #436, #2421, #723 ) ;
#3299 = EDGE_CURVE ( 'NONE', #1883, #2981, #2232, .T. ) ;
#3300 = FACE_OUTER_BOUND ( 'NONE', #2525, .T. ) ;
#3301 = CARTESIAN_POINT ( 'NONE',  ( -1.000000000000000222, 0.09999999999999999167, 2.168404344971008868E-16 ) ) ;
#3302 = ORIENTED_EDGE ( 'NONE', *, *, #2792, .T. ) ;
#3303 = EDGE_CURVE ( 'NONE', #2092, #2559, #712, .T. ) ;
#3304 = VECTOR ( 'NONE', #3068, 1000.000000000000114 ) ;
#3305 = EDGE_LOOP ( 'NONE', ( #2072, #2043, #252, #2672 ) ) ;
#3306 = SURFACE_STYLE_USAGE ( .BOTH. , #1073 ) ;
#3307 = VERTEX_POINT ( 'NONE', #178 ) ;
#3308 = DIRECTION ( 'NONE',  ( 0.9986295347545739443, 0.05233595624294389015, 0.0000000000000000000 ) ) ;
#3309 = CARTESIAN_POINT ( 'NONE',  ( 0.6800301876475773888, 0.5310467191248590124, -0.6050301876475775442 ) ) ;
#3310 = SURFACE_STYLE_USAGE ( .BOTH. , #1638 ) ;
#3311 = DIRECTION ( 'NONE',  ( -1.000000000000000000, 0.0000000000000000000, 0.0000000000000000000 ) ) ;
#3312 = ORIENTED_EDGE ( 'NONE', *, *, #3646, .T. ) ;
#3313 = CARTESIAN_POINT ( 'NONE',  ( -1.000000000000000000, 1.139949493661166713, 0.3500000000000002554 ) ) ;
#3314 = DIRECTION ( 'NONE',  ( 0.0000000000000000000, 1.000000000000000000, 0.0000000000000000000 ) ) ;
#3315 = VERTEX_POINT ( 'NONE', #2451 ) ;
#3316 = VERTEX_POINT ( 'NONE', #1060 ) ;
#3317 = VERTEX_POINT ( 'NONE', #757 ) ;
#3318 = FILL_AREA_STYLE_COLOUR ( '', #2183 ) ;
#3319 = DIRECTION ( 'NONE',  ( -1.000000000000000000, 0.0000000000000000000, 0.0000000000000000000 ) ) ;
#3320 = CARTESIAN_POINT ( 'NONE',  ( -0.5999999999999999778, 0.1499999999999999944, 0.2060315014550845869 ) ) ;
#3321 = PRESENTATION_LAYER_ASSIGNMENT (  '', '', ( #2955 ) ) ;
#3322 = ORIENTED_EDGE ( 'NONE', *, *, #465, .T. ) ;
#3323 = FILL_AREA_STYLE_COLOUR ( '', #2518 ) ;
#3324 = LINE ( 'NONE', #1968, #1192 ) ;
#3325 = DIRECTION ( 'NONE',  ( -1.000000000000000000, 0.0000000000000000000, 0.0000000000000000000 ) ) ;
#3326 =( NAMED_UNIT ( * ) SI_UNIT ( $, .STERADIAN. ) SOLID_ANGLE_UNIT ( ) );
#3327 = VERTEX_POINT ( 'NONE', #3277 ) ;
#3328 = SURFACE_STYLE_FILL_AREA ( #2113 ) ;
#3329 = DIRECTION ( 'NONE',  ( 0.0000000000000000000, 0.0000000000000000000, -1.000000000000000000 ) ) ;
#3330 =( GEOMETRIC_REPRESENTATION_CONTEXT ( 3 ) GLOBAL_UNCERTAINTY_ASSIGNED_CONTEXT ( ( #683 ) ) GLOBAL_UNIT_ASSIGNED_CONTEXT ( ( #3045, #1388, #3326 ) ) REPRESENTATION_CONTEXT ( 'NONE', 'WORKASPACE' ) );
#3331 = ORIENTED_EDGE ( 'NONE', *, *, #900, .F. ) ;
#3332 = FACE_OUTER_BOUND ( 'NONE', #1686, .T. ) ;
#3333 =( NAMED_UNIT ( * ) SI_UNIT ( $, .STERADIAN. ) SOLID_ANGLE_UNIT ( ) );
#3334 = STYLED_ITEM ( 'NONE', ( #2784 ), #295 ) ;
#3335 = CARTESIAN_POINT ( 'NONE',  ( 0.9999999999999995559, 0.1499999999999999667, -0.2000000000000002331 ) ) ;
#3336 = CARTESIAN_POINT ( 'NONE',  ( 0.9999999999999995559, -0.1499999999999999944, -0.6250000000000000000 ) ) ;
#3337 = PLANE ( 'NONE',  #1766 ) ;
#3338 = COLOUR_RGB ( '',0.7529411764705882248, 0.7529411764705882248, 0.0000000000000000000 ) ;
#3339 =( LENGTH_UNIT ( ) NAMED_UNIT ( * ) SI_UNIT ( .MILLI., .METRE. ) );
#3340 = DIRECTION ( 'NONE',  ( -0.0000000000000000000, -1.000000000000000000, -0.0000000000000000000 ) ) ;
#3341 = EDGE_CURVE ( 'NONE', #3086, #822, #1405, .T. ) ;
#3342 =( NAMED_UNIT ( * ) SI_UNIT ( $, .STERADIAN. ) SOLID_ANGLE_UNIT ( ) );
#3343 = VERTEX_POINT ( 'NONE', #2725 ) ;
#3344 = CARTESIAN_POINT ( 'NONE',  ( 0.6999999999999999556, 0.1499999999999999944, -0.2500000000000000000 ) ) ;
#3345 = CARTESIAN_POINT ( 'NONE',  ( -0.7000000000000000666, 0.1499999999999999944, 0.6250000000000002220 ) ) ;
#3346 = EDGE_CURVE ( 'NONE', #1825, #871, #3528, .T. ) ;
#3347 = ORIENTED_EDGE ( 'NONE', *, *, #416, .F. ) ;
#3348 = CARTESIAN_POINT ( 'NONE',  ( 0.9999999999999995559, -0.09999999999999999167, 0.2000000000000002331 ) ) ;
#3349 = FILL_AREA_STYLE ('',( #1956 ) ) ;
#3350 = FILL_AREA_STYLE_COLOUR ( '', #393 ) ;
#3351 = FACE_OUTER_BOUND ( 'NONE', #1123, .T. ) ;
#3352 = DIRECTION ( 'NONE',  ( -0.0000000000000000000, -1.000000000000000000, -0.0000000000000000000 ) ) ;
#3353 = AXIS2_PLACEMENT_3D ( 'NONE', #2882, #2950, #497 ) ;
#3354 = VERTEX_POINT ( 'NONE', #2189 ) ;
#3355 = SURFACE_STYLE_USAGE ( .BOTH. , #888 ) ;
#3356 = CARTESIAN_POINT ( 'NONE',  ( -1.000000000000000444, -0.09999999999999999167, -0.4999999999999997780 ) ) ;
#3357 = PRESENTATION_STYLE_ASSIGNMENT (( #2524 ) ) ;
#3358 = ORIENTED_EDGE ( 'NONE', *, *, #2339, .F. ) ;
#3359 = VECTOR ( 'NONE', #3227, 1000.000000000000000 ) ;
#3360 = SURFACE_STYLE_FILL_AREA ( #2580 ) ;
#3361 = EDGE_LOOP ( 'NONE', ( #1420, #2663, #2826, #2500 ) ) ;
#3362 = DIRECTION ( 'NONE',  ( -0.0000000000000000000, -1.000000000000000000, -0.0000000000000000000 ) ) ;
#3363 = VECTOR ( 'NONE', #3571, 1000.000000000000000 ) ;
#3364 = ORIENTED_EDGE ( 'NONE', *, *, #728, .F. ) ;
#3365 = DIRECTION ( 'NONE',  ( -0.0000000000000000000, 1.000000000000000000, -0.0000000000000000000 ) ) ;
#3366 = UNCERTAINTY_MEASURE_WITH_UNIT (LENGTH_MEASURE( 1.000000000000000082E-05 ), #2319, 'distance_accuracy_value', 'NONE');
#3367 = FACE_OUTER_BOUND ( 'NONE', #1069, .T. ) ;
#3368 = CARTESIAN_POINT ( 'NONE',  ( 0.9999999999999995559, -0.1499999999999999944, -0.6250000000000000000 ) ) ;
#3369 = AXIS2_PLACEMENT_3D ( 'NONE', #2918, #126, #1247 ) ;
#3370 = EDGE_CURVE ( 'NONE', #3613, #2130, #294, .T. ) ;
#3371 = CARTESIAN_POINT ( 'NONE',  ( 0.1315544456622766978, -0.09999999999999999167, -0.1403589838486224706 ) ) ;
#3372 = ADVANCED_FACE ( 'NONE', ( #2691 ), #203, .F. ) ;
#3373 = EDGE_CURVE ( 'NONE', #3327, #1348, #2436, .T. ) ;
#3374 = CARTESIAN_POINT ( 'NONE',  ( -1.000000000000000444, -0.1499999999999999667, -0.4999999999999997780 ) ) ;
#3375 = LINE ( 'NONE', #1934, #1981 ) ;
#3376 = AXIS2_PLACEMENT_3D ( 'NONE', #423, #2405, #705 ) ;
#3377 =( LENGTH_UNIT ( ) NAMED_UNIT ( * ) SI_UNIT ( .MILLI., .METRE. ) );
#3378 = ADVANCED_FACE ( 'NONE', ( #939 ), #216, .F. ) ;
#3379 = FILL_AREA_STYLE ('',( #2260 ) ) ;
#3380 = CARTESIAN_POINT ( 'NONE',  ( -1.000000000000000000, 0.1499999999999999944, 0.5000000000000003331 ) ) ;
#3381 = ORIENTED_EDGE ( 'NONE', *, *, #2555, .F. ) ;
#3382 = FILL_AREA_STYLE_COLOUR ( '', #3338 ) ;
#3383 = VECTOR ( 'NONE', #790, 1000.000000000000114 ) ;
#3384 = ORIENTED_EDGE ( 'NONE', *, *, #2571, .T. ) ;
#3385 = ADVANCED_FACE ( 'NONE', ( #2180 ), #809, .F. ) ;
#3386 = CARTESIAN_POINT ( 'NONE',  ( -0.5999999999999999778, 0.09999999999999999167, 0.2060315014550845869 ) ) ;
#3387 = ORIENTED_EDGE ( 'NONE', *, *, #3561, .T. ) ;
#3388 = LINE ( 'NONE', #3600, #3304 ) ;
#3389 = CARTESIAN_POINT ( 'NONE',  ( 0.9999999999999995559, 0.7330951894845298966, -0.2500000000000000000 ) ) ;
#3390 = CARTESIAN_POINT ( 'NONE',  ( -1.000000000000000000, 0.09999999999999999167, 0.4000000000000002998 ) ) ;
#3391 = EDGE_LOOP ( 'NONE', ( #3200, #2735, #3228, #2727, #3611, #3103 ) ) ;
#3392 = AXIS2_PLACEMENT_3D ( 'NONE', #3288, #1893, #457 ) ;
#3393 = VERTEX_POINT ( 'NONE', #3594 ) ;
#3394 =( GEOMETRIC_REPRESENTATION_CONTEXT ( 3 ) GLOBAL_UNCERTAINTY_ASSIGNED_CONTEXT ( ( #1206 ) ) GLOBAL_UNIT_ASSIGNED_CONTEXT ( ( #3260, #2033, #1365 ) ) REPRESENTATION_CONTEXT ( 'NONE', 'WORKASPACE' ) );
#3395 = ADVANCED_FACE ( 'NONE', ( #1442 ), #3337, .T. ) ;
#3396 = ORIENTED_EDGE ( 'NONE', *, *, #3346, .T. ) ;
#3397 = AXIS2_PLACEMENT_3D ( 'NONE', #494, #1914, #208 ) ;
#3398 = FACE_OUTER_BOUND ( 'NONE', #2101, .T. ) ;
#3399 = ORIENTED_EDGE ( 'NONE', *, *, #1992, .F. ) ;
#3400 = SURFACE_SIDE_STYLE ('',( #833 ) ) ;
#3401 = DIRECTION ( 'NONE',  ( -0.0000000000000000000, 1.000000000000000000, -0.0000000000000000000 ) ) ;
#3402 = ORIENTED_EDGE ( 'NONE', *, *, #2353, .F. ) ;
#3403 = PRESENTATION_STYLE_ASSIGNMENT (( #3234 ) ) ;
#3404 = PRESENTATION_STYLE_ASSIGNMENT (( #197 ) ) ;
#3405 = ORIENTED_EDGE ( 'NONE', *, *, #1293, .F. ) ;
#3406 = ADVANCED_FACE ( 'NONE', ( #3300 ), #1419, .F. ) ;
#3407 = ADVANCED_BREP_SHAPE_REPRESENTATION ( '150080BS75000', ( #2065, #2457, #3105, #1159, #1805, #3502, #2829, #1256 ), #3194 ) ;
#3408 = ORIENTED_EDGE ( 'NONE', *, *, #2093, .T. ) ;
#3409 = VECTOR ( 'NONE', #3441, 1000.000000000000000 ) ;
#3410 = ORIENTED_EDGE ( 'NONE', *, *, #2734, .T. ) ;
#3411 = CARTESIAN_POINT ( 'NONE',  ( 0.9999999999999995559, 0.7330951894845298966, 0.0000000000000000000 ) ) ;
#3412 = DIRECTION ( 'NONE',  ( 1.000000000000000000, 0.0000000000000000000, 0.0000000000000000000 ) ) ;
#3413 = CARTESIAN_POINT ( 'NONE',  ( -0.6571428571428572507, 0.09999999999999999167, -0.2060315014550845869 ) ) ;
#3414 = FACE_OUTER_BOUND ( 'NONE', #1355, .T. ) ;
#3415 = AXIS2_PLACEMENT_3D ( 'NONE', #2853, #620, #2980 ) ;
#3416 = FILL_AREA_STYLE ('',( #1874 ) ) ;
#3417 = CARTESIAN_POINT ( 'NONE',  ( 0.1215544456622766889, -0.5777974510803784991, -0.1576794919243112436 ) ) ;
#3418 =( GEOMETRIC_REPRESENTATION_CONTEXT ( 3 ) GLOBAL_UNCERTAINTY_ASSIGNED_CONTEXT ( ( #161 ) ) GLOBAL_UNIT_ASSIGNED_CONTEXT ( ( #2651, #966, #2805 ) ) REPRESENTATION_CONTEXT ( 'NONE', 'WORKASPACE' ) );
#3419 = DIRECTION ( 'NONE',  ( 0.0000000000000000000, 0.05233595624294388321, 0.9986295347545739443 ) ) ;
#3420 = FACE_OUTER_BOUND ( 'NONE', #83, .T. ) ;
#3421 = EDGE_CURVE ( 'NONE', #2970, #417, #886, .T. ) ;
#3422 = ADVANCED_FACE ( 'NONE', ( #1563 ), #1685, .F. ) ;
#3423 = DIRECTION ( 'NONE',  ( -0.0000000000000000000, -1.000000000000000000, -0.0000000000000000000 ) ) ;
#3424 = DIRECTION ( 'NONE',  ( 1.000000000000000000, 0.0000000000000000000, -7.115076756936119693E-15 ) ) ;
#3425 = EDGE_CURVE ( 'NONE', #1652, #3049, #3039, .T. ) ;
#3426 = FACE_OUTER_BOUND ( 'NONE', #1967, .T. ) ;
#3427 = ORIENTED_EDGE ( 'NONE', *, *, #2119, .T. ) ;
#3428 = DIRECTION ( 'NONE',  ( 0.0000000000000000000, 0.0000000000000000000, 1.000000000000000000 ) ) ;
#3429 = PLANE ( 'NONE',  #2289 ) ;
#3430 = CARTESIAN_POINT ( 'NONE',  ( -0.6999999999999999556, 0.1499999999999999667, -0.1802775637731989788 ) ) ;
#3431 = UNCERTAINTY_MEASURE_WITH_UNIT (LENGTH_MEASURE( 1.000000000000000082E-05 ), #2630, 'distance_accuracy_value', 'NONE');
#3432 = SURFACE_STYLE_USAGE ( .BOTH. , #2560 ) ;
#3433 = COLOUR_RGB ( '',0.7529411764705882248, 0.7529411764705882248, 0.0000000000000000000 ) ;
#3434 = FACE_OUTER_BOUND ( 'NONE', #2273, .T. ) ;
#3435 = STYLED_ITEM ( 'NONE', ( #3403 ), #2829 ) ;
#3436 =( LENGTH_UNIT ( ) NAMED_UNIT ( * ) SI_UNIT ( .MILLI., .METRE. ) );
#3437 = DIRECTION ( 'NONE',  ( 0.0000000000000000000, 0.0000000000000000000, -1.000000000000000000 ) ) ;
#3438 = ORIENTED_EDGE ( 'NONE', *, *, #1026, .T. ) ;
#3439 = ORIENTED_EDGE ( 'NONE', *, *, #3421, .T. ) ;
#3440 = CARTESIAN_POINT ( 'NONE',  ( 1.299999999999999378, 0.1499999999999999944, -0.2500000000000000000 ) ) ;
#3441 = DIRECTION ( 'NONE',  ( -2.891205793294677833E-15, 0.0000000000000000000, 1.000000000000000000 ) ) ;
#3442 = SURFACE_STYLE_FILL_AREA ( #2949 ) ;
#3443 = EDGE_LOOP ( 'NONE', ( #2653, #2179, #3143, #2152 ) ) ;
#3444 = AXIS2_PLACEMENT_3D ( 'NONE', #340, #2330, #628 ) ;
#3445 = FILL_AREA_STYLE_COLOUR ( '', #2780 ) ;
#3446 = CARTESIAN_POINT ( 'NONE',  ( -1.000000000000000444, -0.1000000000000000194, -0.6249999999999997780 ) ) ;
#3447 = LINE ( 'NONE', #2967, #1228 ) ;
#3448 = LINE ( 'NONE', #1889, #451 ) ;
#3449 = ORIENTED_EDGE ( 'NONE', *, *, #1390, .T. ) ;
#3450 = FACE_OUTER_BOUND ( 'NONE', #1793, .T. ) ;
#3451 = DIRECTION ( 'NONE',  ( 0.05226442768871396305, -0.9972646886342372285, 0.05226442768871395611 ) ) ;
#3452 = ORIENTED_EDGE ( 'NONE', *, *, #3120, .F. ) ;
#3453 = ORIENTED_EDGE ( 'NONE', *, *, #3061, .F. ) ;
#3454 = ORIENTED_EDGE ( 'NONE', *, *, #3501, .T. ) ;
#3455 = VERTEX_POINT ( 'NONE', #53 ) ;
#3456 = FACE_OUTER_BOUND ( 'NONE', #1235, .T. ) ;
#3457 = FACE_OUTER_BOUND ( 'NONE', #1625, .T. ) ;
#3458 = CARTESIAN_POINT ( 'NONE',  ( -0.6794421927326292909, 0.5422663304686698993, 0.6044421927326295574 ) ) ;
#3459 = CARTESIAN_POINT ( 'NONE',  ( -1.000000000000000222, 0.1499999999999999944, 0.4000000000000002998 ) ) ;
#3460 = EDGE_CURVE ( 'NONE', #1175, #2740, #41, .T. ) ;
#3461 = SURFACE_SIDE_STYLE ('',( #1397 ) ) ;
#3462 = CARTESIAN_POINT ( 'NONE',  ( 0.0000000000000000000, 0.1499999999999999944, 0.0000000000000000000 ) ) ;
#3463 = LINE ( 'NONE', #3417, #1328 ) ;
#3464 = AXIS2_PLACEMENT_3D ( 'NONE', #1377, #3314, #3596 ) ;
#3465 = VECTOR ( 'NONE', #1110, 1000.000000000000000 ) ;
#3466 = STYLED_ITEM ( 'NONE', ( #2808 ), #2424 ) ;
#3467 = FILL_AREA_STYLE ('',( #1838 ) ) ;
#3468 = SURFACE_STYLE_USAGE ( .BOTH. , #110 ) ;
#3469 = DIRECTION ( 'NONE',  ( 0.0000000000000000000, 0.0000000000000000000, 1.000000000000000000 ) ) ;
#3470 = MECHANICAL_DESIGN_GEOMETRIC_PRESENTATION_REPRESENTATION (  '', ( #2909 ), #5 ) ;
#3471 = EDGE_CURVE ( 'NONE', #2669, #306, #2302, .T. ) ;
#3472 = CARTESIAN_POINT ( 'NONE',  ( 0.9999999999999995559, 0.1499999999999999944, -0.6250000000000000000 ) ) ;
#3473 = ORIENTED_EDGE ( 'NONE', *, *, #1188, .F. ) ;
#3474 = EDGE_CURVE ( 'NONE', #2581, #3144, #796, .T. ) ;
#3475 = SHAPE_DEFINITION_REPRESENTATION ( #2972, #3407 ) ;
#3476 = FILL_AREA_STYLE_COLOUR ( '', #1921 ) ;
#3477 = LINE ( 'NONE', #528, #2728 ) ;
#3478 = CARTESIAN_POINT ( 'NONE',  ( 0.1315544456622766700, -0.1499999999999999667, 0.1403589838486224151 ) ) ;
#3479 = EDGE_LOOP ( 'NONE', ( #2866, #2731, #3567, #3490 ) ) ;
#3480 = EDGE_LOOP ( 'NONE', ( #3439, #1847, #218, #862, #478, #1260, #1185 ) ) ;
#3481 = ORIENTED_EDGE ( 'NONE', *, *, #1510, .T. ) ;
#3482 = CARTESIAN_POINT ( 'NONE',  ( 0.1515544456622766878, -0.09999999999999999167, 0.1403589838486224706 ) ) ;
#3483 = CARTESIAN_POINT ( 'NONE',  ( 0.6600575969524858921, 0.5500000000000000444, -0.5850575969524860476 ) ) ;
#3484 = EDGE_LOOP ( 'NONE', ( #2246, #1261, #3038, #3438, #3196 ) ) ;
#3485 = STYLED_ITEM ( 'NONE', ( #2358 ), #2292 ) ;
#3486 = EDGE_CURVE ( 'NONE', #2186, #2975, #2227, .T. ) ;
#3487 = AXIS2_PLACEMENT_3D ( 'NONE', #2662, #2947, #1269 ) ;
#3488 = ORIENTED_EDGE ( 'NONE', *, *, #1628, .T. ) ;
#3489 = EDGE_CURVE ( 'NONE', #1306, #2055, #129, .T. ) ;
#3490 = ORIENTED_EDGE ( 'NONE', *, *, #1375, .T. ) ;
#3491 = EDGE_CURVE ( 'NONE', #3266, #1314, #707, .T. ) ;
#3492 = VECTOR ( 'NONE', #1014, 1000.000000000000000 ) ;
#3493 = CARTESIAN_POINT ( 'NONE',  ( 0.6999999999999999556, 0.09999999999999999167, -0.2500000000000000000 ) ) ;
#3494 = VECTOR ( 'NONE', #2059, 1000.000000000000000 ) ;
#3495 = ORIENTED_EDGE ( 'NONE', *, *, #173, .T. ) ;
#3496 = COLOUR_RGB ( '',1.000000000000000000, 1.000000000000000000, 1.000000000000000000 ) ;
#3497 = ORIENTED_EDGE ( 'NONE', *, *, #3294, .T. ) ;
#3498 = DIRECTION ( 'NONE',  ( 0.0000000000000000000, -1.000000000000000000, 0.0000000000000000000 ) ) ;
#3499 = LINE ( 'NONE', #2103, #1279 ) ;
#3500 = CARTESIAN_POINT ( 'NONE',  ( 0.9999999999999995559, -0.1499999999999999944, 0.5000000000000002220 ) ) ;
#3501 = EDGE_CURVE ( 'NONE', #2547, #731, #2864, .T. ) ;
#3502 = MANIFOLD_SOLID_BREP ( 'Cut-Extrude6', #2229 ) ;
#3503 = ORIENTED_EDGE ( 'NONE', *, *, #3241, .T. ) ;
#3504 = VECTOR ( 'NONE', #1217, 1000.000000000000000 ) ;
#3505 = ORIENTED_EDGE ( 'NONE', *, *, #2783, .T. ) ;
#3506 = CARTESIAN_POINT ( 'NONE',  ( -1.000000000000000444, -0.09999999999999999167, -0.4999999999999997780 ) ) ;
#3507 = VECTOR ( 'NONE', #2226, 1000.000000000000000 ) ;
#3508 =( LENGTH_UNIT ( ) NAMED_UNIT ( * ) SI_UNIT ( .MILLI., .METRE. ) );
#3509 = DIRECTION ( 'NONE',  ( 2.587789240124152535E-16, 0.0000000000000000000, -1.000000000000000000 ) ) ;
#3510 =( LENGTH_UNIT ( ) NAMED_UNIT ( * ) SI_UNIT ( .MILLI., .METRE. ) );
#3511 = PRESENTATION_STYLE_ASSIGNMENT (( #1315 ) ) ;
#3512 = MECHANICAL_DESIGN_GEOMETRIC_PRESENTATION_REPRESENTATION (  '', ( #2955 ), #42 ) ;
#3513 = CARTESIAN_POINT ( 'NONE',  ( 0.5999999999999999778, -1.227032961426900881, -0.4999999999999997780 ) ) ;
#3514 = FACE_OUTER_BOUND ( 'NONE', #2875, .T. ) ;
#3515 = ADVANCED_FACE ( 'NONE', ( #3523 ), #1220, .F. ) ;
#3516 = CARTESIAN_POINT ( 'NONE',  ( 0.9999999999999995559, 0.1499999999999999944, 0.6250000000000000000 ) ) ;
#3517 = AXIS2_PLACEMENT_3D ( 'NONE', #1852, #3423, #988 ) ;
#3518 = LINE ( 'NONE', #3336, #703 ) ;
#3519 = AXIS2_PLACEMENT_3D ( 'NONE', #2544, #2531, #538 ) ;
#3520 = CLOSED_SHELL ( 'NONE', ( #600, #715, #887, #1854, #2016, #568, #1218 ) ) ;
#3521 =( NAMED_UNIT ( * ) SI_UNIT ( $, .STERADIAN. ) SOLID_ANGLE_UNIT ( ) );
#3522 = PLANE ( 'NONE',  #878 ) ;
#3523 = FACE_OUTER_BOUND ( 'NONE', #1039, .T. ) ;
#3524 = CARTESIAN_POINT ( 'NONE',  ( -1.000000000000000444, 0.1499999999999999944, -0.3999999999999998557 ) ) ;
#3525 = CARTESIAN_POINT ( 'NONE',  ( 0.9999999999999995559, 0.1499999999999999667, -0.2500000000000000000 ) ) ;
#3526 = FACE_OUTER_BOUND ( 'NONE', #3484, .T. ) ;
#3527 = ORIENTED_EDGE ( 'NONE', *, *, #1970, .F. ) ;
#3528 = LINE ( 'NONE', #1899, #2034 ) ;
#3529 = PLANE ( 'NONE',  #3580 ) ;
#3530 = ORIENTED_EDGE ( 'NONE', *, *, #3007, .T. ) ;
#3531 = EDGE_CURVE ( 'NONE', #2142, #1783, #342, .T. ) ;
#3532 = VERTEX_POINT ( 'NONE', #1243 ) ;
#3533 = ORIENTED_EDGE ( 'NONE', *, *, #1122, .T. ) ;
#3534 = ADVANCED_FACE ( 'NONE', ( #3255 ), #2636, .F. ) ;
#3535 = DIRECTION ( 'NONE',  ( 1.000000000000000000, 0.0000000000000000000, 0.0000000000000000000 ) ) ;
#3536 = EDGE_CURVE ( 'NONE', #1070, #2673, #1029, .T. ) ;
#3537 = LINE ( 'NONE', #166, #1308 ) ;
#3538 = EDGE_LOOP ( 'NONE', ( #128, #2885, #817, #2434 ) ) ;
#3539 = CYLINDRICAL_SURFACE ( 'NONE', #2627, 0.4000000000000000777 ) ;
#3540 = LINE ( 'NONE', #3368, #632 ) ;
#3541 = EDGE_LOOP ( 'NONE', ( #1364, #1278, #2532, #167, #1362 ) ) ;
#3542 = STYLED_ITEM ( 'NONE', ( #3273 ), #1982 ) ;
#3543 = ORIENTED_EDGE ( 'NONE', *, *, #9, .F. ) ;
#3544 = PRESENTATION_STYLE_ASSIGNMENT (( #1987 ) ) ;
#3545 = VERTEX_POINT ( 'NONE', #1258 ) ;
#3546 = FILL_AREA_STYLE ('',( #1335 ) ) ;
#3547 = LINE ( 'NONE', #602, #1323 ) ;
#3548 = DIRECTION ( 'NONE',  ( 0.0000000000000000000, -1.000000000000000000, 0.0000000000000000000 ) ) ;
#3549 = LINE ( 'NONE', #3069, #549 ) ;
#3550 = UNCERTAINTY_MEASURE_WITH_UNIT (LENGTH_MEASURE( 1.000000000000000082E-05 ), #3339, 'distance_accuracy_value', 'NONE');
#3551 = PLANE ( 'NONE',  #2655 ) ;
#3552 = ORIENTED_EDGE ( 'NONE', *, *, #1177, .F. ) ;
#3553 = CARTESIAN_POINT ( 'NONE',  ( 0.9999999999999995559, 0.1499999999999999667, -0.2000000000000002331 ) ) ;
#3554 = FACE_OUTER_BOUND ( 'NONE', #1456, .T. ) ;
#3555 =( NAMED_UNIT ( * ) PLANE_ANGLE_UNIT ( ) SI_UNIT ( $, .RADIAN. ) );
#3556 = AXIS2_PLACEMENT_3D ( 'NONE', #1834, #1553, #138 ) ;
#3557 = DIRECTION ( 'NONE',  ( -0.0000000000000000000, -0.0000000000000000000, 1.000000000000000000 ) ) ;
#3558 = EDGE_CURVE ( 'NONE', #326, #2559, #3174, .T. ) ;
#3559 = CARTESIAN_POINT ( 'NONE',  ( -0.5999999999999999778, 0.1499999999999999944, -0.2060315014550845869 ) ) ;
#3560 = VERTEX_POINT ( 'NONE', #1817 ) ;
#3561 = EDGE_CURVE ( 'NONE', #1902, #1715, #1775, .T. ) ;
#3562 = VECTOR ( 'NONE', #3125, 1000.000000000000000 ) ;
#3563 = CARTESIAN_POINT ( 'NONE',  ( -0.5999999999999999778, 0.09999999999999999167, -0.2060315014550845869 ) ) ;
#3564 = DIRECTION ( 'NONE',  ( -0.0000000000000000000, 1.000000000000000000, -0.0000000000000000000 ) ) ;
#3565 = COLOUR_RGB ( '',0.0000000000000000000, 0.7529411764705882248, 0.0000000000000000000 ) ;
#3566 = VERTEX_POINT ( 'NONE', #391 ) ;
#3567 = ORIENTED_EDGE ( 'NONE', *, *, #1061, .T. ) ;
#3568 = ORIENTED_EDGE ( 'NONE', *, *, #2297, .T. ) ;
#3569 = DIRECTION ( 'NONE',  ( 0.0000000000000000000, 0.0000000000000000000, 1.000000000000000000 ) ) ;
#3570 = EDGE_LOOP ( 'NONE', ( #46, #2973, #3495, #1272 ) ) ;
#3571 = DIRECTION ( 'NONE',  ( -0.0000000000000000000, -1.000000000000000000, -0.0000000000000000000 ) ) ;
#3572 = ORIENTED_EDGE ( 'NONE', *, *, #991, .T. ) ;
#3573 = PLANE ( 'NONE',  #588 ) ;
#3574 = AXIS2_PLACEMENT_3D ( 'NONE', #317, #3217, #972 ) ;
#3575 = FACE_OUTER_BOUND ( 'NONE', #2422, .T. ) ;
#3576 = VERTEX_POINT ( 'NONE', #2658 ) ;
#3577 = CARTESIAN_POINT ( 'NONE',  ( -0.5999999999999999778, -1.227032961426901325, -0.4999999999999997780 ) ) ;
#3578 = ORIENTED_EDGE ( 'NONE', *, *, #3284, .F. ) ;
#3579 = LINE ( 'NONE', #2423, #1360 ) ;
#3580 = AXIS2_PLACEMENT_3D ( 'NONE', #1305, #2741, #1344 ) ;
#3581 = VECTOR ( 'NONE', #3401, 1000.000000000000000 ) ;
#3582 = ORIENTED_EDGE ( 'NONE', *, *, #2707, .T. ) ;
#3583 = FACE_BOUND ( 'NONE', #541, .T. ) ;
#3584 = ORIENTED_EDGE ( 'NONE', *, *, #3536, .T. ) ;
#3585 = VECTOR ( 'NONE', #598, 1000.000000000000114 ) ;
#3586 = SURFACE_STYLE_FILL_AREA ( #2664 ) ;
#3587 = AXIS2_PLACEMENT_3D ( 'NONE', #506, #3052, #517 ) ;
#3588 = DIRECTION ( 'NONE',  ( -0.0000000000000000000, 1.000000000000000000, -0.0000000000000000000 ) ) ;
#3589 = DIRECTION ( 'NONE',  ( 0.0000000000000000000, -0.0000000000000000000, 1.000000000000000000 ) ) ;
#3590 = VECTOR ( 'NONE', #2252, 1000.000000000000000 ) ;
#3591 =( LENGTH_UNIT ( ) NAMED_UNIT ( * ) SI_UNIT ( .MILLI., .METRE. ) );
#3592 = LINE ( 'NONE', #1785, #3507 ) ;
#3593 = FILL_AREA_STYLE ('',( #215 ) ) ;
#3594 = CARTESIAN_POINT ( 'NONE',  ( -1.000000000000000000, -0.1000000000000000472, 0.3500000000000002554 ) ) ;
#3595 = DIRECTION ( 'NONE',  ( 0.0000000000000000000, 0.0000000000000000000, -1.000000000000000000 ) ) ;
#3596 = DIRECTION ( 'NONE',  ( 0.0000000000000000000, -0.0000000000000000000, 1.000000000000000000 ) ) ;
#3597 = FACE_OUTER_BOUND ( 'NONE', #1401, .T. ) ;
#3598 = EDGE_LOOP ( 'NONE', ( #2442, #3108, #2105, #848 ) ) ;
#3599 = DIRECTION ( 'NONE',  ( -0.0000000000000000000, -1.000000000000000000, -0.0000000000000000000 ) ) ;
#3600 = CARTESIAN_POINT ( 'NONE',  ( 0.1215544456622766889, -0.1499999999999999944, 0.1576794919243112436 ) ) ;
#3601 = CARTESIAN_POINT ( 'NONE',  ( 0.9999999999999995559, 0.09999999999999999167, 0.2500000000000000000 ) ) ;
#3602 = DIRECTION ( 'NONE',  ( -1.000000000000000000, 0.0000000000000000000, -1.897353801849628421E-15 ) ) ;
#3603 = DIRECTION ( 'NONE',  ( 0.0000000000000000000, -0.0000000000000000000, 1.000000000000000000 ) ) ;
#3604 = CARTESIAN_POINT ( 'NONE',  ( 0.9999999999999995559, 0.1499999999999999944, -0.6250000000000000000 ) ) ;
#3605 = PRESENTATION_LAYER_ASSIGNMENT (  '', '', ( #2855 ) ) ;
#3606 = LINE ( 'NONE', #2638, #2125 ) ;
#3607 = ORIENTED_EDGE ( 'NONE', *, *, #2605, .T. ) ;
#3608 = VECTOR ( 'NONE', #926, 1000.000000000000000 ) ;
#3609 = DIRECTION ( 'NONE',  ( 0.0000000000000000000, -0.0000000000000000000, -1.000000000000000000 ) ) ;
#3610 = PLANE ( 'NONE',  #1965 ) ;
#3611 = ORIENTED_EDGE ( 'NONE', *, *, #461, .T. ) ;
#3612 = FACE_OUTER_BOUND ( 'NONE', #1738, .T. ) ;
#3613 = VERTEX_POINT ( 'NONE', #3483 ) ;
#3614 = VECTOR ( 'NONE', #1609, 1000.000000000000000 ) ;
#3615 = CARTESIAN_POINT ( 'NONE',  ( -0.1215544456622767167, -0.09999999999999999167, 0.01732050807568877998 ) ) ;
#3616 = EDGE_CURVE ( 'NONE', #475, #2186, #1679, .T. ) ;
#3617 = DIRECTION ( 'NONE',  ( -0.0000000000000000000, -1.000000000000000000, -0.0000000000000000000 ) ) ;
#3618 = FILL_AREA_STYLE_COLOUR ( '', #2841 ) ;
#3619 = ORIENTED_EDGE ( 'NONE', *, *, #332, .T. ) ;
#3620 = DIRECTION ( 'NONE',  ( -1.000000000000000000, 0.0000000000000000000, 1.084202172485504434E-16 ) ) ;
#3621 = CARTESIAN_POINT ( 'NONE',  ( -0.5999999999999998668, 0.09999999999999999167, -0.6250000000000002220 ) ) ;
#3622 = SURFACE_STYLE_USAGE ( .BOTH. , #1668 ) ;
#3623 = ORIENTED_EDGE ( 'NONE', *, *, #1368, .F. ) ;
#3624 = EDGE_CURVE ( 'NONE', #822, #2530, #169, .T. ) ;
#3625 = DIRECTION ( 'NONE',  ( 1.000000000000000000, -0.0000000000000000000, -0.0000000000000000000 ) ) ;
#3626 = VECTOR ( 'NONE', #742, 1000.000000000000000 ) ;
#3627 = ORIENTED_EDGE ( 'NONE', *, *, #3491, .F. ) ;
#3628 = LINE ( 'NONE', #806, #726 ) ;
#3629 = ORIENTED_EDGE ( 'NONE', *, *, #2314, .F. ) ;
#3630 =( NAMED_UNIT ( * ) SI_UNIT ( $, .STERADIAN. ) SOLID_ANGLE_UNIT ( ) );
#3631 = AXIS2_PLACEMENT_3D ( 'NONE', #2628, #270, #2385 ) ;
#3632 = ORIENTED_EDGE ( 'NONE', *, *, #1977, .T. ) ;
#3633 =( LENGTH_UNIT ( ) NAMED_UNIT ( * ) SI_UNIT ( .MILLI., .METRE. ) );
#3634 = PLANE ( 'NONE',  #1411 ) ;
#3635 = SURFACE_SIDE_STYLE ('',( #659 ) ) ;
#3636 = VECTOR ( 'NONE', #1741, 1000.000000000000000 ) ;
#3637 = VECTOR ( 'NONE', #143, 1000.000000000000000 ) ;
#3638 = DIRECTION ( 'NONE',  ( 0.0000000000000000000, 1.000000000000000000, 0.0000000000000000000 ) ) ;
#3639 = AXIS2_PLACEMENT_3D ( 'NONE', #75, #2053, #355 ) ;
#3640 = CARTESIAN_POINT ( 'NONE',  ( -1.000000000000000444, -0.1000000000000000472, -0.3499999999999998113 ) ) ;
#3641 = UNCERTAINTY_MEASURE_WITH_UNIT (LENGTH_MEASURE( 1.000000000000000082E-05 ), #168, 'distance_accuracy_value', 'NONE');
#3642 =( NAMED_UNIT ( * ) SI_UNIT ( $, .STERADIAN. ) SOLID_ANGLE_UNIT ( ) );
#3643 = CARTESIAN_POINT ( 'NONE',  ( -1.000000000000000222, 0.1499999999999999944, 2.168404344971008868E-16 ) ) ;
#3644 = VECTOR ( 'NONE', #1125, 1000.000000000000000 ) ;
#3645 = DIRECTION ( 'NONE',  ( -0.0000000000000000000, 1.000000000000000000, -0.0000000000000000000 ) ) ;
#3646 = EDGE_CURVE ( 'NONE', #2748, #3354, #3083, .T. ) ;
#3647 = ADVANCED_FACE ( 'NONE', ( #1602 ), #1830, .F. ) ;
#3648 =( LENGTH_UNIT ( ) NAMED_UNIT ( * ) SI_UNIT ( .MILLI., .METRE. ) );
#3649 = ORIENTED_EDGE ( 'NONE', *, *, #1433, .F. ) ;
#3650 = CARTESIAN_POINT ( 'NONE',  ( 0.1515544456622766878, -0.09999999999999999167, 0.1403589838486224706 ) ) ;
#3651 = AXIS2_PLACEMENT_3D ( 'NONE', #334, #1758, #2878 ) ;
#3652 = ORIENTED_EDGE ( 'NONE', *, *, #2571, .F. ) ;
ENDSEC;
END-ISO-10303-21;
