ISO-10303-21;
HEADER;
FILE_DESCRIPTION (( 'STEP AP214' ),
    '1' );
FILE_NAME ('AMS1117-3.3.STEP',
    '2022-01-12T06:41:48',
    ( '' ),
    ( '' ),
    'SwSTEP 2.0',
    'SolidWorks 2018',
    '' );
FILE_SCHEMA (( 'AUTOMOTIVE_DESIGN' ));
ENDSEC;

DATA;
#1 = DIRECTION ( 'NONE',  ( 0.000000000000000000, -0.1736481776669240029, 0.9848077530122091305 ) ) ;
#2 = FACE_OUTER_BOUND ( 'NONE', #819, .T. ) ;
#3 = AXIS2_PLACEMENT_3D ( 'NONE', #448, #479, #1388 ) ;
#4 = DIRECTION ( 'NONE',  ( -0.9848077530122096857, 0.1736481776669214772, 0.000000000000000000 ) ) ;
#5 = ORIENTED_EDGE ( 'NONE', *, *, #400, .T. ) ;
#6 = VECTOR ( 'NONE', #1776, 1000.000000000000114 ) ;
#7 = DIRECTION ( 'NONE',  ( -1.000000000000000000, 2.117582368135751156E-17, -3.733869053748435673E-18 ) ) ;
#8 = EDGE_LOOP ( 'NONE', ( #462, #1882, #1467, #1623 ) ) ;
#9 = VECTOR ( 'NONE', #1503, 1000.000000000000227 ) ;
#10 = CARTESIAN_POINT ( 'NONE',  ( 2.629999999999999893, 0.08000000000000860589, 2.276935844137441212 ) ) ;
#11 =( NAMED_UNIT ( * ) PLANE_ANGLE_UNIT ( ) SI_UNIT ( $, .RADIAN. ) );
#12 = VECTOR ( 'NONE', #531, 1000.000000000000000 ) ;
#13 = CARTESIAN_POINT ( 'NONE',  ( 0.000000000000000000, 0.000000000000000000, 1.549999999999999600 ) ) ;
#14 = EDGE_CURVE ( 'NONE', #1525, #1006, #1487, .T. ) ;
#15 = ORIENTED_EDGE ( 'NONE', *, *, #520, .T. ) ;
#16 = DIRECTION ( 'NONE',  ( -0.000000000000000000, 0.000000000000000000, 1.000000000000000000 ) ) ;
#17 = ORIENTED_EDGE ( 'NONE', *, *, #1307, .T. ) ;
#18 = VERTEX_POINT ( 'NONE', #1943 ) ;
#19 = CARTESIAN_POINT ( 'NONE',  ( -3.150000000000000355, -0.1699999999999994571, 1.649999999999999911 ) ) ;
#20 = EDGE_CURVE ( 'NONE', #946, #1719, #576, .T. ) ;
#21 = CARTESIAN_POINT ( 'NONE',  ( -3.079822061678928247, -0.5679988657385639517, 1.579822061678928025 ) ) ;
#22 = ORIENTED_EDGE ( 'NONE', *, *, #2247, .F. ) ;
#23 = LINE ( 'NONE', #1846, #221 ) ;
#24 = DIRECTION ( 'NONE',  ( 0.000000000000000000, 0.9848077530122092416, 0.1736481776669237809 ) ) ;
#25 = VECTOR ( 'NONE', #625, 1000.000000000000000 ) ;
#26 = ORIENTED_EDGE ( 'NONE', *, *, #1979, .T. ) ;
#27 = ORIENTED_EDGE ( 'NONE', *, *, #93, .T. ) ;
#28 = PRESENTATION_STYLE_ASSIGNMENT (( #433 ) ) ;
#29 = DIRECTION ( 'NONE',  ( -1.000000000000000000, 0.000000000000000000, 0.000000000000000000 ) ) ;
#30 = EDGE_LOOP ( 'NONE', ( #853, #1163, #1924, #475 ) ) ;
#31 = PRESENTATION_STYLE_ASSIGNMENT (( #2276 ) ) ;
#32 = DIRECTION ( 'NONE',  ( 0.000000000000000000, 9.035018104045870694E-17, 1.000000000000000000 ) ) ;
#33 = EDGE_CURVE ( 'NONE', #1860, #1176, #1426, .T. ) ;
#34 = SURFACE_SIDE_STYLE ('',( #1900 ) ) ;
#35 = FILL_AREA_STYLE ('',( #939 ) ) ;
#36 = ORIENTED_EDGE ( 'NONE', *, *, #1867, .T. ) ;
#37 = DIRECTION ( 'NONE',  ( -0.000000000000000000, 0.9848077530122092416, 0.1736481776669240307 ) ) ;
#38 = DIRECTION ( 'NONE',  ( 0.000000000000000000, 9.035018104045869462E-17, -1.000000000000000000 ) ) ;
#39 = LINE ( 'NONE', #1707, #1429 ) ;
#40 = ADVANCED_FACE ( 'NONE', ( #376 ), #1936, .F. ) ;
#41 = VECTOR ( 'NONE', #1522, 1000.000000000000114 ) ;
#42 = VECTOR ( 'NONE', #1067, 1000.000000000000000 ) ;
#43 = AXIS2_PLACEMENT_3D ( 'NONE', #2305, #114, #855 ) ;
#44 = DIRECTION ( 'NONE',  ( 0.000000000000000000, 0.9848077530122092416, -0.1736481776669240307 ) ) ;
#45 = FILL_AREA_STYLE ('',( #1343 ) ) ;
#46 = EDGE_LOOP ( 'NONE', ( #1114, #834, #2080, #15 ) ) ;
#47 = DIRECTION ( 'NONE',  ( 0.000000000000000000, -0.1736481776669237809, -0.9848077530122092416 ) ) ;
#48 = CARTESIAN_POINT ( 'NONE',  ( 1.475000000000000089, 0.08000000000000517808, -2.276935844137442100 ) ) ;
#49 = ORIENTED_EDGE ( 'NONE', *, *, #131, .F. ) ;
#50 = CARTESIAN_POINT ( 'NONE',  ( 2.629999999999999893, 0.2770404910104690144, 1.571174699965697696 ) ) ;
#51 = ORIENTED_EDGE ( 'NONE', *, *, #1170, .F. ) ;
#52 = ADVANCED_FACE ( 'NONE', ( #1820 ), #122, .F. ) ;
#53 = CARTESIAN_POINT ( 'NONE',  ( 2.895414388881257128, -1.613826747874061551, 1.395414388881254464 ) ) ;
#54 = DIRECTION ( 'NONE',  ( 0.000000000000000000, -0.9848077530122092416, 0.1736481776669237809 ) ) ;
#55 = VECTOR ( 'NONE', #1248, 1000.000000000000000 ) ;
#56 = CARTESIAN_POINT ( 'NONE',  ( 2.629999999999999893, -0.9737980617469443878, 3.354999999999999982 ) ) ;
#57 = CARTESIAN_POINT ( 'NONE',  ( 0.3300000000000000711, 0.08000000000000699607, 1.549999999999999822 ) ) ;
#58 = LINE ( 'NONE', #812, #1591 ) ;
#59 = ORIENTED_EDGE ( 'NONE', *, *, #2279, .F. ) ;
#60 = DIRECTION ( 'NONE',  ( -0.000000000000000000, -0.000000000000000000, -1.000000000000000000 ) ) ;
#61 = EDGE_CURVE ( 'NONE', #18, #569, #1227, .T. ) ;
#62 = DIRECTION ( 'NONE',  ( -0.000000000000000000, -0.000000000000000000, -1.000000000000000000 ) ) ;
#63 = DIRECTION ( 'NONE',  ( 0.000000000000000000, -1.677902463997329893E-16, 1.000000000000000000 ) ) ;
#64 = EDGE_CURVE ( 'NONE', #948, #702, #908, .T. ) ;
#65 = ADVANCED_FACE ( 'NONE', ( #2 ), #1997, .T. ) ;
#66 = VERTEX_POINT ( 'NONE', #1420 ) ;
#67 = EDGE_CURVE ( 'NONE', #871, #159, #436, .T. ) ;
#68 = ORIENTED_EDGE ( 'NONE', *, *, #1240, .T. ) ;
#69 = FILL_AREA_STYLE ('',( #246 ) ) ;
#70 = CARTESIAN_POINT ( 'NONE',  ( 2.629999999999999893, -1.219999999999996643, 3.311587955583269238 ) ) ;
#71 = PLANE ( 'NONE',  #529 ) ;
#72 = DIRECTION ( 'NONE',  ( -0.000000000000000000, -0.000000000000000000, 1.000000000000000000 ) ) ;
#73 = SURFACE_SIDE_STYLE ('',( #2135 ) ) ;
#74 = VECTOR ( 'NONE', #62, 1000.000000000000000 ) ;
#75 = VERTEX_POINT ( 'NONE', #1251 ) ;
#76 = UNCERTAINTY_MEASURE_WITH_UNIT (LENGTH_MEASURE( 1.000000000000000082E-05 ), #1603, 'distance_accuracy_value', 'NONE');
#77 =( GEOMETRIC_REPRESENTATION_CONTEXT ( 3 ) GLOBAL_UNCERTAINTY_ASSIGNED_CONTEXT ( ( #1786 ) ) GLOBAL_UNIT_ASSIGNED_CONTEXT ( ( #1220, #1398, #310 ) ) REPRESENTATION_CONTEXT ( 'NONE', 'WORKASPACE' ) );
#78 = ORIENTED_EDGE ( 'NONE', *, *, #1970, .T. ) ;
#79 = CARTESIAN_POINT ( 'NONE',  ( 3.017754764468656425, 0.5800000000000045119, 1.517754764468655981 ) ) ;
#80 =( LENGTH_UNIT ( ) NAMED_UNIT ( * ) SI_UNIT ( .MILLI., .METRE. ) );
#81 = EDGE_LOOP ( 'NONE', ( #257, #2212, #2002, #1096 ) ) ;
#82 = VECTOR ( 'NONE', #351, 1000.000000000000000 ) ;
#83 = EDGE_CURVE ( 'NONE', #383, #702, #1519, .T. ) ;
#84 = VECTOR ( 'NONE', #950, 1000.000000000000000 ) ;
#85 = DIRECTION ( 'NONE',  ( 1.000000000000000000, -0.000000000000000000, -0.000000000000000000 ) ) ;
#86 = FACE_OUTER_BOUND ( 'NONE', #652, .T. ) ;
#87 = VERTEX_POINT ( 'NONE', #527 ) ;
#88 = ORIENTED_EDGE ( 'NONE', *, *, #716, .F. ) ;
#89 = ORIENTED_EDGE ( 'NONE', *, *, #2182, .F. ) ;
#90 =( LENGTH_UNIT ( ) NAMED_UNIT ( * ) SI_UNIT ( .MILLI., .METRE. ) );
#91 = CARTESIAN_POINT ( 'NONE',  ( 0.3300000000000000711, -0.1699999999999930456, 1.549999999999999822 ) ) ;
#92 = FACE_OUTER_BOUND ( 'NONE', #1254, .T. ) ;
#93 = EDGE_CURVE ( 'NONE', #340, #2207, #1716, .T. ) ;
#94 = LINE ( 'NONE', #2030, #74 ) ;
#95 = LINE ( 'NONE', #1084, #1064 ) ;
#96 = AXIS2_PLACEMENT_3D ( 'NONE', #2346, #1082, #706 ) ;
#97 = CARTESIAN_POINT ( 'NONE',  ( 2.629999999999999893, 0.08000000000000873079, 1.549999999999999600 ) ) ;
#98 = LINE ( 'NONE', #674, #1371 ) ;
#99 = CARTESIAN_POINT ( 'NONE',  ( -1.475000000000000089, 0.2770404910104690144, -1.571174699965697696 ) ) ;
#100 = ORIENTED_EDGE ( 'NONE', *, *, #838, .F. ) ;
#101 = ORIENTED_EDGE ( 'NONE', *, *, #432, .T. ) ;
#102 = EDGE_CURVE ( 'NONE', #1224, #937, #808, .T. ) ;
#103 = PLANE ( 'NONE',  #616 ) ;
#104 = VERTEX_POINT ( 'NONE', #1435 ) ;
#105 = VECTOR ( 'NONE', #1745, 1000.000000000000000 ) ;
#106 = CARTESIAN_POINT ( 'NONE',  ( -1.969999999999999973, -0.9114819830089422315, 3.001587955583269185 ) ) ;
#107 = DIRECTION ( 'NONE',  ( -0.000000000000000000, -0.000000000000000000, 1.000000000000000000 ) ) ;
#108 = LINE ( 'NONE', #1785, #55 ) ;
#109 = EDGE_CURVE ( 'NONE', #188, #468, #1762, .T. ) ;
#110 = SURFACE_STYLE_FILL_AREA ( #148 ) ;
#111 =( NAMED_UNIT ( * ) SI_UNIT ( $, .STERADIAN. ) SOLID_ANGLE_UNIT ( ) );
#112 = VERTEX_POINT ( 'NONE', #2360 ) ;
#113 = PLANE ( 'NONE',  #3 ) ;
#114 = DIRECTION ( 'NONE',  ( -0.000000000000000000, 1.000000000000000000, 9.035018104045870694E-17 ) ) ;
#115 = STYLED_ITEM ( 'NONE', ( #998 ), #269 ) ;
#116 = EDGE_CURVE ( 'NONE', #143, #806, #2264, .T. ) ;
#117 = SURFACE_SIDE_STYLE ('',( #1874 ) ) ;
#118 = AXIS2_PLACEMENT_3D ( 'NONE', #224, #208, #1107 ) ;
#119 = CARTESIAN_POINT ( 'NONE',  ( -1.969999999999999973, -0.9737980617469478295, 3.355000000000000426 ) ) ;
#120 = SURFACE_STYLE_USAGE ( .BOTH. , #1373 ) ;
#121 = FACE_OUTER_BOUND ( 'NONE', #1341, .T. ) ;
#122 = PLANE ( 'NONE',  #1391 ) ;
#123 = ADVANCED_FACE ( 'NONE', ( #1881 ), #171, .T. ) ;
#124 = MECHANICAL_DESIGN_GEOMETRIC_PRESENTATION_REPRESENTATION (  '', ( #1458 ), #953 ) ;
#125 = ORIENTED_EDGE ( 'NONE', *, *, #558, .F. ) ;
#126 = VERTEX_POINT ( 'NONE', #2162 ) ;
#127 =( NAMED_UNIT ( * ) PLANE_ANGLE_UNIT ( ) SI_UNIT ( $, .RADIAN. ) );
#128 =( NAMED_UNIT ( * ) SI_UNIT ( $, .STERADIAN. ) SOLID_ANGLE_UNIT ( ) );
#129 = VERTEX_POINT ( 'NONE', #354 ) ;
#130 = ORIENTED_EDGE ( 'NONE', *, *, #2228, .F. ) ;
#131 = EDGE_CURVE ( 'NONE', #188, #129, #2091, .T. ) ;
#132 = PRESENTATION_STYLE_ASSIGNMENT (( #1940 ) ) ;
#133 = CARTESIAN_POINT ( 'NONE',  ( -0.3099999999999999978, 0.08000000000000687117, 2.276935844137441656 ) ) ;
#134 = LINE ( 'NONE', #650, #1105 ) ;
#135 = ADVANCED_FACE ( 'NONE', ( #2204 ), #543, .F. ) ;
#136 = CARTESIAN_POINT ( 'NONE',  ( 2.629999999999999893, -0.9737980617469443878, 3.354999999999999982 ) ) ;
#137 = CARTESIAN_POINT ( 'NONE',  ( -3.150000000000000355, 0.08000000000000524747, 1.605918254822884750 ) ) ;
#138 = VECTOR ( 'NONE', #2229, 1000.000000000000000 ) ;
#139 = FACE_OUTER_BOUND ( 'NONE', #1549, .T. ) ;
#140 = EDGE_CURVE ( 'NONE', #1144, #345, #1975, .T. ) ;
#141 = VERTEX_POINT ( 'NONE', #2201 ) ;
#142 = CARTESIAN_POINT ( 'NONE',  ( -1.475000000000000089, 0.08000000000000526135, -3.354999999999999982 ) ) ;
#143 = VERTEX_POINT ( 'NONE', #1627 ) ;
#144 = LINE ( 'NONE', #1697, #545 ) ;
#145 = VERTEX_POINT ( 'NONE', #2010 ) ;
#146 = FILL_AREA_STYLE_COLOUR ( '', #1796 ) ;
#147 = UNCERTAINTY_MEASURE_WITH_UNIT (LENGTH_MEASURE( 1.000000000000000082E-05 ), #771, 'distance_accuracy_value', 'NONE');
#148 = FILL_AREA_STYLE ('',( #515 ) ) ;
#149 = ORIENTED_EDGE ( 'NONE', *, *, #467, .T. ) ;
#150 = DIRECTION ( 'NONE',  ( -0.9848077530122093526, -0.1736481776669235311, 0.000000000000000000 ) ) ;
#151 = EDGE_CURVE ( 'NONE', #2326, #492, #580, .T. ) ;
#152 = ORIENTED_EDGE ( 'NONE', *, *, #362, .T. ) ;
#153 = CARTESIAN_POINT ( 'NONE',  ( 2.629999999999999893, 3.470591152576325889E-15, -3.305324907215548137E-16 ) ) ;
#154 = VECTOR ( 'NONE', #1838, 1000.000000000000000 ) ;
#155 =( LENGTH_UNIT ( ) NAMED_UNIT ( * ) SI_UNIT ( .MILLI., .METRE. ) );
#156 = DIRECTION ( 'NONE',  ( 1.000000000000000000, 0.000000000000000000, -0.000000000000000000 ) ) ;
#157 = VECTOR ( 'NONE', #313, 1000.000000000000000 ) ;
#158 = CARTESIAN_POINT ( 'NONE',  ( -3.150000000000000355, -0.1700000000000012612, -1.649999999999999911 ) ) ;
#159 = VERTEX_POINT ( 'NONE', #1310 ) ;
#160 = SURFACE_SIDE_STYLE ('',( #1090 ) ) ;
#161 = ORIENTED_EDGE ( 'NONE', *, *, #183, .F. ) ;
#162 = DIRECTION ( 'NONE',  ( 0.000000000000000000, 0.1736481776669240029, -0.9848077530122091305 ) ) ;
#163 = CARTESIAN_POINT ( 'NONE',  ( 1.475000000000000089, -0.9114819830089423425, -3.001587955583269629 ) ) ;
#164 = PRESENTATION_LAYER_ASSIGNMENT (  '', '', ( #287 ) ) ;
#165 = DIRECTION ( 'NONE',  ( 0.000000000000000000, -0.1736481776669235866, -0.9848077530122093526 ) ) ;
#166 = AXIS2_PLACEMENT_3D ( 'NONE', #1884, #1714, #630 ) ;
#167 = LINE ( 'NONE', #1705, #712 ) ;
#168 = CARTESIAN_POINT ( 'NONE',  ( -1.969999999999999973, 0.08000000000000526135, 1.549999999999999600 ) ) ;
#169 = DIRECTION ( 'NONE',  ( 0.000000000000000000, -0.9848077530122092416, 0.1736481776669237809 ) ) ;
#170 = ORIENTED_EDGE ( 'NONE', *, *, #766, .F. ) ;
#171 = PLANE ( 'NONE',  #729 ) ;
#172 = STYLED_ITEM ( 'NONE', ( #1960 ), #1044 ) ;
#173 = UNCERTAINTY_MEASURE_WITH_UNIT (LENGTH_MEASURE( 1.000000000000000082E-05 ), #428, 'distance_accuracy_value', 'NONE');
#174 = DIRECTION ( 'NONE',  ( 1.000000000000000000, -0.000000000000000000, -0.000000000000000000 ) ) ;
#175 = DIRECTION ( 'NONE',  ( -1.000000000000000000, -0.000000000000000000, -0.000000000000000000 ) ) ;
#176 = ORIENTED_EDGE ( 'NONE', *, *, #2273, .T. ) ;
#177 = LINE ( 'NONE', #1640, #1658 ) ;
#178 = VECTOR ( 'NONE', #1088, 1000.000000000000000 ) ;
#179 = VECTOR ( 'NONE', #789, 1000.000000000000000 ) ;
#180 = EDGE_CURVE ( 'NONE', #441, #1525, #94, .T. ) ;
#181 = ORIENTED_EDGE ( 'NONE', *, *, #1887, .F. ) ;
#182 = DIRECTION ( 'NONE',  ( 0.000000000000000000, 9.035018104045869462E-17, -1.000000000000000000 ) ) ;
#183 = EDGE_CURVE ( 'NONE', #184, #456, #984, .T. ) ;
#184 = VERTEX_POINT ( 'NONE', #1138 ) ;
#185 = CARTESIAN_POINT ( 'NONE',  ( 1.475000000000000089, 0.08000000000000526135, -3.354999999999999982 ) ) ;
#186 = CARTESIAN_POINT ( 'NONE',  ( 1.989999999999999991, -0.1699999999999913247, 3.355000000000000426 ) ) ;
#187 = ORIENTED_EDGE ( 'NONE', *, *, #1206, .F. ) ;
#188 = VERTEX_POINT ( 'NONE', #780 ) ;
#189 = VECTOR ( 'NONE', #2161, 1000.000000000000000 ) ;
#190 = VECTOR ( 'NONE', #342, 1000.000000000000000 ) ;
#191 =( NAMED_UNIT ( * ) SI_UNIT ( $, .STERADIAN. ) SOLID_ANGLE_UNIT ( ) );
#192 = AXIS2_PLACEMENT_3D ( 'NONE', #2374, #921, #1661 ) ;
#193 = PRESENTATION_STYLE_ASSIGNMENT (( #290 ) ) ;
#194 = PLANE ( 'NONE',  #1385 ) ;
#195 = ORIENTED_EDGE ( 'NONE', *, *, #979, .F. ) ;
#196 = ORIENTED_EDGE ( 'NONE', *, *, #216, .F. ) ;
#197 = PLANE ( 'NONE',  #1732 ) ;
#198 = STYLED_ITEM ( 'NONE', ( #1826 ), #1858 ) ;
#199 = EDGE_CURVE ( 'NONE', #492, #806, #1822, .T. ) ;
#200 = EDGE_LOOP ( 'NONE', ( #1166, #481, #1500, #841 ) ) ;
#201 = CARTESIAN_POINT ( 'NONE',  ( -1.969999999999999973, -0.1699999999999947942, 3.355000000000000426 ) ) ;
#202 = DIRECTION ( 'NONE',  ( 0.000000000000000000, -1.000000000000000000, -1.677902463997330386E-16 ) ) ;
#203 = SURFACE_STYLE_USAGE ( .BOTH. , #2185 ) ;
#204 = ORIENTED_EDGE ( 'NONE', *, *, #199, .F. ) ;
#205 = ORIENTED_EDGE ( 'NONE', *, *, #1097, .T. ) ;
#206 = CARTESIAN_POINT ( 'NONE',  ( 1.475000000000000089, -0.1699999999999947942, -1.550000000000000044 ) ) ;
#207 = EDGE_LOOP ( 'NONE', ( #653, #934, #1543, #2198 ) ) ;
#208 = DIRECTION ( 'NONE',  ( 0.000000000000000000, 0.000000000000000000, 1.000000000000000000 ) ) ;
#209 = CARTESIAN_POINT ( 'NONE',  ( -1.475000000000000089, -0.1699999999999947942, -1.550000000000000044 ) ) ;
#210 = VECTOR ( 'NONE', #1272, 1000.000000000000000 ) ;
#211 = DIRECTION ( 'NONE',  ( -0.1710878697460289366, 0.9702875252478162516, 0.1710878697460292419 ) ) ;
#212 = DIRECTION ( 'NONE',  ( -1.000000000000000000, -0.000000000000000000, -0.000000000000000000 ) ) ;
#213 = CARTESIAN_POINT ( 'NONE',  ( 0.3300000000000000711, 0.08000000000000699607, 1.549999999999999822 ) ) ;
#214 = ORIENTED_EDGE ( 'NONE', *, *, #180, .F. ) ;
#215 =( LENGTH_UNIT ( ) NAMED_UNIT ( * ) SI_UNIT ( .MILLI., .METRE. ) );
#216 = EDGE_CURVE ( 'NONE', #1230, #383, #238, .T. ) ;
#217 = AXIS2_PLACEMENT_3D ( 'NONE', #1889, #421, #1709 ) ;
#218 = FILL_AREA_STYLE_COLOUR ( '', #914 ) ;
#219 = ORIENTED_EDGE ( 'NONE', *, *, #1024, .T. ) ;
#220 = LINE ( 'NONE', #1626, #333 ) ;
#221 = VECTOR ( 'NONE', #1857, 999.9999999999998863 ) ;
#222 = VECTOR ( 'NONE', #162, 1000.000000000000227 ) ;
#223 = VECTOR ( 'NONE', #1656, 1000.000000000000000 ) ;
#224 = CARTESIAN_POINT ( 'NONE',  ( 2.629999999999999893, -0.1699999999999913247, 1.549999999999999600 ) ) ;
#225 = CARTESIAN_POINT ( 'NONE',  ( 1.989999999999999991, -1.219999999999996643, 3.311587955583269238 ) ) ;
#226 = DIRECTION ( 'NONE',  ( -1.000000000000000000, -0.000000000000000000, -0.000000000000000000 ) ) ;
#227 = VECTOR ( 'NONE', #2208, 1000.000000000000000 ) ;
#228 = DIRECTION ( 'NONE',  ( 0.000000000000000000, -0.9848077530122093526, -0.1736481776669230315 ) ) ;
#229 = CARTESIAN_POINT ( 'NONE',  ( -3.149999999999999911, -0.1699999999999994571, -1.649999999999999911 ) ) ;
#230 = ORIENTED_EDGE ( 'NONE', *, *, #646, .T. ) ;
#231 = EDGE_CURVE ( 'NONE', #698, #2199, #1682, .T. ) ;
#232 = ADVANCED_FACE ( 'NONE', ( #2315 ), #1677, .T. ) ;
#233 = DIRECTION ( 'NONE',  ( 0.000000000000000000, -0.000000000000000000, 1.000000000000000000 ) ) ;
#234 = PLANE ( 'NONE',  #1330 ) ;
#235 = VERTEX_POINT ( 'NONE', #237 ) ;
#236 = ORIENTED_EDGE ( 'NONE', *, *, #1072, .F. ) ;
#237 = CARTESIAN_POINT ( 'NONE',  ( -1.969999999999999973, 0.08000000000000526135, 1.550000000000000044 ) ) ;
#238 = LINE ( 'NONE', #1149, #1012 ) ;
#239 = DIRECTION ( 'NONE',  ( -1.000000000000000000, -0.000000000000000000, -0.000000000000000000 ) ) ;
#240 = VECTOR ( 'NONE', #1143, 1000.000000000000000 ) ;
#241 = DIRECTION ( 'NONE',  ( -1.000000000000000000, -0.000000000000000000, -0.000000000000000000 ) ) ;
#242 = VECTOR ( 'NONE', #1457, 1000.000000000000114 ) ;
#243 = FACE_OUTER_BOUND ( 'NONE', #1019, .T. ) ;
#244 = PRESENTATION_STYLE_ASSIGNMENT (( #2190 ) ) ;
#245 = AXIS2_PLACEMENT_3D ( 'NONE', #1033, #1389, #2109 ) ;
#246 = FILL_AREA_STYLE_COLOUR ( '', #1054 ) ;
#247 = ADVANCED_FACE ( 'NONE', ( #1959 ), #1701, .F. ) ;
#248 = ORIENTED_EDGE ( 'NONE', *, *, #1259, .F. ) ;
#249 = CARTESIAN_POINT ( 'NONE',  ( 3.150000000000000355, -0.1699999999999947664, -1.649999999999999911 ) ) ;
#250 = PRESENTATION_LAYER_ASSIGNMENT (  '', '', ( #1964 ) ) ;
#251 = MECHANICAL_DESIGN_GEOMETRIC_PRESENTATION_REPRESENTATION (  '', ( #198 ), #487 ) ;
#252 = ORIENTED_EDGE ( 'NONE', *, *, #1195, .F. ) ;
#253 = EDGE_CURVE ( 'NONE', #1462, #2195, #1783, .T. ) ;
#254 = ORIENTED_EDGE ( 'NONE', *, *, #1533, .T. ) ;
#255 = MANIFOLD_SOLID_BREP ( 'Boss-Extrude3', #472 ) ;
#256 = PLANE ( 'NONE',  #166 ) ;
#257 = ORIENTED_EDGE ( 'NONE', *, *, #1841, .T. ) ;
#258 = CARTESIAN_POINT ( 'NONE',  ( -2.609999999999999876, -0.1699999999999947942, 3.355000000000000426 ) ) ;
#259 = CARTESIAN_POINT ( 'NONE',  ( -1.475000000000000089, -0.1699999999999947942, -1.649999999999999245 ) ) ;
#260 =( NAMED_UNIT ( * ) SI_UNIT ( $, .STERADIAN. ) SOLID_ANGLE_UNIT ( ) );
#261 = VECTOR ( 'NONE', #1132, 1000.000000000000000 ) ;
#262 = CARTESIAN_POINT ( 'NONE',  ( 0.3300000000000000711, 0.08000000000000699607, 1.549999999999999600 ) ) ;
#263 = EDGE_CURVE ( 'NONE', #468, #1813, #2368, .T. ) ;
#264 = FILL_AREA_STYLE ('',( #2248 ) ) ;
#265 = ORIENTED_EDGE ( 'NONE', *, *, #1494, .T. ) ;
#266 = ORIENTED_EDGE ( 'NONE', *, *, #838, .T. ) ;
#267 = EDGE_CURVE ( 'NONE', #758, #1909, #1222, .T. ) ;
#268 = ORIENTED_EDGE ( 'NONE', *, *, #275, .T. ) ;
#269 = ADVANCED_FACE ( 'NONE', ( #634 ), #299, .F. ) ;
#270 =( NAMED_UNIT ( * ) PLANE_ANGLE_UNIT ( ) SI_UNIT ( $, .RADIAN. ) );
#271 = LINE ( 'NONE', #185, #1824 ) ;
#272 = DIRECTION ( 'NONE',  ( 0.000000000000000000, -0.9848077530122093526, -0.1736481776669235033 ) ) ;
#273 = VECTOR ( 'NONE', #925, 1000.000000000000000 ) ;
#274 = VERTEX_POINT ( 'NONE', #2330 ) ;
#275 = EDGE_CURVE ( 'NONE', #141, #66, #1758, .T. ) ;
#276 = ORIENTED_EDGE ( 'NONE', *, *, #2026, .T. ) ;
#277 = AXIS2_PLACEMENT_3D ( 'NONE', #2267, #1878, #2065 ) ;
#278 = EDGE_LOOP ( 'NONE', ( #1253, #1335, #1515, #358 ) ) ;
#279 = ORIENTED_EDGE ( 'NONE', *, *, #2354, .T. ) ;
#280 = UNCERTAINTY_MEASURE_WITH_UNIT (LENGTH_MEASURE( 1.000000000000000082E-05 ), #1061, 'distance_accuracy_value', 'NONE');
#281 =( GEOMETRIC_REPRESENTATION_CONTEXT ( 3 ) GLOBAL_UNCERTAINTY_ASSIGNED_CONTEXT ( ( #323 ) ) GLOBAL_UNIT_ASSIGNED_CONTEXT ( ( #80, #438, #1173 ) ) REPRESENTATION_CONTEXT ( 'NONE', 'WORKASPACE' ) );
#282 =( NAMED_UNIT ( * ) PLANE_ANGLE_UNIT ( ) SI_UNIT ( $, .RADIAN. ) );
#283 = VECTOR ( 'NONE', #967, 1000.000000000000000 ) ;
#284 = DIRECTION ( 'NONE',  ( 0.000000000000000000, -0.9848077530122092416, -0.1736481776669237809 ) ) ;
#285 = FACE_OUTER_BOUND ( 'NONE', #2024, .T. ) ;
#286 = ORIENTED_EDGE ( 'NONE', *, *, #612, .T. ) ;
#287 = STYLED_ITEM ( 'NONE', ( #679 ), #422 ) ;
#288 = CARTESIAN_POINT ( 'NONE',  ( -3.079822061678928247, -0.5679988657385639517, -1.579822061678928025 ) ) ;
#289 =( GEOMETRIC_REPRESENTATION_CONTEXT ( 3 ) GLOBAL_UNCERTAINTY_ASSIGNED_CONTEXT ( ( #424 ) ) GLOBAL_UNIT_ASSIGNED_CONTEXT ( ( #1790, #540, #1442 ) ) REPRESENTATION_CONTEXT ( 'NONE', 'WORKASPACE' ) );
#290 = SURFACE_STYLE_USAGE ( .BOTH. , #2286 ) ;
#291 = DIRECTION ( 'NONE',  ( 0.000000000000000000, 0.8073493873705617219, -0.5900736960010831700 ) ) ;
#292 = DIRECTION ( 'NONE',  ( 0.000000000000000000, 0.000000000000000000, 1.000000000000000000 ) ) ;
#293 = ORIENTED_EDGE ( 'NONE', *, *, #2228, .T. ) ;
#294 = ADVANCED_FACE ( 'NONE', ( #1642 ), #474, .F. ) ;
#295 = FACE_OUTER_BOUND ( 'NONE', #1787, .T. ) ;
#296 = AXIS2_PLACEMENT_3D ( 'NONE', #2211, #4, #1121 ) ;
#297 = VECTOR ( 'NONE', #1847, 1000.000000000000000 ) ;
#298 =( NAMED_UNIT ( * ) SI_UNIT ( $, .STERADIAN. ) SOLID_ANGLE_UNIT ( ) );
#299 = PLANE ( 'NONE',  #2243 ) ;
#300 = ORIENTED_EDGE ( 'NONE', *, *, #1570, .F. ) ;
#301 = ADVANCED_FACE ( 'NONE', ( #878 ), #2125, .F. ) ;
#302 = AXIS2_PLACEMENT_3D ( 'NONE', #907, #2186, #2021 ) ;
#303 = EDGE_LOOP ( 'NONE', ( #2261, #2019, #161, #5 ) ) ;
#304 = AXIS2_PLACEMENT_3D ( 'NONE', #1920, #502, #292 ) ;
#305 = SURFACE_SIDE_STYLE ('',( #1208 ) ) ;
#306 = VERTEX_POINT ( 'NONE', #677 ) ;
#307 = ADVANCED_FACE ( 'NONE', ( #2043 ), #2137, .F. ) ;
#308 = SURFACE_STYLE_FILL_AREA ( #895 ) ;
#309 = DIRECTION ( 'NONE',  ( -0.000000000000000000, -1.000000000000000000, -0.000000000000000000 ) ) ;
#310 =( NAMED_UNIT ( * ) SI_UNIT ( $, .STERADIAN. ) SOLID_ANGLE_UNIT ( ) );
#311 = DIRECTION ( 'NONE',  ( -0.000000000000000000, -0.000000000000000000, -1.000000000000000000 ) ) ;
#312 = SURFACE_STYLE_FILL_AREA ( #331 ) ;
#313 = DIRECTION ( 'NONE',  ( 0.000000000000000000, 0.8073493873705618329, -0.5900736960010829479 ) ) ;
#314 = VECTOR ( 'NONE', #63, 1000.000000000000000 ) ;
#315 = ORIENTED_EDGE ( 'NONE', *, *, #675, .T. ) ;
#316 = CARTESIAN_POINT ( 'NONE',  ( 1.989999999999999991, 0.08000000000000873079, 3.355000000000000426 ) ) ;
#317 = ORIENTED_EDGE ( 'NONE', *, *, #1129, .F. ) ;
#318 = ADVANCED_FACE ( 'NONE', ( #1802 ), #848, .F. ) ;
#319 = COLOUR_RGB ( '',1.000000000000000000, 1.000000000000000000, 1.000000000000000000 ) ;
#320 = ORIENTED_EDGE ( 'NONE', *, *, #1206, .T. ) ;
#321 = CARTESIAN_POINT ( 'NONE',  ( -1.475000000000000089, 0.08000000000000517808, -2.276935844137442100 ) ) ;
#322 = EDGE_LOOP ( 'NONE', ( #750, #1906, #268, #794 ) ) ;
#323 = UNCERTAINTY_MEASURE_WITH_UNIT (LENGTH_MEASURE( 1.000000000000000082E-05 ), #80, 'distance_accuracy_value', 'NONE');
#324 = VERTEX_POINT ( 'NONE', #1039 ) ;
#325 = CARTESIAN_POINT ( 'NONE',  ( -2.609999999999999876, -0.1699999999999948219, 2.149999999999999911 ) ) ;
#326 = DIRECTION ( 'NONE',  ( 0.000000000000000000, -9.035018104045870694E-17, 1.000000000000000000 ) ) ;
#327 = VECTOR ( 'NONE', #1299, 1000.000000000000000 ) ;
#328 = ORIENTED_EDGE ( 'NONE', *, *, #2150, .F. ) ;
#329 = FILL_AREA_STYLE ('',( #146 ) ) ;
#330 = ORIENTED_EDGE ( 'NONE', *, *, #461, .T. ) ;
#331 = FILL_AREA_STYLE ('',( #1581 ) ) ;
#332 = DIRECTION ( 'NONE',  ( 0.000000000000000000, -0.9848077530122093526, -0.1736481776669230315 ) ) ;
#333 = VECTOR ( 'NONE', #332, 1000.000000000000000 ) ;
#334 = LINE ( 'NONE', #2015, #2214 ) ;
#335 = DIRECTION ( 'NONE',  ( 0.000000000000000000, 0.1736481776669230315, -0.9848077530122093526 ) ) ;
#336 = CARTESIAN_POINT ( 'NONE',  ( -3.150000000000000355, 0.2770404910104690144, 1.571174699965697696 ) ) ;
#337 = FACE_OUTER_BOUND ( 'NONE', #8, .T. ) ;
#338 = DIRECTION ( 'NONE',  ( -1.000000000000000000, -0.000000000000000000, -0.000000000000000000 ) ) ;
#339 = SURFACE_STYLE_FILL_AREA ( #69 ) ;
#340 = VERTEX_POINT ( 'NONE', #1407 ) ;
#341 = PLANE ( 'NONE',  #1702 ) ;
#342 = DIRECTION ( 'NONE',  ( 0.000000000000000000, -1.677902463997329893E-16, 1.000000000000000000 ) ) ;
#343 = CARTESIAN_POINT ( 'NONE',  ( 2.629999999999999893, -0.1699999999999913525, 2.149999999999999467 ) ) ;
#344 = FILL_AREA_STYLE_COLOUR ( '', #319 ) ;
#345 = VERTEX_POINT ( 'NONE', #325 ) ;
#346 = CARTESIAN_POINT ( 'NONE',  ( -3.150000000000000355, -0.1699999999999994571, 1.649999999999999911 ) ) ;
#347 = ORIENTED_EDGE ( 'NONE', *, *, #267, .F. ) ;
#348 = LINE ( 'NONE', #733, #1854 ) ;
#349 = LINE ( 'NONE', #19, #724 ) ;
#350 = DIRECTION ( 'NONE',  ( -0.000000000000000000, 0.5900736960010828369, 0.8073493873705619439 ) ) ;
#351 = DIRECTION ( 'NONE',  ( -0.000000000000000000, -0.000000000000000000, -1.000000000000000000 ) ) ;
#352 = EDGE_CURVE ( 'NONE', #126, #1860, #1580, .T. ) ;
#353 = SURFACE_STYLE_FILL_AREA ( #35 ) ;
#354 = CARTESIAN_POINT ( 'NONE',  ( 1.475000000000000089, 0.08000000000000519196, -1.605918254822884972 ) ) ;
#355 = ORIENTED_EDGE ( 'NONE', *, *, #490, .T. ) ;
#356 = VECTOR ( 'NONE', #1685, 1000.000000000000000 ) ;
#357 = CARTESIAN_POINT ( 'NONE',  ( -3.077705937909532619, -0.5800000000000001821, -1.649999999999999911 ) ) ;
#358 = ORIENTED_EDGE ( 'NONE', *, *, #1637, .F. ) ;
#359 = DIRECTION ( 'NONE',  ( 0.000000000000000000, -0.9848077530122092416, 0.1736481776669237809 ) ) ;
#360 = CARTESIAN_POINT ( 'NONE',  ( 3.150000000000000355, -0.1699999999999947664, -1.649999999999999911 ) ) ;
#361 = LINE ( 'NONE', #1075, #2252 ) ;
#362 = EDGE_CURVE ( 'NONE', #383, #2064, #506, .T. ) ;
#363 =( GEOMETRIC_REPRESENTATION_CONTEXT ( 3 ) GLOBAL_UNCERTAINTY_ASSIGNED_CONTEXT ( ( #651 ) ) GLOBAL_UNIT_ASSIGNED_CONTEXT ( ( #1736, #654, #111 ) ) REPRESENTATION_CONTEXT ( 'NONE', 'WORKASPACE' ) );
#364 = CARTESIAN_POINT ( 'NONE',  ( -2.609999999999999876, 0.000000000000000000, 0.000000000000000000 ) ) ;
#365 = LINE ( 'NONE', #2341, #1416 ) ;
#366 = LINE ( 'NONE', #1160, #2221 ) ;
#367 = PLANE ( 'NONE',  #2121 ) ;
#368 =( LENGTH_UNIT ( ) NAMED_UNIT ( * ) SI_UNIT ( .MILLI., .METRE. ) );
#369 = VERTEX_POINT ( 'NONE', #1773 ) ;
#370 = CARTESIAN_POINT ( 'NONE',  ( -2.609999999999999876, 0.2770404910104690144, 1.571174699965697696 ) ) ;
#371 = ORIENTED_EDGE ( 'NONE', *, *, #1494, .F. ) ;
#372 = CARTESIAN_POINT ( 'NONE',  ( -0.3099999999999999978, -0.9737980617469460531, 3.355000000000000426 ) ) ;
#373 = ORIENTED_EDGE ( 'NONE', *, *, #1217, .T. ) ;
#374 = PLANE ( 'NONE',  #1304 ) ;
#375 = DIRECTION ( 'NONE',  ( 0.000000000000000000, 1.677902463997330386E-16, -1.000000000000000000 ) ) ;
#376 = FACE_OUTER_BOUND ( 'NONE', #636, .T. ) ;
#377 = ORIENTED_EDGE ( 'NONE', *, *, #1394, .F. ) ;
#378 = DIRECTION ( 'NONE',  ( 0.000000000000000000, 0.8073493873705617219, -0.5900736960010831700 ) ) ;
#379 = SURFACE_STYLE_FILL_AREA ( #2218 ) ;
#380 = CARTESIAN_POINT ( 'NONE',  ( 1.475000000000000089, -0.1699999999999948219, -2.149999999999999911 ) ) ;
#381 = VECTOR ( 'NONE', #1252, 1000.000000000000000 ) ;
#382 = CARTESIAN_POINT ( 'NONE',  ( -2.609999999999999876, -0.1699999999999994571, 1.649999999999999911 ) ) ;
#383 = VERTEX_POINT ( 'NONE', #1229 ) ;
#384 = CARTESIAN_POINT ( 'NONE',  ( -1.475000000000000089, -0.1699999999999947942, -1.550000000000000044 ) ) ;
#385 = VECTOR ( 'NONE', #1147, 1000.000000000000227 ) ;
#386 = DIRECTION ( 'NONE',  ( 0.000000000000000000, -0.8073493873705618329, -0.5900736960010829479 ) ) ;
#387 = EDGE_CURVE ( 'NONE', #235, #1743, #1216, .T. ) ;
#388 = VERTEX_POINT ( 'NONE', #720 ) ;
#389 = CARTESIAN_POINT ( 'NONE',  ( -2.609999999999999876, -0.1699999999999947942, 1.550000000000000044 ) ) ;
#390 = CARTESIAN_POINT ( 'NONE',  ( 0.3300000000000000155, 0.2770404910104690144, 1.571174699965697696 ) ) ;
#391 = CARTESIAN_POINT ( 'NONE',  ( -0.3099999999999999978, 0.08000000000000700995, 1.549999999999999600 ) ) ;
#392 = ADVANCED_BREP_SHAPE_REPRESENTATION ( 'AMS1117-3.3', ( #255, #884, #1267, #1657, #1734, #277 ), #281 ) ;
#393 = EDGE_CURVE ( 'NONE', #1130, #1662, #563, .T. ) ;
#394 = DIRECTION ( 'NONE',  ( -0.000000000000000000, -0.000000000000000000, 1.000000000000000000 ) ) ;
#395 = CARTESIAN_POINT ( 'NONE',  ( -0.3099999999999999978, -1.140215771465811878, 2.859109110805095444 ) ) ;
#396 = LINE ( 'NONE', #1303, #223 ) ;
#397 = ADVANCED_FACE ( 'NONE', ( #1954 ), #1062, .T. ) ;
#398 = DIRECTION ( 'NONE',  ( 0.000000000000000000, 1.000000000000000000, -9.035018104045870694E-17 ) ) ;
#399 = LINE ( 'NONE', #1342, #1481 ) ;
#400 = EDGE_CURVE ( 'NONE', #184, #324, #1169, .T. ) ;
#401 = ORIENTED_EDGE ( 'NONE', *, *, #1566, .F. ) ;
#402 = DIRECTION ( 'NONE',  ( 0.000000000000000000, 1.000000000000000000, -0.000000000000000000 ) ) ;
#403 =( NAMED_UNIT ( * ) PLANE_ANGLE_UNIT ( ) SI_UNIT ( $, .RADIAN. ) );
#404 = CARTESIAN_POINT ( 'NONE',  ( -1.475000000000000089, 0.000000000000000000, 0.000000000000000000 ) ) ;
#405 = ORIENTED_EDGE ( 'NONE', *, *, #352, .F. ) ;
#406 = STYLED_ITEM ( 'NONE', ( #1022 ), #483 ) ;
#407 = ORIENTED_EDGE ( 'NONE', *, *, #798, .T. ) ;
#408 = CARTESIAN_POINT ( 'NONE',  ( -1.475000000000000089, -0.1699999999999947942, -3.354999999999999982 ) ) ;
#409 = DIRECTION ( 'NONE',  ( -1.000000000000000000, -0.000000000000000000, -0.000000000000000000 ) ) ;
#410 = LINE ( 'NONE', #641, #1492 ) ;
#411 = LINE ( 'NONE', #2213, #1771 ) ;
#412 =( NAMED_UNIT ( * ) PLANE_ANGLE_UNIT ( ) SI_UNIT ( $, .RADIAN. ) );
#413 = CARTESIAN_POINT ( 'NONE',  ( -1.969999999999999973, 0.000000000000000000, 0.000000000000000000 ) ) ;
#414 = COLOUR_RGB ( '',1.000000000000000000, 1.000000000000000000, 1.000000000000000000 ) ;
#415 = VERTEX_POINT ( 'NONE', #2349 ) ;
#416 = FILL_AREA_STYLE_COLOUR ( '', #414 ) ;
#417 = DIRECTION ( 'NONE',  ( 0.000000000000000000, 1.000000000000000000, -0.000000000000000000 ) ) ;
#418 = AXIS2_PLACEMENT_3D ( 'NONE', #1514, #801, #2239 ) ;
#419 = EDGE_LOOP ( 'NONE', ( #2098, #1499, #1151, #1094 ) ) ;
#420 = SURFACE_SIDE_STYLE ('',( #480 ) ) ;
#421 = DIRECTION ( 'NONE',  ( -0.000000000000000000, 1.000000000000000000, 9.035018104045870694E-17 ) ) ;
#422 = ADVANCED_FACE ( 'NONE', ( #797 ), #1237, .F. ) ;
#423 = LINE ( 'NONE', #119, #1383 ) ;
#424 = UNCERTAINTY_MEASURE_WITH_UNIT (LENGTH_MEASURE( 1.000000000000000082E-05 ), #1790, 'distance_accuracy_value', 'NONE');
#425 = DIRECTION ( 'NONE',  ( -1.000000000000000000, 0.000000000000000000, 0.000000000000000000 ) ) ;
#426 = CARTESIAN_POINT ( 'NONE',  ( 1.989999999999999991, 0.08000000000000873079, 1.549999999999999600 ) ) ;
#427 = EDGE_CURVE ( 'NONE', #18, #1883, #476, .T. ) ;
#428 =( LENGTH_UNIT ( ) NAMED_UNIT ( * ) SI_UNIT ( .MILLI., .METRE. ) );
#429 = ORIENTED_EDGE ( 'NONE', *, *, #1202, .F. ) ;
#430 = EDGE_CURVE ( 'NONE', #457, #159, #1538, .T. ) ;
#431 = EDGE_LOOP ( 'NONE', ( #101, #732, #892, #741 ) ) ;
#432 = EDGE_CURVE ( 'NONE', #577, #1830, #361, .T. ) ;
#433 = SURFACE_STYLE_USAGE ( .BOTH. , #1178 ) ;
#434 = ADVANCED_FACE ( 'NONE', ( #1505 ), #541, .F. ) ;
#435 = DIRECTION ( 'NONE',  ( 1.000000000000000000, 0.000000000000000000, -0.000000000000000000 ) ) ;
#436 = LINE ( 'NONE', #891, #1390 ) ;
#437 = EDGE_LOOP ( 'NONE', ( #591, #1742, #1226, #1068 ) ) ;
#438 =( NAMED_UNIT ( * ) PLANE_ANGLE_UNIT ( ) SI_UNIT ( $, .RADIAN. ) );
#439 = SURFACE_STYLE_FILL_AREA ( #264 ) ;
#440 = CARTESIAN_POINT ( 'NONE',  ( 0.3300000000000000711, -1.219999999999998419, 3.311587955583269682 ) ) ;
#441 = VERTEX_POINT ( 'NONE', #2365 ) ;
#442 = LINE ( 'NONE', #924, #1399 ) ;
#443 = MECHANICAL_DESIGN_GEOMETRIC_PRESENTATION_REPRESENTATION (  '', ( #115 ), #2287 ) ;
#444 = CARTESIAN_POINT ( 'NONE',  ( 1.475000000000000089, -0.1699999999999948219, -2.149999999999999911 ) ) ;
#445 = CARTESIAN_POINT ( 'NONE',  ( 0.3300000000000000711, -0.1699999999999930456, 1.549999999999999600 ) ) ;
#446 = ORIENTED_EDGE ( 'NONE', *, *, #672, .F. ) ;
#447 = CARTESIAN_POINT ( 'NONE',  ( 1.989999999999999991, -0.9114819830089387898, 3.001587955583268741 ) ) ;
#448 = CARTESIAN_POINT ( 'NONE',  ( -1.969999999999999973, -1.220000000000000195, 3.311587955583269682 ) ) ;
#449 = ORIENTED_EDGE ( 'NONE', *, *, #362, .F. ) ;
#450 = ORIENTED_EDGE ( 'NONE', *, *, #2182, .T. ) ;
#451 = LINE ( 'NONE', #547, #764 ) ;
#452 = DIRECTION ( 'NONE',  ( 0.000000000000000000, 1.118601642664886102E-16, 1.000000000000000000 ) ) ;
#453 = VECTOR ( 'NONE', #1917, 1000.000000000000000 ) ;
#454 = CARTESIAN_POINT ( 'NONE',  ( 3.077705937909533063, -0.5799999999999956302, 1.577705937909532619 ) ) ;
#455 = FACE_OUTER_BOUND ( 'NONE', #1377, .T. ) ;
#456 = VERTEX_POINT ( 'NONE', #1056 ) ;
#457 = VERTEX_POINT ( 'NONE', #1451 ) ;
#458 = COLOUR_RGB ( '',1.000000000000000000, 1.000000000000000000, 1.000000000000000000 ) ;
#459 = DIRECTION ( 'NONE',  ( 0.000000000000000000, 1.000000000000000000, -1.118601642664886102E-16 ) ) ;
#460 = VECTOR ( 'NONE', #311, 1000.000000000000000 ) ;
#461 = EDGE_CURVE ( 'NONE', #274, #1144, #1558, .T. ) ;
#462 = ORIENTED_EDGE ( 'NONE', *, *, #510, .T. ) ;
#463 = COLOUR_RGB ( '',0.7921568627450980005, 0.8196078431372548767, 0.9333333333333333481 ) ;
#464 = DIRECTION ( 'NONE',  ( -0.000000000000000000, -0.000000000000000000, -1.000000000000000000 ) ) ;
#465 = VECTOR ( 'NONE', #1498, 1000.000000000000000 ) ;
#466 = DIRECTION ( 'NONE',  ( 0.000000000000000000, -1.000000000000000000, 0.000000000000000000 ) ) ;
#467 = EDGE_CURVE ( 'NONE', #2064, #2177, #592, .T. ) ;
#468 = VERTEX_POINT ( 'NONE', #360 ) ;
#469 = DIRECTION ( 'NONE',  ( -0.1710878697460289366, 0.9702875252478162516, -0.1710878697460292419 ) ) ;
#470 = VECTOR ( 'NONE', #603, 1000.000000000000000 ) ;
#471 = EDGE_CURVE ( 'NONE', #660, #274, #220, .T. ) ;
#472 = CLOSED_SHELL ( 'NONE', ( #1769, #2123, #1885, #1526, #1871, #1155, #1016, #1168, #1898, #2082 ) ) ;
#473 =( NAMED_UNIT ( * ) PLANE_ANGLE_UNIT ( ) SI_UNIT ( $, .RADIAN. ) );
#474 = PLANE ( 'NONE',  #1666 ) ;
#475 = ORIENTED_EDGE ( 'NONE', *, *, #2055, .T. ) ;
#476 = LINE ( 'NONE', #1617, #1381 ) ;
#477 =( NAMED_UNIT ( * ) SI_UNIT ( $, .STERADIAN. ) SOLID_ANGLE_UNIT ( ) );
#478 = AXIS2_PLACEMENT_3D ( 'NONE', #1486, #2192, #1459 ) ;
#479 = DIRECTION ( 'NONE',  ( -0.000000000000000000, 0.9848077530122092416, 0.1736481776669240307 ) ) ;
#480 = SURFACE_STYLE_FILL_AREA ( #800 ) ;
#481 = ORIENTED_EDGE ( 'NONE', *, *, #1867, .F. ) ;
#482 = AXIS2_PLACEMENT_3D ( 'NONE', #1670, #972, #1862 ) ;
#483 = ADVANCED_FACE ( 'NONE', ( #1441 ), #1433, .F. ) ;
#484 = EDGE_CURVE ( 'NONE', #306, #1754, #785, .T. ) ;
#485 = CARTESIAN_POINT ( 'NONE',  ( 0.3300000000000000711, -0.9114819830089405661, 3.001587955583269185 ) ) ;
#486 = STYLED_ITEM ( 'NONE', ( #648 ), #1757 ) ;
#487 =( GEOMETRIC_REPRESENTATION_CONTEXT ( 3 ) GLOBAL_UNCERTAINTY_ASSIGNED_CONTEXT ( ( #1610 ) ) GLOBAL_UNIT_ASSIGNED_CONTEXT ( ( #1244, #2134, #1431 ) ) REPRESENTATION_CONTEXT ( 'NONE', 'WORKASPACE' ) );
#488 = VECTOR ( 'NONE', #1788, 1000.000000000000000 ) ;
#489 = DIRECTION ( 'NONE',  ( 0.000000000000000000, -0.8073493873705617219, -0.5900736960010831700 ) ) ;
#490 = EDGE_CURVE ( 'NONE', #1674, #2056, #1402, .T. ) ;
#491 = ORIENTED_EDGE ( 'NONE', *, *, #753, .F. ) ;
#492 = VERTEX_POINT ( 'NONE', #1471 ) ;
#493 = LINE ( 'NONE', #1676, #949 ) ;
#494 = AXIS2_PLACEMENT_3D ( 'NONE', #1828, #755, #1634 ) ;
#495 = AXIS2_PLACEMENT_3D ( 'NONE', #1808, #2193, #943 ) ;
#496 = DIRECTION ( 'NONE',  ( -1.000000000000000000, -0.000000000000000000, -0.000000000000000000 ) ) ;
#497 = UNCERTAINTY_MEASURE_WITH_UNIT (LENGTH_MEASURE( 1.000000000000000082E-05 ), #622, 'distance_accuracy_value', 'NONE');
#498 = VECTOR ( 'NONE', #182, 1000.000000000000000 ) ;
#499 = CARTESIAN_POINT ( 'NONE',  ( -0.3099999999999999978, -0.1699999999999930456, 1.549999999999999600 ) ) ;
#500 = SURFACE_STYLE_USAGE ( .BOTH. , #1573 ) ;
#501 = ORIENTED_EDGE ( 'NONE', *, *, #140, .T. ) ;
#502 = DIRECTION ( 'NONE',  ( -1.000000000000000000, 0.000000000000000000, 0.000000000000000000 ) ) ;
#503 = ORIENTED_EDGE ( 'NONE', *, *, #2309, .F. ) ;
#504 = CARTESIAN_POINT ( 'NONE',  ( 1.475000000000000089, -0.1699999999999947942, -1.550000000000000044 ) ) ;
#505 = ORIENTED_EDGE ( 'NONE', *, *, #1401, .F. ) ;
#506 = LINE ( 'NONE', #508, #105 ) ;
#507 = SURFACE_SIDE_STYLE ('',( #312 ) ) ;
#508 = CARTESIAN_POINT ( 'NONE',  ( 0.3300000000000000711, -0.1699999999999930456, 1.549999999999999822 ) ) ;
#509 = VECTOR ( 'NONE', #1210, 1000.000000000000000 ) ;
#510 = EDGE_CURVE ( 'NONE', #2071, #2079, #349, .T. ) ;
#511 = DIRECTION ( 'NONE',  ( 0.000000000000000000, 0.9848077530122092416, 0.1736481776669237809 ) ) ;
#512 = CARTESIAN_POINT ( 'NONE',  ( 2.629999999999999893, 0.08000000000000873079, 1.549999999999999600 ) ) ;
#513 = ORIENTED_EDGE ( 'NONE', *, *, #1739, .T. ) ;
#514 = ORIENTED_EDGE ( 'NONE', *, *, #2216, .T. ) ;
#515 = FILL_AREA_STYLE_COLOUR ( '', #2312 ) ;
#516 = CARTESIAN_POINT ( 'NONE',  ( -2.609999999999999876, -1.220000000000000195, 3.311587955583269682 ) ) ;
#517 = ORIENTED_EDGE ( 'NONE', *, *, #1639, .T. ) ;
#518 = SURFACE_STYLE_FILL_AREA ( #45 ) ;
#519 = DIRECTION ( 'NONE',  ( 0.1736481776669235311, -0.9848077530122093526, 0.000000000000000000 ) ) ;
#520 = EDGE_CURVE ( 'NONE', #569, #2306, #2149, .T. ) ;
#521 = CARTESIAN_POINT ( 'NONE',  ( -1.969999999999999973, -1.140215771465813432, 2.859109110805095444 ) ) ;
#522 = VERTEX_POINT ( 'NONE', #752 ) ;
#523 = ORIENTED_EDGE ( 'NONE', *, *, #1741, .T. ) ;
#524 = DIRECTION ( 'NONE',  ( 0.000000000000000000, -0.5900736960010831700, -0.8073493873705617219 ) ) ;
#525 = DIRECTION ( 'NONE',  ( 0.000000000000000000, -0.8073493873705618329, -0.5900736960010829479 ) ) ;
#526 = VECTOR ( 'NONE', #226, 1000.000000000000000 ) ;
#527 = CARTESIAN_POINT ( 'NONE',  ( -0.3099999999999999978, -1.140215771465811878, 2.859109110805095444 ) ) ;
#528 = LINE ( 'NONE', #1461, #381 ) ;
#529 = AXIS2_PLACEMENT_3D ( 'NONE', #965, #47, #1699 ) ;
#530 = LINE ( 'NONE', #521, #12 ) ;
#531 = DIRECTION ( 'NONE',  ( 0.000000000000000000, 0.8073493873705618329, -0.5900736960010829479 ) ) ;
#532 = ORIENTED_EDGE ( 'NONE', *, *, #2233, .F. ) ;
#533 = SURFACE_STYLE_USAGE ( .BOTH. , #2174 ) ;
#534 = LINE ( 'NONE', #594, #470 ) ;
#535 = PRESENTATION_LAYER_ASSIGNMENT (  '', '', ( #406 ) ) ;
#536 = ORIENTED_EDGE ( 'NONE', *, *, #904, .F. ) ;
#537 = DIRECTION ( 'NONE',  ( 0.000000000000000000, 0.000000000000000000, 1.000000000000000000 ) ) ;
#538 =( GEOMETRIC_REPRESENTATION_CONTEXT ( 3 ) GLOBAL_UNCERTAINTY_ASSIGNED_CONTEXT ( ( #2087 ) ) GLOBAL_UNIT_ASSIGNED_CONTEXT ( ( #1529, #1323, #601 ) ) REPRESENTATION_CONTEXT ( 'NONE', 'WORKASPACE' ) );
#539 = LINE ( 'NONE', #1256, #1607 ) ;
#540 =( NAMED_UNIT ( * ) PLANE_ANGLE_UNIT ( ) SI_UNIT ( $, .RADIAN. ) );
#541 = PLANE ( 'NONE',  #1411 ) ;
#542 = VECTOR ( 'NONE', #309, 1000.000000000000000 ) ;
#543 = PLANE ( 'NONE',  #1703 ) ;
#544 = DIRECTION ( 'NONE',  ( 0.000000000000000000, 0.1736481776669240029, -0.9848077530122091305 ) ) ;
#545 = VECTOR ( 'NONE', #60, 1000.000000000000000 ) ;
#546 = ORIENTED_EDGE ( 'NONE', *, *, #1378, .T. ) ;
#547 = CARTESIAN_POINT ( 'NONE',  ( -0.3099999999999999978, -0.1699999999999930456, 1.549999999999999822 ) ) ;
#548 = DIRECTION ( 'NONE',  ( -1.000000000000000000, -0.000000000000000000, -0.000000000000000000 ) ) ;
#549 = CARTESIAN_POINT ( 'NONE',  ( -0.3099999999999999978, -0.1699999999999931011, 2.149999999999999911 ) ) ;
#550 = EDGE_CURVE ( 'NONE', #1233, #1662, #669, .T. ) ;
#551 = ORIENTED_EDGE ( 'NONE', *, *, #2216, .F. ) ;
#552 = EDGE_CURVE ( 'NONE', #2195, #104, #1528, .T. ) ;
#553 = DIRECTION ( 'NONE',  ( -1.000000000000000000, 0.000000000000000000, 0.000000000000000000 ) ) ;
#554 = LINE ( 'NONE', #1888, #613 ) ;
#555 = LINE ( 'NONE', #1128, #2119 ) ;
#556 = CARTESIAN_POINT ( 'NONE',  ( -1.969999999999999973, -0.9114819830089422315, 3.001587955583269185 ) ) ;
#557 = CARTESIAN_POINT ( 'NONE',  ( -1.969999999999999973, -0.1699999999999948219, 2.149999999999999911 ) ) ;
#558 = EDGE_CURVE ( 'NONE', #758, #1777, #555, .T. ) ;
#559 = VECTOR ( 'NONE', #2028, 1000.000000000000000 ) ;
#560 = ORIENTED_EDGE ( 'NONE', *, *, #275, .F. ) ;
#561 = STYLED_ITEM ( 'NONE', ( #932 ), #301 ) ;
#562 = ORIENTED_EDGE ( 'NONE', *, *, #985, .T. ) ;
#563 = LINE ( 'NONE', #1425, #82 ) ;
#564 = FACE_OUTER_BOUND ( 'NONE', #437, .T. ) ;
#565 = VECTOR ( 'NONE', #1763, 1000.000000000000000 ) ;
#566 = DIRECTION ( 'NONE',  ( 0.000000000000000000, -0.000000000000000000, -1.000000000000000000 ) ) ;
#567 = SURFACE_SIDE_STYLE ('',( #353 ) ) ;
#568 = ORIENTED_EDGE ( 'NONE', *, *, #2176, .F. ) ;
#569 = VERTEX_POINT ( 'NONE', #1289 ) ;
#570 = DIRECTION ( 'NONE',  ( 0.000000000000000000, -0.9848077530122092416, 0.1736481776669237809 ) ) ;
#571 = PRESENTATION_STYLE_ASSIGNMENT (( #845 ) ) ;
#572 = ORIENTED_EDGE ( 'NONE', *, *, #151, .F. ) ;
#573 = DIRECTION ( 'NONE',  ( -0.1710878697460287701, -0.9702875252478162516, -0.1710878697460292697 ) ) ;
#574 = ADVANCED_FACE ( 'NONE', ( #2298 ), #1116, .F. ) ;
#575 = CARTESIAN_POINT ( 'NONE',  ( 0.3300000000000000711, -0.9114819830089405661, 3.001587955583269185 ) ) ;
#576 = LINE ( 'NONE', #857, #1117 ) ;
#577 = VERTEX_POINT ( 'NONE', #2215 ) ;
#578 = CARTESIAN_POINT ( 'NONE',  ( -1.969999999999999973, -0.1699999999999947942, 1.550000000000000044 ) ) ;
#579 = VECTOR ( 'NONE', #228, 1000.000000000000000 ) ;
#580 = LINE ( 'NONE', #942, #41 ) ;
#581 = LINE ( 'NONE', #213, #240 ) ;
#582 = PLANE ( 'NONE',  #2224 ) ;
#583 = COLOUR_RGB ( '',1.000000000000000000, 1.000000000000000000, 1.000000000000000000 ) ;
#584 = VECTOR ( 'NONE', #1502, 1000.000000000000000 ) ;
#585 = EDGE_CURVE ( 'NONE', #1085, #2084, #2240, .T. ) ;
#586 =( GEOMETRIC_REPRESENTATION_CONTEXT ( 3 ) GLOBAL_UNCERTAINTY_ASSIGNED_CONTEXT ( ( #1089 ) ) GLOBAL_UNIT_ASSIGNED_CONTEXT ( ( #1740, #473, #661 ) ) REPRESENTATION_CONTEXT ( 'NONE', 'WORKASPACE' ) );
#587 = ORIENTED_EDGE ( 'NONE', *, *, #510, .F. ) ;
#588 = DIRECTION ( 'NONE',  ( 1.000000000000000000, -0.000000000000000000, -0.000000000000000000 ) ) ;
#589 = EDGE_LOOP ( 'NONE', ( #330, #1896, #1759, #1374 ) ) ;
#590 = CARTESIAN_POINT ( 'NONE',  ( 1.475000000000000089, -1.140215771465813432, -2.859109110805095444 ) ) ;
#591 = ORIENTED_EDGE ( 'NONE', *, *, #1282, .T. ) ;
#592 = LINE ( 'NONE', #1609, #1271 ) ;
#593 = PLANE ( 'NONE',  #1353 ) ;
#594 = CARTESIAN_POINT ( 'NONE',  ( 1.475000000000000089, -0.1699999999999947942, -3.354999999999999982 ) ) ;
#595 = EDGE_CURVE ( 'NONE', #2306, #1952, #1036, .T. ) ;
#596 = VECTOR ( 'NONE', #175, 1000.000000000000000 ) ;
#597 = DIRECTION ( 'NONE',  ( 0.000000000000000000, -0.000000000000000000, 1.000000000000000000 ) ) ;
#598 = DIRECTION ( 'NONE',  ( -0.000000000000000000, -0.000000000000000000, 1.000000000000000000 ) ) ;
#599 = EDGE_CURVE ( 'NONE', #1576, #577, #617, .T. ) ;
#600 = UNCERTAINTY_MEASURE_WITH_UNIT (LENGTH_MEASURE( 1.000000000000000082E-05 ), #215, 'distance_accuracy_value', 'NONE');
#601 =( NAMED_UNIT ( * ) SI_UNIT ( $, .STERADIAN. ) SOLID_ANGLE_UNIT ( ) );
#602 = ADVANCED_FACE ( 'NONE', ( #1347 ), #735, .F. ) ;
#603 = DIRECTION ( 'NONE',  ( -0.000000000000000000, -0.000000000000000000, 1.000000000000000000 ) ) ;
#604 = APPLICATION_PROTOCOL_DEFINITION ( 'draft international standard', 'automotive_design', 1998, #954 ) ;
#605 = SURFACE_STYLE_USAGE ( .BOTH. , #420 ) ;
#606 = DIRECTION ( 'NONE',  ( -1.000000000000000000, 0.000000000000000000, 0.000000000000000000 ) ) ;
#607 = PLANE ( 'NONE',  #2147 ) ;
#608 = AXIS2_PLACEMENT_3D ( 'NONE', #1491, #402, #1668 ) ;
#609 = ORIENTED_EDGE ( 'NONE', *, *, #1932, .T. ) ;
#610 = DIRECTION ( 'NONE',  ( -1.000000000000000000, -0.000000000000000000, -0.000000000000000000 ) ) ;
#611 = CARTESIAN_POINT ( 'NONE',  ( -2.609999999999999876, -0.1699999999999947942, 1.550000000000000044 ) ) ;
#612 = EDGE_CURVE ( 'NONE', #1681, #184, #920, .T. ) ;
#613 = VECTOR ( 'NONE', #54, 1000.000000000000000 ) ;
#614 = VECTOR ( 'NONE', #2197, 1000.000000000000000 ) ;
#615 = FILL_AREA_STYLE_COLOUR ( '', #740 ) ;
#616 = AXIS2_PLACEMENT_3D ( 'NONE', #97, #1197, #1750 ) ;
#617 = LINE ( 'NONE', #209, #559 ) ;
#618 = ADVANCED_FACE ( 'NONE', ( #1239 ), #234, .F. ) ;
#619 = EDGE_CURVE ( 'NONE', #1006, #1233, #1978, .T. ) ;
#620 = ORIENTED_EDGE ( 'NONE', *, *, #1695, .T. ) ;
#621 = EDGE_LOOP ( 'NONE', ( #501, #2234, #1053, #827 ) ) ;
#622 =( LENGTH_UNIT ( ) NAMED_UNIT ( * ) SI_UNIT ( .MILLI., .METRE. ) );
#623 = CARTESIAN_POINT ( 'NONE',  ( 2.629999999999999893, 0.08000000000000873079, 3.355000000000000426 ) ) ;
#624 = DIRECTION ( 'NONE',  ( 0.000000000000000000, 1.000000000000000000, 0.000000000000000000 ) ) ;
#625 = DIRECTION ( 'NONE',  ( -0.000000000000000000, -0.000000000000000000, -1.000000000000000000 ) ) ;
#626 = VERTEX_POINT ( 'NONE', #1483 ) ;
#627 = PRODUCT_DEFINITION_SHAPE ( 'NONE', 'NONE',  #2034 ) ;
#628 = VECTOR ( 'NONE', #359, 1000.000000000000000 ) ;
#629 = LINE ( 'NONE', #99, #1327 ) ;
#630 = DIRECTION ( 'NONE',  ( 0.000000000000000000, -0.000000000000000000, -1.000000000000000000 ) ) ;
#631 = ADVANCED_FACE ( 'NONE', ( #818 ), #1715, .F. ) ;
#632 = CARTESIAN_POINT ( 'NONE',  ( 0.3300000000000000711, -0.9737980617469460531, 3.355000000000000426 ) ) ;
#633 = AXIS2_PLACEMENT_3D ( 'NONE', #894, #350, #2357 ) ;
#634 = FACE_OUTER_BOUND ( 'NONE', #727, .T. ) ;
#635 = FACE_OUTER_BOUND ( 'NONE', #2359, .T. ) ;
#636 = EDGE_LOOP ( 'NONE', ( #546, #2165, #2009, #2172 ) ) ;
#637 = DIRECTION ( 'NONE',  ( 0.000000000000000000, 0.8073493873705618329, -0.5900736960010829479 ) ) ;
#638 = ORIENTED_EDGE ( 'NONE', *, *, #484, .F. ) ;
#639 = ORIENTED_EDGE ( 'NONE', *, *, #93, .F. ) ;
#640 = DIRECTION ( 'NONE',  ( 0.000000000000000000, 0.1736481776669240029, -0.9848077530122091305 ) ) ;
#641 = CARTESIAN_POINT ( 'NONE',  ( -1.969999999999999973, -1.220000000000000195, 3.311587955583269682 ) ) ;
#642 = COLOUR_RGB ( '',1.000000000000000000, 1.000000000000000000, 1.000000000000000000 ) ;
#643 = ORIENTED_EDGE ( 'NONE', *, *, #753, .T. ) ;
#644 = VECTOR ( 'NONE', #1816, 1000.000000000000227 ) ;
#645 = LINE ( 'NONE', #50, #1157 ) ;
#646 = EDGE_CURVE ( 'NONE', #522, #468, #649, .T. ) ;
#647 = CARTESIAN_POINT ( 'NONE',  ( 2.629999999999999893, -0.1699999999999913247, 1.549999999999999600 ) ) ;
#648 = PRESENTATION_STYLE_ASSIGNMENT (( #1357 ) ) ;
#649 = LINE ( 'NONE', #1317, #1727 ) ;
#650 = CARTESIAN_POINT ( 'NONE',  ( 0.3300000000000000711, -1.140215771465811878, 2.859109110805095444 ) ) ;
#651 = UNCERTAINTY_MEASURE_WITH_UNIT (LENGTH_MEASURE( 1.000000000000000082E-05 ), #1736, 'distance_accuracy_value', 'NONE');
#652 = EDGE_LOOP ( 'NONE', ( #1605, #2001, #88, #1162 ) ) ;
#653 = ORIENTED_EDGE ( 'NONE', *, *, #14, .F. ) ;
#654 =( NAMED_UNIT ( * ) PLANE_ANGLE_UNIT ( ) SI_UNIT ( $, .RADIAN. ) );
#655 = VERTEX_POINT ( 'NONE', #2037 ) ;
#656 = CARTESIAN_POINT ( 'NONE',  ( 1.989999999999999991, -0.9737980617469443878, 3.354999999999999982 ) ) ;
#657 = FACE_OUTER_BOUND ( 'NONE', #665, .T. ) ;
#658 = AXIS2_PLACEMENT_3D ( 'NONE', #2039, #1302, #597 ) ;
#659 = STYLED_ITEM ( 'NONE', ( #28 ), #1679 ) ;
#660 = VERTEX_POINT ( 'NONE', #2050 ) ;
#661 =( NAMED_UNIT ( * ) SI_UNIT ( $, .STERADIAN. ) SOLID_ANGLE_UNIT ( ) );
#662 =( NAMED_UNIT ( * ) PLANE_ANGLE_UNIT ( ) SI_UNIT ( $, .RADIAN. ) );
#663 = ORIENTED_EDGE ( 'NONE', *, *, #1998, .F. ) ;
#664 = STYLED_ITEM ( 'NONE', ( #193 ), #1179 ) ;
#665 = EDGE_LOOP ( 'NONE', ( #176, #1419, #1700, #2278 ) ) ;
#666 = DIRECTION ( 'NONE',  ( 0.000000000000000000, -0.8073493873705617219, 0.5900736960010831700 ) ) ;
#667 = DIRECTION ( 'NONE',  ( 0.000000000000000000, -0.9848077530122093526, -0.1736481776669235033 ) ) ;
#668 = VECTOR ( 'NONE', #757, 1000.000000000000000 ) ;
#669 = LINE ( 'NONE', #391, #614 ) ;
#670 = CARTESIAN_POINT ( 'NONE',  ( 0.3300000000000000711, 0.08000000000000699607, 1.549999999999999600 ) ) ;
#671 = LINE ( 'NONE', #1770, #1434 ) ;
#672 = EDGE_CURVE ( 'NONE', #143, #1681, #1187, .T. ) ;
#673 = VERTEX_POINT ( 'NONE', #79 ) ;
#674 = CARTESIAN_POINT ( 'NONE',  ( -0.3099999999999999978, -0.9737980617469460531, 3.355000000000000426 ) ) ;
#675 = EDGE_CURVE ( 'NONE', #626, #1085, #1660, .T. ) ;
#676 = VERTEX_POINT ( 'NONE', #611 ) ;
#677 = CARTESIAN_POINT ( 'NONE',  ( -1.969999999999999973, -0.1699999999999948219, 2.149999999999999911 ) ) ;
#678 = EDGE_CURVE ( 'NONE', #1662, #1525, #1919, .T. ) ;
#679 = PRESENTATION_STYLE_ASSIGNMENT (( #1249 ) ) ;
#680 = DIRECTION ( 'NONE',  ( 0.000000000000000000, 0.000000000000000000, 1.000000000000000000 ) ) ;
#681 = LINE ( 'NONE', #1897, #1641 ) ;
#682 = SURFACE_STYLE_USAGE ( .BOTH. , #1219 ) ;
#683 = DIRECTION ( 'NONE',  ( 2.117582368135750848E-17, 1.000000000000000000, -0.000000000000000000 ) ) ;
#684 = ORIENTED_EDGE ( 'NONE', *, *, #461, .F. ) ;
#685 = PRESENTATION_LAYER_ASSIGNMENT (  '', '', ( #561 ) ) ;
#686 = VERTEX_POINT ( 'NONE', #1698 ) ;
#687 = CARTESIAN_POINT ( 'NONE',  ( -1.475000000000000089, -1.140215771465813432, -2.859109110805095444 ) ) ;
#688 = SURFACE_SIDE_STYLE ('',( #2219 ) ) ;
#689 = DIRECTION ( 'NONE',  ( 0.000000000000000000, 0.1736481776669235033, -0.9848077530122093526 ) ) ;
#690 = VERTEX_POINT ( 'NONE', #1510 ) ;
#691 = ORIENTED_EDGE ( 'NONE', *, *, #1081, .F. ) ;
#692 = DIRECTION ( 'NONE',  ( 0.000000000000000000, -0.8073493873705617219, 0.5900736960010831700 ) ) ;
#693 = ORIENTED_EDGE ( 'NONE', *, *, #393, .T. ) ;
#694 = LINE ( 'NONE', #2053, #526 ) ;
#695 = DIRECTION ( 'NONE',  ( -1.000000000000000000, -0.000000000000000000, -0.000000000000000000 ) ) ;
#696 = FACE_OUTER_BOUND ( 'NONE', #431, .T. ) ;
#697 = DIRECTION ( 'NONE',  ( -0.000000000000000000, -0.000000000000000000, 1.000000000000000000 ) ) ;
#698 = VERTEX_POINT ( 'NONE', #796 ) ;
#699 = UNCERTAINTY_MEASURE_WITH_UNIT (LENGTH_MEASURE( 1.000000000000000082E-05 ), #2005, 'distance_accuracy_value', 'NONE');
#700 = CARTESIAN_POINT ( 'NONE',  ( -2.609999999999999876, 0.08000000000000521971, 1.605918254822884972 ) ) ;
#701 = ORIENTED_EDGE ( 'NONE', *, *, #430, .F. ) ;
#702 = VERTEX_POINT ( 'NONE', #1156 ) ;
#703 = DIRECTION ( 'NONE',  ( 0.000000000000000000, -0.1736481776669234756, 0.9848077530122092416 ) ) ;
#704 = EDGE_CURVE ( 'NONE', #112, #75, #2358, .T. ) ;
#705 = MECHANICAL_DESIGN_GEOMETRIC_PRESENTATION_REPRESENTATION (  '', ( #1585 ), #829 ) ;
#706 = DIRECTION ( 'NONE',  ( -1.000000000000000000, 0.000000000000000000, 0.000000000000000000 ) ) ;
#707 = LINE ( 'NONE', #1608, #628 ) ;
#708 = COLOUR_RGB ( '',1.000000000000000000, 1.000000000000000000, 1.000000000000000000 ) ;
#709 = CARTESIAN_POINT ( 'NONE',  ( 2.629999999999999893, -0.9114819830089387898, 3.001587955583268741 ) ) ;
#710 = LINE ( 'NONE', #1175, #1277 ) ;
#711 = LINE ( 'NONE', #813, #1775 ) ;
#712 = VECTOR ( 'NONE', #610, 1000.000000000000000 ) ;
#713 = PLANE ( 'NONE',  #1191 ) ;
#714 = EDGE_LOOP ( 'NONE', ( #2223, #320, #355, #1250, #1268, #701, #1718, #125 ) ) ;
#715 =( GEOMETRIC_REPRESENTATION_CONTEXT ( 3 ) GLOBAL_UNCERTAINTY_ASSIGNED_CONTEXT ( ( #822 ) ) GLOBAL_UNIT_ASSIGNED_CONTEXT ( ( #2295, #662, #1207 ) ) REPRESENTATION_CONTEXT ( 'NONE', 'WORKASPACE' ) );
#716 = EDGE_CURVE ( 'NONE', #188, #1405, #534, .T. ) ;
#717 = CARTESIAN_POINT ( 'NONE',  ( -2.609999999999999876, 0.08000000000000513645, 2.276935844137441656 ) ) ;
#718 = VERTEX_POINT ( 'NONE', #2256 ) ;
#719 = CARTESIAN_POINT ( 'NONE',  ( 1.989999999999999991, -1.219999999999996643, 3.311587955583269238 ) ) ;
#720 = CARTESIAN_POINT ( 'NONE',  ( -1.969999999999999973, -1.140215771465813432, 2.859109110805095444 ) ) ;
#721 = EDGE_LOOP ( 'NONE', ( #1034, #373, #1899, #1098, #620, #230, #2096, #2020 ) ) ;
#722 = CARTESIAN_POINT ( 'NONE',  ( 1.475000000000000089, 0.2770404910104690144, -1.571174699965697696 ) ) ;
#723 = LINE ( 'NONE', #742, #1260 ) ;
#724 = VECTOR ( 'NONE', #1833, 1000.000000000000000 ) ;
#725 = LINE ( 'NONE', #1333, #297 ) ;
#726 = CARTESIAN_POINT ( 'NONE',  ( 2.629999999999999893, 0.08000000000000873079, 3.355000000000000426 ) ) ;
#727 = EDGE_LOOP ( 'NONE', ( #2180, #861, #2319, #1849 ) ) ;
#728 = CARTESIAN_POINT ( 'NONE',  ( 0.3300000000000000711, 0.08000000000000699607, 1.549999999999999822 ) ) ;
#729 = AXIS2_PLACEMENT_3D ( 'NONE', #2331, #1427, #1232 ) ;
#730 = ORIENTED_EDGE ( 'NONE', *, *, #2353, .T. ) ;
#731 = DIRECTION ( 'NONE',  ( -0.000000000000000000, 1.000000000000000000, -0.000000000000000000 ) ) ;
#732 = ORIENTED_EDGE ( 'NONE', *, *, #2311, .F. ) ;
#733 = CARTESIAN_POINT ( 'NONE',  ( -3.150000000000000355, -0.1699999999999994571, 1.649999999999999911 ) ) ;
#734 = FILL_AREA_STYLE ('',( #1633 ) ) ;
#735 = PLANE ( 'NONE',  #608 ) ;
#736 = DIRECTION ( 'NONE',  ( 0.000000000000000000, 1.000000000000000000, 0.000000000000000000 ) ) ;
#737 =( GEOMETRIC_REPRESENTATION_CONTEXT ( 3 ) GLOBAL_UNCERTAINTY_ASSIGNED_CONTEXT ( ( #699 ) ) GLOBAL_UNIT_ASSIGNED_CONTEXT ( ( #2005, #2017, #903 ) ) REPRESENTATION_CONTEXT ( 'NONE', 'WORKASPACE' ) );
#738 = PLANE ( 'NONE',  #296 ) ;
#739 = COLOUR_RGB ( '',1.000000000000000000, 1.000000000000000000, 1.000000000000000000 ) ;
#740 = COLOUR_RGB ( '',1.000000000000000000, 1.000000000000000000, 1.000000000000000000 ) ;
#741 = ORIENTED_EDGE ( 'NONE', *, *, #906, .T. ) ;
#742 = CARTESIAN_POINT ( 'NONE',  ( -3.150000000000000355, -0.1699999999999994571, 1.649999999999999911 ) ) ;
#743 = ORIENTED_EDGE ( 'NONE', *, *, #766, .T. ) ;
#744 = PLANE ( 'NONE',  #118 ) ;
#745 = UNCERTAINTY_MEASURE_WITH_UNIT (LENGTH_MEASURE( 1.000000000000000082E-05 ), #90, 'distance_accuracy_value', 'NONE');
#746 = DIRECTION ( 'NONE',  ( -1.000000000000000000, -0.000000000000000000, -0.000000000000000000 ) ) ;
#747 = DIRECTION ( 'NONE',  ( -1.000000000000000000, -0.000000000000000000, -0.000000000000000000 ) ) ;
#748 = ORIENTED_EDGE ( 'NONE', *, *, #2106, .F. ) ;
#749 = CARTESIAN_POINT ( 'NONE',  ( -1.969999999999999973, 0.08000000000000513645, 2.276935844137441656 ) ) ;
#750 = ORIENTED_EDGE ( 'NONE', *, *, #1282, .F. ) ;
#751 = LINE ( 'NONE', #2183, #1973 ) ;
#752 = CARTESIAN_POINT ( 'NONE',  ( 3.017754764468656425, 0.5800000000000045119, -1.517754764468655981 ) ) ;
#753 = EDGE_CURVE ( 'NONE', #2154, #1813, #1375, .T. ) ;
#754 = VECTOR ( 'NONE', #409, 1000.000000000000000 ) ;
#755 = DIRECTION ( 'NONE',  ( 0.000000000000000000, 0.000000000000000000, -1.000000000000000000 ) ) ;
#756 = VERTEX_POINT ( 'NONE', #776 ) ;
#757 = DIRECTION ( 'NONE',  ( -0.000000000000000000, 0.9848077530122092416, -0.1736481776669237809 ) ) ;
#758 = VERTEX_POINT ( 'NONE', #2227 ) ;
#759 = DIRECTION ( 'NONE',  ( 0.000000000000000000, 0.000000000000000000, 1.000000000000000000 ) ) ;
#760 = CARTESIAN_POINT ( 'NONE',  ( 2.629999999999999893, -1.140215771465810102, 2.859109110805095000 ) ) ;
#761 = EDGE_CURVE ( 'NONE', #345, #676, #725, .T. ) ;
#762 = CARTESIAN_POINT ( 'NONE',  ( 1.989999999999999991, 0.08000000000000860589, 2.276935844137441212 ) ) ;
#763 = CARTESIAN_POINT ( 'NONE',  ( -1.475000000000000089, -0.1699999999999947942, -3.354999999999999982 ) ) ;
#764 = VECTOR ( 'NONE', #1087, 1000.000000000000000 ) ;
#765 = LINE ( 'NONE', #1985, #222 ) ;
#766 = EDGE_CURVE ( 'NONE', #145, #87, #2120, .T. ) ;
#767 = LINE ( 'NONE', #229, #2189 ) ;
#768 = DIRECTION ( 'NONE',  ( -1.000000000000000000, 0.000000000000000000, 0.000000000000000000 ) ) ;
#769 = DIRECTION ( 'NONE',  ( 0.000000000000000000, 0.9848077530122093526, 0.1736481776669230315 ) ) ;
#770 = CARTESIAN_POINT ( 'NONE',  ( -0.3099999999999999978, -0.9114819830089405661, 3.001587955583269185 ) ) ;
#771 =( LENGTH_UNIT ( ) NAMED_UNIT ( * ) SI_UNIT ( .MILLI., .METRE. ) );
#772 = ORIENTED_EDGE ( 'NONE', *, *, #20, .F. ) ;
#773 = UNCERTAINTY_MEASURE_WITH_UNIT (LENGTH_MEASURE( 1.000000000000000082E-05 ), #1934, 'distance_accuracy_value', 'NONE');
#774 = MECHANICAL_DESIGN_GEOMETRIC_PRESENTATION_REPRESENTATION (  '', ( #811 ), #1023 ) ;
#775 =( NAMED_UNIT ( * ) SI_UNIT ( $, .STERADIAN. ) SOLID_ANGLE_UNIT ( ) );
#776 = CARTESIAN_POINT ( 'NONE',  ( -3.077705937909532619, -0.5800000000000001821, -1.577705937909532175 ) ) ;
#777 = ORIENTED_EDGE ( 'NONE', *, *, #1739, .F. ) ;
#778 = ORIENTED_EDGE ( 'NONE', *, *, #1000, .F. ) ;
#779 = PRODUCT_CONTEXT ( 'NONE', #1850, 'mechanical' ) ;
#780 = CARTESIAN_POINT ( 'NONE',  ( 1.475000000000000089, -0.1700000000000012612, -1.649999999999999911 ) ) ;
#781 = MECHANICAL_DESIGN_GEOMETRIC_PRESENTATION_REPRESENTATION (  '', ( #1964 ), #1262 ) ;
#782 = ORIENTED_EDGE ( 'NONE', *, *, #471, .T. ) ;
#783 = ADVANCED_FACE ( 'NONE', ( #243 ), #1859, .F. ) ;
#784 = FACE_OUTER_BOUND ( 'NONE', #1683, .T. ) ;
#785 = LINE ( 'NONE', #557, #498 ) ;
#786 = LINE ( 'NONE', #258, #1625 ) ;
#787 = FACE_OUTER_BOUND ( 'NONE', #1349, .T. ) ;
#788 = SURFACE_STYLE_USAGE ( .BOTH. , #986 ) ;
#789 = DIRECTION ( 'NONE',  ( -1.000000000000000000, -0.000000000000000000, -0.000000000000000000 ) ) ;
#790 = AXIS2_PLACEMENT_3D ( 'NONE', #91, #1361, #1382 ) ;
#791 = ORIENTED_EDGE ( 'NONE', *, *, #599, .T. ) ;
#792 = PLANE ( 'NONE',  #2345 ) ;
#793 = ORIENTED_EDGE ( 'NONE', *, *, #1339, .T. ) ;
#794 = ORIENTED_EDGE ( 'NONE', *, *, #979, .T. ) ;
#795 = CARTESIAN_POINT ( 'NONE',  ( -1.969999999999999973, -1.220000000000000195, 3.311587955583269682 ) ) ;
#796 = CARTESIAN_POINT ( 'NONE',  ( 2.629999999999999893, -0.9114819830089387898, 3.001587955583268741 ) ) ;
#797 = FACE_OUTER_BOUND ( 'NONE', #1893, .T. ) ;
#798 = EDGE_CURVE ( 'NONE', #2036, #104, #786, .T. ) ;
#799 = DIRECTION ( 'NONE',  ( -1.000000000000000000, -0.000000000000000000, -0.000000000000000000 ) ) ;
#800 = FILL_AREA_STYLE ('',( #1879 ) ) ;
#801 = DIRECTION ( 'NONE',  ( 0.000000000000000000, 0.5900736960010831700, -0.8073493873705617219 ) ) ;
#802 = EDGE_CURVE ( 'NONE', #456, #655, #2059, .T. ) ;
#803 = ORIENTED_EDGE ( 'NONE', *, *, #1452, .T. ) ;
#804 = DIRECTION ( 'NONE',  ( -0.000000000000000000, 1.000000000000000000, 0.000000000000000000 ) ) ;
#805 = DIRECTION ( 'NONE',  ( -0.000000000000000000, -0.000000000000000000, -1.000000000000000000 ) ) ;
#806 = VERTEX_POINT ( 'NONE', #225 ) ;
#807 = ADVANCED_FACE ( 'NONE', ( #1364 ), #1546, .F. ) ;
#808 = LINE ( 'NONE', #2140, #1817 ) ;
#809 = ORIENTED_EDGE ( 'NONE', *, *, #387, .F. ) ;
#810 = VECTOR ( 'NONE', #466, 1000.000000000000000 ) ;
#811 = STYLED_ITEM ( 'NONE', ( #244 ), #574 ) ;
#812 = CARTESIAN_POINT ( 'NONE',  ( 2.629999999999999893, 0.08000000000000873079, 3.355000000000000426 ) ) ;
#813 = CARTESIAN_POINT ( 'NONE',  ( 0.3300000000000000711, -0.9737980617469460531, 3.355000000000000426 ) ) ;
#814 = VECTOR ( 'NONE', #736, 1000.000000000000000 ) ;
#815 = FILL_AREA_STYLE_COLOUR ( '', #930 ) ;
#816 = LINE ( 'NONE', #1123, #154 ) ;
#817 = ORIENTED_EDGE ( 'NONE', *, *, #1240, .F. ) ;
#818 = FACE_OUTER_BOUND ( 'NONE', #1589, .T. ) ;
#819 = EDGE_LOOP ( 'NONE', ( #2100, #691, #882, #26 ) ) ;
#820 = CARTESIAN_POINT ( 'NONE',  ( -0.3099999999999999978, -1.219999999999998419, 3.311587955583269682 ) ) ;
#821 = DIRECTION ( 'NONE',  ( 0.000000000000000000, 0.1736481776669235588, 0.9848077530122092416 ) ) ;
#822 = UNCERTAINTY_MEASURE_WITH_UNIT (LENGTH_MEASURE( 1.000000000000000082E-05 ), #2295, 'distance_accuracy_value', 'NONE');
#823 = ORIENTED_EDGE ( 'NONE', *, *, #2231, .T. ) ;
#824 = FACE_OUTER_BOUND ( 'NONE', #1778, .T. ) ;
#825 = PRESENTATION_LAYER_ASSIGNMENT (  '', '', ( #1869 ) ) ;
#826 = CARTESIAN_POINT ( 'NONE',  ( 1.475000000000000089, -0.1699999999999947942, -1.550000000000000044 ) ) ;
#827 = ORIENTED_EDGE ( 'NONE', *, *, #2051, .T. ) ;
#828 = VECTOR ( 'NONE', #1537, 1000.000000000000000 ) ;
#829 =( GEOMETRIC_REPRESENTATION_CONTEXT ( 3 ) GLOBAL_UNCERTAINTY_ASSIGNED_CONTEXT ( ( #1124 ) ) GLOBAL_UNIT_ASSIGNED_CONTEXT ( ( #2130, #127, #863 ) ) REPRESENTATION_CONTEXT ( 'NONE', 'WORKASPACE' ) );
#830 = FILL_AREA_STYLE ('',( #1011 ) ) ;
#831 = VERTEX_POINT ( 'NONE', #632 ) ;
#832 = CARTESIAN_POINT ( 'NONE',  ( -1.475000000000000089, -0.9114819830089423425, -3.001587955583269629 ) ) ;
#833 = DIRECTION ( 'NONE',  ( -1.000000000000000000, 2.117582368135750848E-17, 0.000000000000000000 ) ) ;
#834 = ORIENTED_EDGE ( 'NONE', *, *, #2155, .F. ) ;
#835 = ORIENTED_EDGE ( 'NONE', *, *, #1730, .F. ) ;
#836 = FACE_OUTER_BOUND ( 'NONE', #714, .T. ) ;
#837 = DIRECTION ( 'NONE',  ( 0.000000000000000000, 0.1736481776669235033, -0.9848077530122093526 ) ) ;
#838 = EDGE_CURVE ( 'NONE', #831, #1340, #711, .T. ) ;
#839 = CARTESIAN_POINT ( 'NONE',  ( -0.3099999999999999423, 0.08000000000000698219, 1.605918254822884528 ) ) ;
#840 = FILL_AREA_STYLE ('',( #1941 ) ) ;
#841 = ORIENTED_EDGE ( 'NONE', *, *, #1447, .T. ) ;
#842 = EDGE_CURVE ( 'NONE', #1646, #388, #410, .T. ) ;
#843 = ORIENTED_EDGE ( 'NONE', *, *, #672, .T. ) ;
#844 = ADVANCED_FACE ( 'NONE', ( #1723 ), #1989, .F. ) ;
#845 = SURFACE_STYLE_USAGE ( .BOTH. , #117 ) ;
#846 = MECHANICAL_DESIGN_GEOMETRIC_PRESENTATION_REPRESENTATION (  '', ( #975 ), #1211 ) ;
#847 =( NAMED_UNIT ( * ) PLANE_ANGLE_UNIT ( ) SI_UNIT ( $, .RADIAN. ) );
#848 = PLANE ( 'NONE',  #245 ) ;
#849 = COLOUR_RGB ( '',1.000000000000000000, 1.000000000000000000, 1.000000000000000000 ) ;
#850 = VECTOR ( 'NONE', #1557, 1000.000000000000000 ) ;
#851 = DIRECTION ( 'NONE',  ( 0.000000000000000000, 0.000000000000000000, 1.000000000000000000 ) ) ;
#852 = PRESENTATION_LAYER_ASSIGNMENT (  '', '', ( #2089 ) ) ;
#853 = ORIENTED_EDGE ( 'NONE', *, *, #1566, .T. ) ;
#854 = CARTESIAN_POINT ( 'NONE',  ( 1.989999999999999991, -0.1699999999999994571, 1.649999999999999911 ) ) ;
#855 = DIRECTION ( 'NONE',  ( 0.000000000000000000, -9.035018104045870694E-17, 1.000000000000000000 ) ) ;
#856 = EDGE_CURVE ( 'NONE', #2343, #188, #2093, .T. ) ;
#857 = CARTESIAN_POINT ( 'NONE',  ( 1.989999999999999991, 0.08000000000000873079, 1.549999999999999600 ) ) ;
#858 = VECTOR ( 'NONE', #1445, 1000.000000000000000 ) ;
#859 = PRESENTATION_LAYER_ASSIGNMENT (  '', '', ( #172 ) ) ;
#860 = ORIENTED_EDGE ( 'NONE', *, *, #2055, .F. ) ;
#861 = ORIENTED_EDGE ( 'NONE', *, *, #2354, .F. ) ;
#862 = ORIENTED_EDGE ( 'NONE', *, *, #199, .T. ) ;
#863 =( NAMED_UNIT ( * ) SI_UNIT ( $, .STERADIAN. ) SOLID_ANGLE_UNIT ( ) );
#864 = SURFACE_STYLE_USAGE ( .BOTH. , #1204 ) ;
#865 = LINE ( 'NONE', #370, #2271 ) ;
#866 = LINE ( 'NONE', #2108, #327 ) ;
#867 = ADVANCED_FACE ( 'NONE', ( #1992 ), #2163, .F. ) ;
#868 = ORIENTED_EDGE ( 'NONE', *, *, #430, .T. ) ;
#869 = SURFACE_STYLE_USAGE ( .BOTH. , #160 ) ;
#870 = ORIENTED_EDGE ( 'NONE', *, *, #216, .T. ) ;
#871 = VERTEX_POINT ( 'NONE', #1829 ) ;
#872 = DIRECTION ( 'NONE',  ( -1.000000000000000000, 0.000000000000000000, 0.000000000000000000 ) ) ;
#873 = EDGE_LOOP ( 'NONE', ( #1238, #1548, #1904, #2291 ) ) ;
#874 = LINE ( 'NONE', #556, #1048 ) ;
#875 = VECTOR ( 'NONE', #489, 1000.000000000000227 ) ;
#876 = CARTESIAN_POINT ( 'NONE',  ( 0.3300000000000000711, -1.219999999999998419, 3.311587955583269682 ) ) ;
#877 = DIRECTION ( 'NONE',  ( -0.000000000000000000, 0.9848077530122092416, 0.1736481776669240307 ) ) ;
#878 = FACE_OUTER_BOUND ( 'NONE', #2068, .T. ) ;
#879 = LINE ( 'NONE', #1167, #25 ) ;
#880 = DIRECTION ( 'NONE',  ( 1.000000000000000000, -0.000000000000000000, -0.000000000000000000 ) ) ;
#881 = EDGE_CURVE ( 'NONE', #1646, #274, #2078, .T. ) ;
#882 = ORIENTED_EDGE ( 'NONE', *, *, #1741, .F. ) ;
#883 = CARTESIAN_POINT ( 'NONE',  ( -1.969999999999999973, -0.1699999999999947942, 1.550000000000000044 ) ) ;
#884 = MANIFOLD_SOLID_BREP ( 'Cut-Extrude4', #992 ) ;
#885 = CARTESIAN_POINT ( 'NONE',  ( -3.150000000000000355, -0.1700000000000012612, -1.649999999999999911 ) ) ;
#886 = ORIENTED_EDGE ( 'NONE', *, *, #1805, .F. ) ;
#887 = ORIENTED_EDGE ( 'NONE', *, *, #1998, .T. ) ;
#888 = FACE_OUTER_BOUND ( 'NONE', #278, .T. ) ;
#889 = CARTESIAN_POINT ( 'NONE',  ( 0.3300000000000000711, -0.9737980617469460531, 3.355000000000000426 ) ) ;
#890 = LINE ( 'NONE', #1565, #1161 ) ;
#891 = CARTESIAN_POINT ( 'NONE',  ( 1.475000000000000089, -1.220000000000000195, -3.311587955583269682 ) ) ;
#892 = ORIENTED_EDGE ( 'NONE', *, *, #490, .F. ) ;
#893 = ORIENTED_EDGE ( 'NONE', *, *, #2279, .T. ) ;
#894 = CARTESIAN_POINT ( 'NONE',  ( -1.969999999999999973, -1.140215771465813432, 2.859109110805095444 ) ) ;
#895 = FILL_AREA_STYLE ('',( #1070 ) ) ;
#896 = AXIS2_PLACEMENT_3D ( 'NONE', #316, #1236, #1246 ) ;
#897 = DIRECTION ( 'NONE',  ( -0.000000000000000000, -0.000000000000000000, 1.000000000000000000 ) ) ;
#898 = FACE_OUTER_BOUND ( 'NONE', #1774, .T. ) ;
#899 = PRESENTATION_STYLE_ASSIGNMENT (( #605 ) ) ;
#900 = LINE ( 'NONE', #408, #227 ) ;
#901 = EDGE_LOOP ( 'NONE', ( #959, #2156, #204, #572, #2348, #772, #1002, #536 ) ) ;
#902 = CARTESIAN_POINT ( 'NONE',  ( 2.629999999999999893, -0.1699999999999913525, 2.149999999999999467 ) ) ;
#903 =( NAMED_UNIT ( * ) SI_UNIT ( $, .STERADIAN. ) SOLID_ANGLE_UNIT ( ) );
#904 = EDGE_CURVE ( 'NONE', #324, #1109, #396, .T. ) ;
#905 = ORIENTED_EDGE ( 'NONE', *, *, #1093, .F. ) ;
#906 = EDGE_CURVE ( 'NONE', #1674, #577, #1477, .T. ) ;
#907 = CARTESIAN_POINT ( 'NONE',  ( -3.025944165555133125, 0.5335555985047097938, -1.649999999999999911 ) ) ;
#908 = LINE ( 'NONE', #1594, #1454 ) ;
#909 = ORIENTED_EDGE ( 'NONE', *, *, #61, .T. ) ;
#910 = DIRECTION ( 'NONE',  ( 0.1736481776669245303, -0.9848077530122091305, 0.000000000000000000 ) ) ;
#911 = EDGE_CURVE ( 'NONE', #1280, #626, #1223, .T. ) ;
#912 = UNCERTAINTY_MEASURE_WITH_UNIT (LENGTH_MEASURE( 1.000000000000000082E-05 ), #1100, 'distance_accuracy_value', 'NONE');
#913 = SURFACE_SIDE_STYLE ('',( #379 ) ) ;
#914 = COLOUR_RGB ( '',1.000000000000000000, 1.000000000000000000, 1.000000000000000000 ) ;
#915 = CARTESIAN_POINT ( 'NONE',  ( 1.989999999999999991, 0.08000000000000873079, 1.549999999999999600 ) ) ;
#916 = FACE_OUTER_BOUND ( 'NONE', #1544, .T. ) ;
#917 = DIRECTION ( 'NONE',  ( 1.000000000000000000, 0.000000000000000000, -0.000000000000000000 ) ) ;
#918 = EDGE_LOOP ( 'NONE', ( #1403, #1765, #371, #517 ) ) ;
#919 = CARTESIAN_POINT ( 'NONE',  ( -2.609999999999999876, 0.08000000000000526135, 3.355000000000000426 ) ) ;
#920 = LINE ( 'NONE', #760, #2153 ) ;
#921 = DIRECTION ( 'NONE',  ( -0.000000000000000000, 0.5900736960010828369, 0.8073493873705619439 ) ) ;
#922 =( GEOMETRIC_REPRESENTATION_CONTEXT ( 3 ) GLOBAL_UNCERTAINTY_ASSIGNED_CONTEXT ( ( #773 ) ) GLOBAL_UNIT_ASSIGNED_CONTEXT ( ( #1934, #2322, #128 ) ) REPRESENTATION_CONTEXT ( 'NONE', 'WORKASPACE' ) );
#923 = EDGE_LOOP ( 'NONE', ( #568, #803, #2300, #491 ) ) ;
#924 = CARTESIAN_POINT ( 'NONE',  ( -1.969999999999999973, -0.1699999999999947942, 3.355000000000000426 ) ) ;
#925 = DIRECTION ( 'NONE',  ( -1.000000000000000000, -0.000000000000000000, -0.000000000000000000 ) ) ;
#926 = ORIENTED_EDGE ( 'NONE', *, *, #1279, .F. ) ;
#927 = LINE ( 'NONE', #2235, #1731 ) ;
#928 = DIRECTION ( 'NONE',  ( 0.000000000000000000, 0.000000000000000000, 1.000000000000000000 ) ) ;
#929 = DIRECTION ( 'NONE',  ( 1.000000000000000000, 0.000000000000000000, -0.000000000000000000 ) ) ;
#930 = COLOUR_RGB ( '',1.000000000000000000, 1.000000000000000000, 1.000000000000000000 ) ;
#931 = PLANE ( 'NONE',  #495 ) ;
#932 = PRESENTATION_STYLE_ASSIGNMENT (( #120 ) ) ;
#933 = VECTOR ( 'NONE', #588, 1000.000000000000000 ) ;
#934 = ORIENTED_EDGE ( 'NONE', *, *, #678, .F. ) ;
#935 = AXIS2_PLACEMENT_3D ( 'NONE', #1811, #1990, #16 ) ;
#936 = SURFACE_STYLE_FILL_AREA ( #1316 ) ;
#937 = VERTEX_POINT ( 'NONE', #2203 ) ;
#938 = FILL_AREA_STYLE ('',( #2225 ) ) ;
#939 = FILL_AREA_STYLE_COLOUR ( '', #583 ) ;
#940 = PRODUCT_RELATED_PRODUCT_CATEGORY ( 'part', '', ( #1738 ) ) ;
#941 = CARTESIAN_POINT ( 'NONE',  ( 2.629999999999999893, -1.219999999999996643, 3.311587955583269238 ) ) ;
#942 = CARTESIAN_POINT ( 'NONE',  ( 1.989999999999999991, -0.9114819830089387898, 3.001587955583268741 ) ) ;
#943 = DIRECTION ( 'NONE',  ( 0.000000000000000000, -0.000000000000000000, -1.000000000000000000 ) ) ;
#944 = AXIS2_PLACEMENT_3D ( 'NONE', #201, #961, #566 ) ;
#945 = ADVANCED_FACE ( 'NONE', ( #86 ), #194, .F. ) ;
#946 = VERTEX_POINT ( 'NONE', #915 ) ;
#947 = DIRECTION ( 'NONE',  ( 0.000000000000000000, 0.1736481776669237809, -0.9848077530122092416 ) ) ;
#948 = VERTEX_POINT ( 'NONE', #549 ) ;
#949 = VECTOR ( 'NONE', #624, 1000.000000000000000 ) ;
#950 = DIRECTION ( 'NONE',  ( 1.000000000000000000, 0.000000000000000000, 0.000000000000000000 ) ) ;
#951 = DIRECTION ( 'NONE',  ( -0.000000000000000000, 1.000000000000000000, -0.000000000000000000 ) ) ;
#952 = LINE ( 'NONE', #357, #1686 ) ;
#953 =( GEOMETRIC_REPRESENTATION_CONTEXT ( 3 ) GLOBAL_UNCERTAINTY_ASSIGNED_CONTEXT ( ( #1242 ) ) GLOBAL_UNIT_ASSIGNED_CONTEXT ( ( #2083, #270, #994 ) ) REPRESENTATION_CONTEXT ( 'NONE', 'WORKASPACE' ) );
#954 = APPLICATION_CONTEXT ( 'automotive_design' ) ;
#955 = DIRECTION ( 'NONE',  ( 0.000000000000000000, -0.1736481776669234756, 0.9848077530122092416 ) ) ;
#956 = PRESENTATION_STYLE_ASSIGNMENT (( #2301 ) ) ;
#957 = VECTOR ( 'NONE', #747, 1000.000000000000000 ) ;
#958 = CARTESIAN_POINT ( 'NONE',  ( -0.3099999999999999978, -0.1699999999999930456, 3.355000000000000426 ) ) ;
#959 = ORIENTED_EDGE ( 'NONE', *, *, #1841, .F. ) ;
#960 = VECTOR ( 'NONE', #963, 1000.000000000000000 ) ;
#961 = DIRECTION ( 'NONE',  ( 0.000000000000000000, -1.000000000000000000, 0.000000000000000000 ) ) ;
#962 = ADVANCED_FACE ( 'NONE', ( #337 ), #931, .F. ) ;
#963 = DIRECTION ( 'NONE',  ( 1.000000000000000000, -2.117582368135751156E-17, -0.000000000000000000 ) ) ;
#964 = STYLED_ITEM ( 'NONE', ( #1285 ), #52 ) ;
#965 = CARTESIAN_POINT ( 'NONE',  ( -3.150000000000000355, -0.5799999999999999600, -1.577705937909532175 ) ) ;
#966 = ORIENTED_EDGE ( 'NONE', *, *, #2139, .T. ) ;
#967 = DIRECTION ( 'NONE',  ( 1.000000000000000000, -0.000000000000000000, -0.000000000000000000 ) ) ;
#968 = LINE ( 'NONE', #1013, #453 ) ;
#969 = DIRECTION ( 'NONE',  ( -0.000000000000000000, -0.000000000000000000, -1.000000000000000000 ) ) ;
#970 = CARTESIAN_POINT ( 'NONE',  ( -1.969999999999999973, 0.08000000000000513645, 2.276935844137441656 ) ) ;
#971 = VECTOR ( 'NONE', #640, 1000.000000000000227 ) ;
#972 = DIRECTION ( 'NONE',  ( -0.000000000000000000, 0.000000000000000000, -1.000000000000000000 ) ) ;
#973 = CARTESIAN_POINT ( 'NONE',  ( -1.969999999999999973, 0.08000000000000526135, 1.550000000000000044 ) ) ;
#974 = ORIENTED_EDGE ( 'NONE', *, *, #2116, .F. ) ;
#975 = STYLED_ITEM ( 'NONE', ( #2290 ), #2292 ) ;
#976 = ADVANCED_FACE ( 'NONE', ( #1672 ), #738, .F. ) ;
#977 = DIRECTION ( 'NONE',  ( 0.000000000000000000, 0.1736481776669230315, -0.9848077530122093526 ) ) ;
#978 = VECTOR ( 'NONE', #692, 1000.000000000000227 ) ;
#979 = EDGE_CURVE ( 'NONE', #66, #673, #999, .T. ) ;
#980 =( NAMED_UNIT ( * ) PLANE_ANGLE_UNIT ( ) SI_UNIT ( $, .RADIAN. ) );
#981 = CARTESIAN_POINT ( 'NONE',  ( -1.969999999999999973, -0.1699999999999947942, 1.649999999999999689 ) ) ;
#982 = AXIS2_PLACEMENT_3D ( 'NONE', #2333, #1247, #2328 ) ;
#983 = ORIENTED_EDGE ( 'NONE', *, *, #2344, .T. ) ;
#984 = LINE ( 'NONE', #902, #2117 ) ;
#985 = EDGE_CURVE ( 'NONE', #87, #948, #1141, .T. ) ;
#986 = SURFACE_SIDE_STYLE ('',( #936 ) ) ;
#987 = ADVANCED_FACE ( 'NONE', ( #635 ), #792, .F. ) ;
#988 = CARTESIAN_POINT ( 'NONE',  ( 0.3300000000000000711, -1.140215771465811878, 2.859109110805095444 ) ) ;
#989 =( GEOMETRIC_REPRESENTATION_CONTEXT ( 3 ) GLOBAL_UNCERTAINTY_ASSIGNED_CONTEXT ( ( #147 ) ) GLOBAL_UNIT_ASSIGNED_CONTEXT ( ( #771, #1326, #260 ) ) REPRESENTATION_CONTEXT ( 'NONE', 'WORKASPACE' ) );
#990 = VERTEX_POINT ( 'NONE', #1629 ) ;
#991 = CARTESIAN_POINT ( 'NONE',  ( 1.989999999999999991, 0.08000000000000873079, 1.549999999999999600 ) ) ;
#992 = CLOSED_SHELL ( 'NONE', ( #1844, #2069, #2302, #232, #2270, #397, #2049, #976, #1497, #65, #434, #602, #1559, #1509, #247, #783, #294, #40, #962, #844, #1950, #618, #1306, #1711, #867, #1536, #1590, #318, #945, #2241 ) ) ;
#993 = DIRECTION ( 'NONE',  ( 1.000000000000000000, -0.000000000000000000, -0.000000000000000000 ) ) ;
#994 =( NAMED_UNIT ( * ) SI_UNIT ( $, .STERADIAN. ) SOLID_ANGLE_UNIT ( ) );
#995 = AXIS2_PLACEMENT_3D ( 'NONE', #1643, #804, #233 ) ;
#996 = DIRECTION ( 'NONE',  ( 0.000000000000000000, -1.000000000000000000, -1.677902463997330386E-16 ) ) ;
#997 = LINE ( 'NONE', #2313, #1991 ) ;
#998 = PRESENTATION_STYLE_ASSIGNMENT (( #500 ) ) ;
#999 = LINE ( 'NONE', #1852, #933 ) ;
#1000 = EDGE_CURVE ( 'NONE', #235, #2324, #2044, .T. ) ;
#1001 = ORIENTED_EDGE ( 'NONE', *, *, #1081, .T. ) ;
#1002 = ORIENTED_EDGE ( 'NONE', *, *, #1908, .F. ) ;
#1003 = FILL_AREA_STYLE_COLOUR ( '', #1198 ) ;
#1004 = CARTESIAN_POINT ( 'NONE',  ( -0.3099999999999999978, 0.08000000000000699607, 1.549999999999999822 ) ) ;
#1005 = VECTOR ( 'NONE', #2254, 1000.000000000000000 ) ;
#1006 = VERTEX_POINT ( 'NONE', #1523 ) ;
#1007 = PLANE ( 'NONE',  #790 ) ;
#1008 = ORIENTED_EDGE ( 'NONE', *, *, #1981, .F. ) ;
#1009 = EDGE_CURVE ( 'NONE', #1340, #1489, #1174, .T. ) ;
#1010 = ORIENTED_EDGE ( 'NONE', *, *, #1355, .T. ) ;
#1011 = FILL_AREA_STYLE_COLOUR ( '', #1125 ) ;
#1012 = VECTOR ( 'NONE', #38, 1000.000000000000000 ) ;
#1013 = CARTESIAN_POINT ( 'NONE',  ( 1.475000000000000089, -0.1699999999999947942, -1.550000000000000044 ) ) ;
#1014 = LINE ( 'NONE', #346, #2236 ) ;
#1015 = VECTOR ( 'NONE', #1982, 1000.000000000000000 ) ;
#1016 = ADVANCED_FACE ( 'NONE', ( #139 ), #1678, .T. ) ;
#1017 = ORIENTED_EDGE ( 'NONE', *, *, #427, .T. ) ;
#1018 = SURFACE_SIDE_STYLE ('',( #1315 ) ) ;
#1019 = EDGE_LOOP ( 'NONE', ( #1831, #2025, #2126, #236 ) ) ;
#1020 = CARTESIAN_POINT ( 'NONE',  ( -3.150000000000000355, 0.08000000000000524747, -1.605918254822884750 ) ) ;
#1021 = DIRECTION ( 'NONE',  ( -1.000000000000000000, 0.000000000000000000, 0.000000000000000000 ) ) ;
#1022 = PRESENTATION_STYLE_ASSIGNMENT (( #1791 ) ) ;
#1023 =( GEOMETRIC_REPRESENTATION_CONTEXT ( 3 ) GLOBAL_UNCERTAINTY_ASSIGNED_CONTEXT ( ( #912 ) ) GLOBAL_UNIT_ASSIGNED_CONTEXT ( ( #1100, #11, #1300 ) ) REPRESENTATION_CONTEXT ( 'NONE', 'WORKASPACE' ) );
#1024 = EDGE_CURVE ( 'NONE', #1777, #457, #1542, .T. ) ;
#1025 = VECTOR ( 'NONE', #1993, 1000.000000000000000 ) ;
#1026 = CARTESIAN_POINT ( 'NONE',  ( 1.475000000000000089, 0.08000000000000517808, -2.276935844137442100 ) ) ;
#1027 = MECHANICAL_DESIGN_GEOMETRIC_PRESENTATION_REPRESENTATION (  '', ( #659 ), #1916 ) ;
#1028 = COLOUR_RGB ( '',1.000000000000000000, 1.000000000000000000, 1.000000000000000000 ) ;
#1029 = CARTESIAN_POINT ( 'NONE',  ( 1.475000000000000089, -0.9114819830089423425, -3.001587955583269629 ) ) ;
#1030 = CARTESIAN_POINT ( 'NONE',  ( 0.3300000000000000711, 0.08000000000000687117, 2.276935844137441656 ) ) ;
#1031 = PRESENTATION_STYLE_ASSIGNMENT (( #788 ) ) ;
#1032 = ORIENTED_EDGE ( 'NONE', *, *, #585, .T. ) ;
#1033 = CARTESIAN_POINT ( 'NONE',  ( 1.475000000000000089, -0.1699999999999947942, -3.354999999999999982 ) ) ;
#1034 = ORIENTED_EDGE ( 'NONE', *, *, #1202, .T. ) ;
#1035 = FACE_OUTER_BOUND ( 'NONE', #30, .T. ) ;
#1036 = LINE ( 'NONE', #1825, #242 ) ;
#1037 = PRESENTATION_LAYER_ASSIGNMENT (  '', '', ( #964 ) ) ;
#1038 = FACE_OUTER_BOUND ( 'NONE', #2249, .T. ) ;
#1039 = CARTESIAN_POINT ( 'NONE',  ( 1.989999999999999991, -0.1699999999999913525, 2.149999999999999467 ) ) ;
#1040 = ORIENTED_EDGE ( 'NONE', *, *, #231, .T. ) ;
#1041 = ORIENTED_EDGE ( 'NONE', *, *, #595, .F. ) ;
#1042 = DIRECTION ( 'NONE',  ( -1.000000000000000000, 0.000000000000000000, 0.000000000000000000 ) ) ;
#1043 = ORIENTED_EDGE ( 'NONE', *, *, #1355, .F. ) ;
#1044 = ADVANCED_FACE ( 'NONE', ( #455 ), #2067, .F. ) ;
#1045 = ORIENTED_EDGE ( 'NONE', *, *, #1511, .F. ) ;
#1046 = CARTESIAN_POINT ( 'NONE',  ( -1.475000000000000089, 0.08000000000000517808, -2.276935844137442100 ) ) ;
#1047 =( NAMED_UNIT ( * ) SI_UNIT ( $, .STERADIAN. ) SOLID_ANGLE_UNIT ( ) );
#1048 = VECTOR ( 'NONE', #703, 1000.000000000000114 ) ;
#1049 = FILL_AREA_STYLE ('',( #344 ) ) ;
#1050 = AXIS2_PLACEMENT_3D ( 'NONE', #728, #202, #375 ) ;
#1051 = LINE ( 'NONE', #2329, #565 ) ;
#1052 = VERTEX_POINT ( 'NONE', #981 ) ;
#1053 = ORIENTED_EDGE ( 'NONE', *, *, #1856, .F. ) ;
#1054 = COLOUR_RGB ( '',1.000000000000000000, 1.000000000000000000, 1.000000000000000000 ) ;
#1055 = CARTESIAN_POINT ( 'NONE',  ( -1.969999999999999973, -0.9737980617469478295, 3.355000000000000426 ) ) ;
#1056 = CARTESIAN_POINT ( 'NONE',  ( 2.629999999999999893, -0.1699999999999913247, 1.549999999999999600 ) ) ;
#1057 = ORIENTED_EDGE ( 'NONE', *, *, #2231, .F. ) ;
#1058 = CARTESIAN_POINT ( 'NONE',  ( 0.3300000000000000711, -0.1699999999999930456, 1.549999999999999822 ) ) ;
#1059 = DIRECTION ( 'NONE',  ( 0.000000000000000000, 0.8073493873705618329, 0.5900736960010829479 ) ) ;
#1060 = ORIENTED_EDGE ( 'NONE', *, *, #1645, .F. ) ;
#1061 =( LENGTH_UNIT ( ) NAMED_UNIT ( * ) SI_UNIT ( .MILLI., .METRE. ) );
#1062 = PLANE ( 'NONE',  #1996 ) ;
#1063 =( NAMED_UNIT ( * ) SI_UNIT ( $, .STERADIAN. ) SOLID_ANGLE_UNIT ( ) );
#1064 = VECTOR ( 'NONE', #2372, 1000.000000000000227 ) ;
#1065 = STYLED_ITEM ( 'NONE', ( #2101 ), #1577 ) ;
#1066 = LINE ( 'NONE', #2347, #157 ) ;
#1067 = DIRECTION ( 'NONE',  ( -1.000000000000000000, -0.000000000000000000, -0.000000000000000000 ) ) ;
#1068 = ORIENTED_EDGE ( 'NONE', *, *, #646, .F. ) ;
#1069 = CARTESIAN_POINT ( 'NONE',  ( -3.150000000000000355, -0.1700000000000012612, -1.649999999999999911 ) ) ;
#1070 = FILL_AREA_STYLE_COLOUR ( '', #1988 ) ;
#1071 = EDGE_LOOP ( 'NONE', ( #2128, #1295, #513, #1408 ) ) ;
#1072 = EDGE_CURVE ( 'NONE', #2079, #1006, #879, .T. ) ;
#1073 = MECHANICAL_DESIGN_GEOMETRIC_PRESENTATION_REPRESENTATION (  '', ( #172 ), #989 ) ;
#1074 = LINE ( 'NONE', #1281, #596 ) ;
#1075 = CARTESIAN_POINT ( 'NONE',  ( -1.475000000000000089, -0.1699999999999948219, -2.149999999999999911 ) ) ;
#1076 = FACE_OUTER_BOUND ( 'NONE', #2371, .T. ) ;
#1077 = EDGE_CURVE ( 'NONE', #1754, #676, #366, .T. ) ;
#1078 = DIRECTION ( 'NONE',  ( -1.000000000000000000, -0.000000000000000000, -0.000000000000000000 ) ) ;
#1079 = DIRECTION ( 'NONE',  ( 0.000000000000000000, 0.8073493873705617219, -0.5900736960010831700 ) ) ;
#1080 = CARTESIAN_POINT ( 'NONE',  ( -1.969999999999999973, 0.08000000000000526135, 3.355000000000000426 ) ) ;
#1081 = EDGE_CURVE ( 'NONE', #686, #2318, #767, .T. ) ;
#1082 = DIRECTION ( 'NONE',  ( -0.000000000000000000, 0.000000000000000000, -1.000000000000000000 ) ) ;
#1083 = EDGE_LOOP ( 'NONE', ( #22, #2285, #643, #905, #2022, #1008, #587, #181, #2266, #1243 ) ) ;
#1084 = CARTESIAN_POINT ( 'NONE',  ( 1.475000000000000089, -1.140215771465813432, -2.859109110805095444 ) ) ;
#1085 = VERTEX_POINT ( 'NONE', #991 ) ;
#1086 = LINE ( 'NONE', #1797, #2057 ) ;
#1087 = DIRECTION ( 'NONE',  ( 0.000000000000000000, 1.000000000000000000, 0.000000000000000000 ) ) ;
#1088 = DIRECTION ( 'NONE',  ( -1.000000000000000000, 0.000000000000000000, 0.000000000000000000 ) ) ;
#1089 = UNCERTAINTY_MEASURE_WITH_UNIT (LENGTH_MEASURE( 1.000000000000000082E-05 ), #1740, 'distance_accuracy_value', 'NONE');
#1090 = SURFACE_STYLE_FILL_AREA ( #329 ) ;
#1091 = AXIS2_PLACEMENT_3D ( 'NONE', #1518, #977, #769 ) ;
#1092 = PLANE ( 'NONE',  #478 ) ;
#1093 = EDGE_CURVE ( 'NONE', #718, #1813, #1784, .T. ) ;
#1094 = ORIENTED_EDGE ( 'NONE', *, *, #2311, .T. ) ;
#1095 = DIRECTION ( 'NONE',  ( 0.000000000000000000, 1.000000000000000000, 0.000000000000000000 ) ) ;
#1096 = ORIENTED_EDGE ( 'NONE', *, *, #1604, .T. ) ;
#1097 = EDGE_CURVE ( 'NONE', #569, #831, #710, .T. ) ;
#1098 = ORIENTED_EDGE ( 'NONE', *, *, #2139, .F. ) ;
#1099 = COLOUR_RGB ( '',1.000000000000000000, 1.000000000000000000, 1.000000000000000000 ) ;
#1100 =( LENGTH_UNIT ( ) NAMED_UNIT ( * ) SI_UNIT ( .MILLI., .METRE. ) );
#1101 = SURFACE_STYLE_USAGE ( .BOTH. , #913 ) ;
#1102 = AXIS2_PLACEMENT_3D ( 'NONE', #1472, #2210, #378 ) ;
#1103 = MECHANICAL_DESIGN_GEOMETRIC_PRESENTATION_REPRESENTATION (  '', ( #664 ), #586 ) ;
#1104 = FACE_OUTER_BOUND ( 'NONE', #621, .T. ) ;
#1105 = VECTOR ( 'NONE', #637, 1000.000000000000000 ) ;
#1106 = LINE ( 'NONE', #1320, #2107 ) ;
#1107 = DIRECTION ( 'NONE',  ( 1.000000000000000000, 0.000000000000000000, -0.000000000000000000 ) ) ;
#1108 = CARTESIAN_POINT ( 'NONE',  ( 1.475000000000000089, -0.1699999999999948219, -2.149999999999999911 ) ) ;
#1109 = VERTEX_POINT ( 'NONE', #1139 ) ;
#1110 = EDGE_LOOP ( 'NONE', ( #2361, #1440, #446, #1694 ) ) ;
#1111 = PLANE ( 'NONE',  #1400 ) ;
#1112 = DIRECTION ( 'NONE',  ( 0.000000000000000000, 0.8073493873705618329, -0.5900736960010829479 ) ) ;
#1113 = MECHANICAL_DESIGN_GEOMETRIC_PRESENTATION_REPRESENTATION (  '', ( #1869 ), #289 ) ;
#1114 = ORIENTED_EDGE ( 'NONE', *, *, #595, .T. ) ;
#1115 = DIRECTION ( 'NONE',  ( 0.000000000000000000, -1.677902463997329893E-16, 1.000000000000000000 ) ) ;
#1116 = PLANE ( 'NONE',  #1050 ) ;
#1117 = VECTOR ( 'NONE', #1214, 1000.000000000000000 ) ;
#1118 = EDGE_CURVE ( 'NONE', #1726, #1719, #1106, .T. ) ;
#1119 = EDGE_LOOP ( 'NONE', ( #1270, #1729, #130, #49 ) ) ;
#1120 = FACE_OUTER_BOUND ( 'NONE', #721, .T. ) ;
#1121 = DIRECTION ( 'NONE',  ( -0.1736481776669214494, -0.9848077530122095746, 0.000000000000000000 ) ) ;
#1122 = VECTOR ( 'NONE', #241, 1000.000000000000000 ) ;
#1123 = CARTESIAN_POINT ( 'NONE',  ( 2.889074327189751656, 1.309783024480338121, 1.389074327189751878 ) ) ;
#1124 = UNCERTAINTY_MEASURE_WITH_UNIT (LENGTH_MEASURE( 1.000000000000000082E-05 ), #2130, 'distance_accuracy_value', 'NONE');
#1125 = COLOUR_RGB ( '',1.000000000000000000, 1.000000000000000000, 1.000000000000000000 ) ;
#1126 = DIRECTION ( 'NONE',  ( -1.000000000000000000, 0.000000000000000000, 0.000000000000000000 ) ) ;
#1127 = ADVANCED_FACE ( 'NONE', ( #1733 ), #1690, .F. ) ;
#1128 = CARTESIAN_POINT ( 'NONE',  ( 1.475000000000000089, 0.08000000000000526135, -1.550000000000000044 ) ) ;
#1129 = EDGE_CURVE ( 'NONE', #655, #1726, #681, .T. ) ;
#1130 = VERTEX_POINT ( 'NONE', #839 ) ;
#1131 = PLANE ( 'NONE',  #1102 ) ;
#1132 = DIRECTION ( 'NONE',  ( 0.000000000000000000, 0.8073493873705618329, -0.5900736960010829479 ) ) ;
#1133 = ORIENTED_EDGE ( 'NONE', *, *, #61, .F. ) ;
#1134 = VECTOR ( 'NONE', #2168, 1000.000000000000227 ) ;
#1135 = LINE ( 'NONE', #647, #509 ) ;
#1136 = DIRECTION ( 'NONE',  ( 0.000000000000000000, 0.1736481776669240029, 0.9848077530122091305 ) ) ;
#1137 = CARTESIAN_POINT ( 'NONE',  ( -1.969999999999999973, 0.08000000000000513645, 2.276935844137441656 ) ) ;
#1138 = CARTESIAN_POINT ( 'NONE',  ( 2.629999999999999893, -0.1699999999999913525, 2.149999999999999467 ) ) ;
#1139 = CARTESIAN_POINT ( 'NONE',  ( 1.989999999999999991, -0.1699999999999913247, 1.549999999999999600 ) ) ;
#1140 = SURFACE_STYLE_FILL_AREA ( #1201 ) ;
#1141 = LINE ( 'NONE', #395, #261 ) ;
#1142 = ADVANCED_FACE ( 'NONE', ( #1587 ), #1366, .F. ) ;
#1143 = DIRECTION ( 'NONE',  ( 0.000000000000000000, -1.677902463997329893E-16, 1.000000000000000000 ) ) ;
#1144 = VERTEX_POINT ( 'NONE', #1552 ) ;
#1145 =( GEOMETRIC_REPRESENTATION_CONTEXT ( 3 ) GLOBAL_UNCERTAINTY_ASSIGNED_CONTEXT ( ( #2296 ) ) GLOBAL_UNIT_ASSIGNED_CONTEXT ( ( #2066, #980, #2259 ) ) REPRESENTATION_CONTEXT ( 'NONE', 'WORKASPACE' ) );
#1146 = DIRECTION ( 'NONE',  ( 0.000000000000000000, -0.8073493873705617219, 0.5900736960010831700 ) ) ;
#1147 = DIRECTION ( 'NONE',  ( 0.000000000000000000, 0.1736481776669240029, -0.9848077530122091305 ) ) ;
#1148 = EDGE_CURVE ( 'NONE', #2199, #143, #1807, .T. ) ;
#1149 = CARTESIAN_POINT ( 'NONE',  ( 0.3300000000000000711, -0.1699999999999931011, 2.149999999999999911 ) ) ;
#1150 = PRESENTATION_LAYER_ASSIGNMENT (  '', '', ( #659 ) ) ;
#1151 = ORIENTED_EDGE ( 'NONE', *, *, #2016, .F. ) ;
#1152 = CARTESIAN_POINT ( 'NONE',  ( -0.3099999999999999423, -0.1699999999999994571, 1.649999999999999911 ) ) ;
#1153 = ORIENTED_EDGE ( 'NONE', *, *, #20, .T. ) ;
#1154 =( NAMED_UNIT ( * ) PLANE_ANGLE_UNIT ( ) SI_UNIT ( $, .RADIAN. ) );
#1155 = ADVANCED_FACE ( 'NONE', ( #1076 ), #1562, .T. ) ;
#1156 = CARTESIAN_POINT ( 'NONE',  ( -0.3099999999999999978, -0.1699999999999930456, 1.549999999999999822 ) ) ;
#1157 = VECTOR ( 'NONE', #1506, 1000.000000000000000 ) ;
#1158 = AXIS2_PLACEMENT_3D ( 'NONE', #1903, #1895, #1352 ) ;
#1159 = DIRECTION ( 'NONE',  ( -1.000000000000000000, -0.000000000000000000, -0.000000000000000000 ) ) ;
#1160 = CARTESIAN_POINT ( 'NONE',  ( -1.969999999999999973, -0.1699999999999947942, 1.550000000000000044 ) ) ;
#1161 = VECTOR ( 'NONE', #2166, 1000.000000000000000 ) ;
#1162 = ORIENTED_EDGE ( 'NONE', *, *, #856, .F. ) ;
#1163 = ORIENTED_EDGE ( 'NONE', *, *, #1639, .F. ) ;
#1164 = CARTESIAN_POINT ( 'NONE',  ( 2.629999999999999893, -1.140215771465810102, 2.859109110805095000 ) ) ;
#1165 = CARTESIAN_POINT ( 'NONE',  ( 1.475000000000000089, -1.140215771465813432, -2.859109110805095444 ) ) ;
#1166 = ORIENTED_EDGE ( 'NONE', *, *, #1908, .T. ) ;
#1167 = CARTESIAN_POINT ( 'NONE',  ( 0.3300000000000000711, -0.1699999999999930456, 3.355000000000000426 ) ) ;
#1168 = ADVANCED_FACE ( 'NONE', ( #2338 ), #2090, .T. ) ;
#1169 = LINE ( 'NONE', #343, #189 ) ;
#1170 = EDGE_CURVE ( 'NONE', #126, #1462, #2253, .T. ) ;
#1171 = SURFACE_STYLE_FILL_AREA ( #1188 ) ;
#1172 = CARTESIAN_POINT ( 'NONE',  ( 0.3300000000000000711, 0.08000000000000699607, 3.355000000000000426 ) ) ;
#1173 =( NAMED_UNIT ( * ) SI_UNIT ( $, .STERADIAN. ) SOLID_ANGLE_UNIT ( ) );
#1174 = LINE ( 'NONE', #440, #1612 ) ;
#1175 = CARTESIAN_POINT ( 'NONE',  ( 0.3300000000000000711, -0.9114819830089405661, 3.001587955583269185 ) ) ;
#1176 = VERTEX_POINT ( 'NONE', #1182 ) ;
#1177 = EDGE_LOOP ( 'NONE', ( #966, #1001, #1482, #560 ) ) ;
#1178 = SURFACE_SIDE_STYLE ('',( #339 ) ) ;
#1179 = ADVANCED_FACE ( 'NONE', ( #1704 ), #1007, .F. ) ;
#1180 = SURFACE_SIDE_STYLE ('',( #518 ) ) ;
#1181 = ORIENTED_EDGE ( 'NONE', *, *, #64, .T. ) ;
#1182 = CARTESIAN_POINT ( 'NONE',  ( -2.609999999999999876, 0.08000000000000526135, 1.549999999999999600 ) ) ;
#1183 = ORIENTED_EDGE ( 'NONE', *, *, #911, .T. ) ;
#1184 = LINE ( 'NONE', #1165, #1287 ) ;
#1185 = VECTOR ( 'NONE', #2194, 1000.000000000000227 ) ;
#1186 = DIRECTION ( 'NONE',  ( -1.000000000000000000, -0.000000000000000000, -0.000000000000000000 ) ) ;
#1187 = LINE ( 'NONE', #70, #385 ) ;
#1188 = FILL_AREA_STYLE ('',( #815 ) ) ;
#1189 = ORIENTED_EDGE ( 'NONE', *, *, #1195, .T. ) ;
#1190 = ORIENTED_EDGE ( 'NONE', *, *, #102, .T. ) ;
#1191 = AXIS2_PLACEMENT_3D ( 'NONE', #889, #335, #2160 ) ;
#1192 = COLOUR_RGB ( '',1.000000000000000000, 1.000000000000000000, 1.000000000000000000 ) ;
#1193 = COLOUR_RGB ( '',1.000000000000000000, 1.000000000000000000, 1.000000000000000000 ) ;
#1194 = SURFACE_STYLE_USAGE ( .BOTH. , #2307 ) ;
#1195 = EDGE_CURVE ( 'NONE', #145, #1230, #134, .T. ) ;
#1196 = AXIS2_PLACEMENT_3D ( 'NONE', #1029, #1200, #821 ) ;
#1197 = DIRECTION ( 'NONE',  ( 0.000000000000000000, -1.000000000000000000, -1.677902463997330386E-16 ) ) ;
#1198 = COLOUR_RGB ( '',1.000000000000000000, 1.000000000000000000, 1.000000000000000000 ) ;
#1199 = ORIENTED_EDGE ( 'NONE', *, *, #1848, .F. ) ;
#1200 = DIRECTION ( 'NONE',  ( 0.000000000000000000, 0.9848077530122092416, -0.1736481776669235588 ) ) ;
#1201 = FILL_AREA_STYLE ('',( #1592 ) ) ;
#1202 = EDGE_CURVE ( 'NONE', #129, #340, #1473, .T. ) ;
#1203 = ORIENTED_EDGE ( 'NONE', *, *, #387, .T. ) ;
#1204 = SURFACE_SIDE_STYLE ('',( #1140 ) ) ;
#1205 = VECTOR ( 'NONE', #7, 1000.000000000000000 ) ;
#1206 = EDGE_CURVE ( 'NONE', #1663, #1674, #1901, .T. ) ;
#1207 =( NAMED_UNIT ( * ) SI_UNIT ( $, .STERADIAN. ) SOLID_ANGLE_UNIT ( ) );
#1208 = SURFACE_STYLE_FILL_AREA ( #1929 ) ;
#1209 = ORIENTED_EDGE ( 'NONE', *, *, #116, .F. ) ;
#1210 = DIRECTION ( 'NONE',  ( -1.000000000000000000, 0.000000000000000000, 0.000000000000000000 ) ) ;
#1211 =( GEOMETRIC_REPRESENTATION_CONTEXT ( 3 ) GLOBAL_UNCERTAINTY_ASSIGNED_CONTEXT ( ( #1444 ) ) GLOBAL_UNIT_ASSIGNED_CONTEXT ( ( #1301, #403, #1669 ) ) REPRESENTATION_CONTEXT ( 'NONE', 'WORKASPACE' ) );
#1212 = ORIENTED_EDGE ( 'NONE', *, *, #552, .T. ) ;
#1213 = DIRECTION ( 'NONE',  ( 0.000000000000000000, 0.1736481776669230315, -0.9848077530122093526 ) ) ;
#1214 = DIRECTION ( 'NONE',  ( 0.000000000000000000, -1.677902463997329893E-16, 1.000000000000000000 ) ) ;
#1215 = AXIS2_PLACEMENT_3D ( 'NONE', #1172, #435, #1706 ) ;
#1216 = LINE ( 'NONE', #1986, #1413 ) ;
#1217 = EDGE_CURVE ( 'NONE', #340, #2343, #629, .T. ) ;
#1218 = CARTESIAN_POINT ( 'NONE',  ( 3.150000000000000355, -0.1699999999999947664, 1.649999999999999911 ) ) ;
#1219 = SURFACE_SIDE_STYLE ('',( #110 ) ) ;
#1220 =( LENGTH_UNIT ( ) NAMED_UNIT ( * ) SI_UNIT ( .MILLI., .METRE. ) );
#1221 = EDGE_CURVE ( 'NONE', #1663, #758, #968, .T. ) ;
#1222 = LINE ( 'NONE', #2238, #138 ) ;
#1223 = LINE ( 'NONE', #186, #2018 ) ;
#1224 = VERTEX_POINT ( 'NONE', #832 ) ;
#1225 = ADVANCED_FACE ( 'NONE', ( #2281 ), #113, .F. ) ;
#1226 = ORIENTED_EDGE ( 'NONE', *, *, #263, .F. ) ;
#1227 = LINE ( 'NONE', #1794, #978 ) ;
#1228 = PLANE ( 'NONE',  #2217 ) ;
#1229 = CARTESIAN_POINT ( 'NONE',  ( 0.3300000000000000711, -0.1699999999999930456, 1.549999999999999822 ) ) ;
#1230 = VERTEX_POINT ( 'NONE', #2114 ) ;
#1231 = EDGE_LOOP ( 'NONE', ( #823, #407, #2052, #1363 ) ) ;
#1232 = DIRECTION ( 'NONE',  ( 0.000000000000000000, 0.000000000000000000, 1.000000000000000000 ) ) ;
#1233 = VERTEX_POINT ( 'NONE', #499 ) ;
#1234 = VECTOR ( 'NONE', #211, 1000.000000000000114 ) ;
#1235 = LINE ( 'NONE', #1488, #2029 ) ;
#1236 = DIRECTION ( 'NONE',  ( -1.000000000000000000, 0.000000000000000000, 0.000000000000000000 ) ) ;
#1237 = PLANE ( 'NONE',  #1618 ) ;
#1238 = ORIENTED_EDGE ( 'NONE', *, *, #1259, .T. ) ;
#1239 = FACE_OUTER_BOUND ( 'NONE', #1821, .T. ) ;
#1240 = EDGE_CURVE ( 'NONE', #2207, #1455, #1540, .T. ) ;
#1241 = SURFACE_STYLE_USAGE ( .BOTH. , #2337 ) ;
#1242 = UNCERTAINTY_MEASURE_WITH_UNIT (LENGTH_MEASURE( 1.000000000000000082E-05 ), #2083, 'distance_accuracy_value', 'NONE');
#1243 = ORIENTED_EDGE ( 'NONE', *, *, #1781, .F. ) ;
#1244 =( LENGTH_UNIT ( ) NAMED_UNIT ( * ) SI_UNIT ( .MILLI., .METRE. ) );
#1245 = ORIENTED_EDGE ( 'NONE', *, *, #33, .T. ) ;
#1246 = DIRECTION ( 'NONE',  ( 0.000000000000000000, 0.000000000000000000, 1.000000000000000000 ) ) ;
#1247 = DIRECTION ( 'NONE',  ( 0.000000000000000000, 1.000000000000000000, 0.000000000000000000 ) ) ;
#1248 = DIRECTION ( 'NONE',  ( 0.1710878697460269382, 0.9702875252478165846, -0.1710878697460293252 ) ) ;
#1249 = SURFACE_STYLE_USAGE ( .BOTH. , #1968 ) ;
#1250 = ORIENTED_EDGE ( 'NONE', *, *, #2016, .T. ) ;
#1251 = CARTESIAN_POINT ( 'NONE',  ( 1.989999999999999991, 0.08000000000000868916, 1.605918254822884084 ) ) ;
#1252 = DIRECTION ( 'NONE',  ( 1.000000000000000000, -0.000000000000000000, -0.000000000000000000 ) ) ;
#1253 = ORIENTED_EDGE ( 'NONE', *, *, #2106, .T. ) ;
#1254 = EDGE_LOOP ( 'NONE', ( #893, #809, #89, #2332 ) ) ;
#1255 = AXIS2_PLACEMENT_3D ( 'NONE', #153, #1042, #680 ) ;
#1256 = CARTESIAN_POINT ( 'NONE',  ( -3.150000000000000355, -0.5799999999999999600, -1.577705937909532175 ) ) ;
#1257 = DIRECTION ( 'NONE',  ( -1.000000000000000000, -0.000000000000000000, -0.000000000000000000 ) ) ;
#1258 = MECHANICAL_DESIGN_GEOMETRIC_PRESENTATION_REPRESENTATION (  '', ( #561 ), #922 ) ;
#1259 = EDGE_CURVE ( 'NONE', #1052, #126, #1051, .T. ) ;
#1260 = VECTOR ( 'NONE', #2206, 1000.000000000000000 ) ;
#1261 = VECTOR ( 'NONE', #469, 1000.000000000000114 ) ;
#1262 =( GEOMETRIC_REPRESENTATION_CONTEXT ( 3 ) GLOBAL_UNCERTAINTY_ASSIGNED_CONTEXT ( ( #1337 ) ) GLOBAL_UNIT_ASSIGNED_CONTEXT ( ( #1744, #282, #477 ) ) REPRESENTATION_CONTEXT ( 'NONE', 'WORKASPACE' ) );
#1263 = CARTESIAN_POINT ( 'NONE',  ( -1.969999999999999973, -0.9737980617469478295, 3.355000000000000426 ) ) ;
#1264 = ORIENTED_EDGE ( 'NONE', *, *, #352, .T. ) ;
#1265 = DIRECTION ( 'NONE',  ( 0.000000000000000000, 0.1736481776669240029, -0.9848077530122091305 ) ) ;
#1266 = DIRECTION ( 'NONE',  ( 0.000000000000000000, -0.1736481776669240029, 0.9848077530122091305 ) ) ;
#1267 = MANIFOLD_SOLID_BREP ( 'Boss-Extrude4', #1329 ) ;
#1268 = ORIENTED_EDGE ( 'NONE', *, *, #67, .T. ) ;
#1269 = AXIS2_PLACEMENT_3D ( 'NONE', #13, #1293, #29 ) ;
#1270 = ORIENTED_EDGE ( 'NONE', *, *, #716, .T. ) ;
#1271 = VECTOR ( 'NONE', #548, 1000.000000000000000 ) ;
#1272 = DIRECTION ( 'NONE',  ( 1.000000000000000000, -0.000000000000000000, -0.000000000000000000 ) ) ;
#1273 = PRESENTATION_STYLE_ASSIGNMENT (( #533 ) ) ;
#1274 = DIRECTION ( 'NONE',  ( 1.000000000000000000, -0.000000000000000000, -0.000000000000000000 ) ) ;
#1275 = CARTESIAN_POINT ( 'NONE',  ( 1.475000000000000089, -0.9737980617469478295, -3.354999999999999982 ) ) ;
#1276 = EDGE_CURVE ( 'NONE', #1819, #1224, #1356, .T. ) ;
#1277 = VECTOR ( 'NONE', #955, 1000.000000000000114 ) ;
#1278 = ORIENTED_EDGE ( 'NONE', *, *, #1887, .T. ) ;
#1279 = EDGE_CURVE ( 'NONE', #1984, #660, #997, .T. ) ;
#1280 = VERTEX_POINT ( 'NONE', #854 ) ;
#1281 = CARTESIAN_POINT ( 'NONE',  ( 2.629999999999999893, -0.1699999999999913247, 1.549999999999999600 ) ) ;
#1282 = EDGE_CURVE ( 'NONE', #522, #673, #365, .T. ) ;
#1283 = DIRECTION ( 'NONE',  ( -0.000000000000000000, -0.000000000000000000, -1.000000000000000000 ) ) ;
#1284 = ORIENTED_EDGE ( 'NONE', *, *, #1856, .T. ) ;
#1285 = PRESENTATION_STYLE_ASSIGNMENT (( #1194 ) ) ;
#1286 = ORIENTED_EDGE ( 'NONE', *, *, #1767, .F. ) ;
#1287 = VECTOR ( 'NONE', #799, 1000.000000000000000 ) ;
#1288 = CARTESIAN_POINT ( 'NONE',  ( 0.3300000000000000711, 0.08000000000000699607, 1.549999999999999600 ) ) ;
#1289 = CARTESIAN_POINT ( 'NONE',  ( 0.3300000000000000711, -0.9114819830089405661, 3.001587955583269185 ) ) ;
#1290 = FACE_OUTER_BOUND ( 'NONE', #1350, .T. ) ;
#1291 = PRESENTATION_LAYER_ASSIGNMENT (  '', '', ( #1545 ) ) ;
#1292 = DIRECTION ( 'NONE',  ( -0.000000000000000000, -0.000000000000000000, -1.000000000000000000 ) ) ;
#1293 = DIRECTION ( 'NONE',  ( -0.000000000000000000, 0.000000000000000000, -1.000000000000000000 ) ) ;
#1294 = ORIENTED_EDGE ( 'NONE', *, *, #1823, .F. ) ;
#1295 = ORIENTED_EDGE ( 'NONE', *, *, #1637, .T. ) ;
#1296 = CARTESIAN_POINT ( 'NONE',  ( 1.475000000000000089, -1.140215771465813432, -2.859109110805095444 ) ) ;
#1297 =( NAMED_UNIT ( * ) PLANE_ANGLE_UNIT ( ) SI_UNIT ( $, .RADIAN. ) );
#1298 = PLANE ( 'NONE',  #494 ) ;
#1299 = DIRECTION ( 'NONE',  ( -0.000000000000000000, -0.000000000000000000, 1.000000000000000000 ) ) ;
#1300 =( NAMED_UNIT ( * ) SI_UNIT ( $, .STERADIAN. ) SOLID_ANGLE_UNIT ( ) );
#1301 =( LENGTH_UNIT ( ) NAMED_UNIT ( * ) SI_UNIT ( .MILLI., .METRE. ) );
#1302 = DIRECTION ( 'NONE',  ( 0.000000000000000000, 1.000000000000000000, 0.000000000000000000 ) ) ;
#1303 = CARTESIAN_POINT ( 'NONE',  ( 1.989999999999999991, -0.1699999999999913525, 2.149999999999999467 ) ) ;
#1304 = AXIS2_PLACEMENT_3D ( 'NONE', #1470, #768, #759 ) ;
#1305 = ORIENTED_EDGE ( 'NONE', *, *, #253, .F. ) ;
#1306 = ADVANCED_FACE ( 'NONE', ( #1561 ), #1951, .F. ) ;
#1307 = EDGE_CURVE ( 'NONE', #1726, #698, #1927, .T. ) ;
#1308 = ORIENTED_EDGE ( 'NONE', *, *, #1970, .F. ) ;
#1309 = CARTESIAN_POINT ( 'NONE',  ( -3.150000000000000355, -0.1699999999999994571, 1.649999999999999911 ) ) ;
#1310 = CARTESIAN_POINT ( 'NONE',  ( 1.475000000000000089, -0.9737980617469478295, -3.354999999999999982 ) ) ;
#1311 = LINE ( 'NONE', #883, #1344 ) ;
#1312 = EDGE_LOOP ( 'NONE', ( #1534, #1799, #1602, #777 ) ) ;
#1313 = FACE_OUTER_BOUND ( 'NONE', #1083, .T. ) ;
#1314 = DIRECTION ( 'NONE',  ( -1.000000000000000000, 0.000000000000000000, -0.000000000000000000 ) ) ;
#1315 = SURFACE_STYLE_FILL_AREA ( #830 ) ;
#1316 = FILL_AREA_STYLE ('',( #2081 ) ) ;
#1317 = CARTESIAN_POINT ( 'NONE',  ( 2.889074327189751656, 1.309783024480338121, -1.389074327189751878 ) ) ;
#1318 = STYLED_ITEM ( 'NONE', ( #1338 ), #123 ) ;
#1319 = ORIENTED_EDGE ( 'NONE', *, *, #1735, .T. ) ;
#1320 = CARTESIAN_POINT ( 'NONE',  ( 2.629999999999999893, 0.08000000000000860589, 2.276935844137441212 ) ) ;
#1321 = ORIENTED_EDGE ( 'NONE', *, *, #1511, .T. ) ;
#1322 = ORIENTED_EDGE ( 'NONE', *, *, #1853, .F. ) ;
#1323 =( NAMED_UNIT ( * ) PLANE_ANGLE_UNIT ( ) SI_UNIT ( $, .RADIAN. ) );
#1324 = VECTOR ( 'NONE', #2175, 999.9999999999998863 ) ;
#1325 = SURFACE_STYLE_FILL_AREA ( #734 ) ;
#1326 =( NAMED_UNIT ( * ) PLANE_ANGLE_UNIT ( ) SI_UNIT ( $, .RADIAN. ) );
#1327 = VECTOR ( 'NONE', #284, 1000.000000000000114 ) ;
#1328 = VECTOR ( 'NONE', #72, 1000.000000000000000 ) ;
#1329 = CLOSED_SHELL ( 'NONE', ( #1396, #135, #2226, #1127, #2255, #1142, #631, #1225, #987, #2027 ) ) ;
#1330 = AXIS2_PLACEMENT_3D ( 'NONE', #623, #417, #2246 ) ;
#1331 = CARTESIAN_POINT ( 'NONE',  ( -1.969999999999999973, 0.08000000000000526135, 1.549999999999999600 ) ) ;
#1332 = ADVANCED_FACE ( 'NONE', ( #898 ), #1228, .F. ) ;
#1333 = CARTESIAN_POINT ( 'NONE',  ( -2.609999999999999876, -0.1699999999999948219, 2.149999999999999911 ) ) ;
#1334 = EDGE_CURVE ( 'NONE', #1983, #660, #423, .T. ) ;
#1335 = ORIENTED_EDGE ( 'NONE', *, *, #1712, .T. ) ;
#1336 = DIRECTION ( 'NONE',  ( 0.000000000000000000, -0.8073493873705617219, -0.5900736960010831700 ) ) ;
#1337 = UNCERTAINTY_MEASURE_WITH_UNIT (LENGTH_MEASURE( 1.000000000000000082E-05 ), #1744, 'distance_accuracy_value', 'NONE');
#1338 = PRESENTATION_STYLE_ASSIGNMENT (( #1241 ) ) ;
#1339 = EDGE_CURVE ( 'NONE', #1983, #1646, #2310, .T. ) ;
#1340 = VERTEX_POINT ( 'NONE', #876 ) ;
#1341 = EDGE_LOOP ( 'NONE', ( #817, #1294, #1060, #300 ) ) ;
#1342 = CARTESIAN_POINT ( 'NONE',  ( 2.629999999999999893, -1.140215771465810102, 2.859109110805095000 ) ) ;
#1343 = FILL_AREA_STYLE_COLOUR ( '', #458 ) ;
#1344 = VECTOR ( 'NONE', #1647, 1000.000000000000000 ) ;
#1345 = STYLED_ITEM ( 'NONE', ( #1870 ), #1267 ) ;
#1346 = APPLICATION_PROTOCOL_DEFINITION ( 'draft international standard', 'automotive_design', 1998, #1850 ) ;
#1347 = FACE_OUTER_BOUND ( 'NONE', #1392, .T. ) ;
#1348 = ADVANCED_FACE ( 'NONE', ( #657 ), #1772, .F. ) ;
#1349 = EDGE_LOOP ( 'NONE', ( #2038, #886, #1387, #2288 ) ) ;
#1350 = EDGE_LOOP ( 'NONE', ( #791, #2086, #187, #2280 ) ) ;
#1351 = CARTESIAN_POINT ( 'NONE',  ( -1.969999999999999973, -0.1699999999999948219, 2.149999999999999911 ) ) ;
#1352 = DIRECTION ( 'NONE',  ( 0.000000000000000000, -0.8073493873705619439, 0.5900736960010828369 ) ) ;
#1353 = AXIS2_PLACEMENT_3D ( 'NONE', #919, #1126, #928 ) ;
#1354 = VERTEX_POINT ( 'NONE', #2364 ) ;
#1355 = EDGE_CURVE ( 'NONE', #1743, #1918, #1638, .T. ) ;
#1356 = LINE ( 'NONE', #1046, #875 ) ;
#1357 = SURFACE_STYLE_USAGE ( .BOTH. , #1018 ) ;
#1358 = ADVANCED_FACE ( 'NONE', ( #1868 ), #713, .F. ) ;
#1359 = VECTOR ( 'NONE', #107, 1000.000000000000000 ) ;
#1360 = ORIENTED_EDGE ( 'NONE', *, *, #802, .T. ) ;
#1361 = DIRECTION ( 'NONE',  ( 0.000000000000000000, 0.000000000000000000, 1.000000000000000000 ) ) ;
#1362 = LINE ( 'NONE', #1724, #2369 ) ;
#1363 = ORIENTED_EDGE ( 'NONE', *, *, #33, .F. ) ;
#1364 = FACE_OUTER_BOUND ( 'NONE', #81, .T. ) ;
#1365 = EDGE_CURVE ( 'NONE', #686, #2343, #1583, .T. ) ;
#1366 = PLANE ( 'NONE',  #1560 ) ;
#1367 = CARTESIAN_POINT ( 'NONE',  ( -3.017754764468657314, 0.5799999999999999600, -1.649999999999999911 ) ) ;
#1368 = ORIENTED_EDGE ( 'NONE', *, *, #1129, .T. ) ;
#1369 = ORIENTED_EDGE ( 'NONE', *, *, #2367, .T. ) ;
#1370 = LINE ( 'NONE', #1999, #210 ) ;
#1371 = VECTOR ( 'NONE', #1939, 1000.000000000000000 ) ;
#1372 = DIRECTION ( 'NONE',  ( 0.000000000000000000, -1.677902463997329893E-16, 1.000000000000000000 ) ) ;
#1373 = SURFACE_SIDE_STYLE ('',( #2282 ) ) ;
#1374 = ORIENTED_EDGE ( 'NONE', *, *, #881, .T. ) ;
#1375 = LINE ( 'NONE', #53, #1438 ) ;
#1376 = MECHANICAL_DESIGN_GEOMETRIC_PRESENTATION_REPRESENTATION (  '', ( #287 ), #2325 ) ;
#1377 = EDGE_LOOP ( 'NONE', ( #1181, #1664, #196, #78 ) ) ;
#1378 = EDGE_CURVE ( 'NONE', #1130, #2071, #707, .T. ) ;
#1379 = CARTESIAN_POINT ( 'NONE',  ( -2.609999999999999876, 0.08000000000000526135, 1.550000000000000044 ) ) ;
#1380 = MECHANICAL_DESIGN_GEOMETRIC_PRESENTATION_REPRESENTATION (  '', ( #2089 ), #363 ) ;
#1381 = VECTOR ( 'NONE', #1257, 1000.000000000000000 ) ;
#1382 = DIRECTION ( 'NONE',  ( 1.000000000000000000, 0.000000000000000000, -0.000000000000000000 ) ) ;
#1383 = VECTOR ( 'NONE', #1967, 1000.000000000000000 ) ;
#1384 = VECTOR ( 'NONE', #666, 1000.000000000000227 ) ;
#1385 = AXIS2_PLACEMENT_3D ( 'NONE', #763, #1466, #1474 ) ;
#1386 = DIRECTION ( 'NONE',  ( -1.000000000000000000, -0.000000000000000000, -0.000000000000000000 ) ) ;
#1387 = ORIENTED_EDGE ( 'NONE', *, *, #1221, .T. ) ;
#1388 = DIRECTION ( 'NONE',  ( 0.000000000000000000, -0.1736481776669240029, 0.9848077530122091305 ) ) ;
#1389 = DIRECTION ( 'NONE',  ( 1.000000000000000000, -0.000000000000000000, 0.000000000000000000 ) ) ;
#1390 = VECTOR ( 'NONE', #2351, 999.9999999999998863 ) ;
#1391 = AXIS2_PLACEMENT_3D ( 'NONE', #1953, #872, #537 ) ;
#1392 = EDGE_LOOP ( 'NONE', ( #1264, #1245, #1728, #51 ) ) ;
#1393 = DIRECTION ( 'NONE',  ( 0.000000000000000000, -0.9848077530122095746, 0.1736481776669213384 ) ) ;
#1394 = EDGE_CURVE ( 'NONE', #1340, #145, #765, .T. ) ;
#1395 = ORIENTED_EDGE ( 'NONE', *, *, #1691, .F. ) ;
#1396 = ADVANCED_FACE ( 'NONE', ( #1104 ), #2167, .F. ) ;
#1397 = CARTESIAN_POINT ( 'NONE',  ( 2.629999999999999893, 0.08000000000000860589, 2.276935844137441212 ) ) ;
#1398 =( NAMED_UNIT ( * ) PLANE_ANGLE_UNIT ( ) SI_UNIT ( $, .RADIAN. ) );
#1399 = VECTOR ( 'NONE', #1292, 1000.000000000000000 ) ;
#1400 = AXIS2_PLACEMENT_3D ( 'NONE', #578, #1834, #929 ) ;
#1401 = EDGE_CURVE ( 'NONE', #756, #990, #539, .T. ) ;
#1402 = LINE ( 'NONE', #1108, #1827 ) ;
#1403 = ORIENTED_EDGE ( 'NONE', *, *, #1279, .T. ) ;
#1404 = VECTOR ( 'NONE', #880, 1000.000000000000000 ) ;
#1405 = VERTEX_POINT ( 'NONE', #1424 ) ;
#1406 = FILL_AREA_STYLE_COLOUR ( '', #849 ) ;
#1407 = CARTESIAN_POINT ( 'NONE',  ( -1.475000000000000089, 0.08000000000000526135, -1.605918254822884750 ) ) ;
#1408 = ORIENTED_EDGE ( 'NONE', *, *, #911, .F. ) ;
#1409 = DIRECTION ( 'NONE',  ( -0.000000000000000000, 1.000000000000000000, 9.035018104045870694E-17 ) ) ;
#1410 = UNCERTAINTY_MEASURE_WITH_UNIT (LENGTH_MEASURE( 1.000000000000000082E-05 ), #368, 'distance_accuracy_value', 'NONE');
#1411 = AXIS2_PLACEMENT_3D ( 'NONE', #1080, #156, #1780 ) ;
#1412 = ORIENTED_EDGE ( 'NONE', *, *, #2102, .T. ) ;
#1413 = VECTOR ( 'NONE', #1994, 1000.000000000000000 ) ;
#1414 = FACE_OUTER_BOUND ( 'NONE', #1696, .T. ) ;
#1415 = PLANE ( 'NONE',  #1255 ) ;
#1416 = VECTOR ( 'NONE', #697, 1000.000000000000000 ) ;
#1417 =( NAMED_UNIT ( * ) PLANE_ANGLE_UNIT ( ) SI_UNIT ( $, .RADIAN. ) );
#1418 =( NAMED_UNIT ( * ) PLANE_ANGLE_UNIT ( ) SI_UNIT ( $, .RADIAN. ) );
#1419 = ORIENTED_EDGE ( 'NONE', *, *, #1892, .F. ) ;
#1420 = CARTESIAN_POINT ( 'NONE',  ( -3.017754764468656870, 0.5799999999999999600, 1.517754764468656425 ) ) ;
#1421 = EDGE_LOOP ( 'NONE', ( #887, #693, #1632, #214 ) ) ;
#1422 = CARTESIAN_POINT ( 'NONE',  ( 1.475000000000000089, -0.1699999999999948219, -2.149999999999999911 ) ) ;
#1423 = AXIS2_PLACEMENT_3D ( 'NONE', #726, #917, #1631 ) ;
#1424 = CARTESIAN_POINT ( 'NONE',  ( 1.475000000000000089, -0.1699999999999947942, -1.550000000000000044 ) ) ;
#1425 = CARTESIAN_POINT ( 'NONE',  ( -0.3099999999999999978, 0.08000000000000700995, 3.355000000000000426 ) ) ;
#1426 = LINE ( 'NONE', #1584, #460 ) ;
#1427 = DIRECTION ( 'NONE',  ( -1.000000000000000000, 0.000000000000000000, 0.000000000000000000 ) ) ;
#1428 = ORIENTED_EDGE ( 'NONE', *, *, #1394, .T. ) ;
#1429 = VECTOR ( 'NONE', #1159, 1000.000000000000000 ) ;
#1430 = PRESENTATION_LAYER_ASSIGNMENT (  '', '', ( #1621 ) ) ;
#1431 =( NAMED_UNIT ( * ) SI_UNIT ( $, .STERADIAN. ) SOLID_ANGLE_UNIT ( ) );
#1432 = FACE_OUTER_BOUND ( 'NONE', #1177, .T. ) ;
#1433 = PLANE ( 'NONE',  #192 ) ;
#1434 = VECTOR ( 'NONE', #1956, 1000.000000000000000 ) ;
#1435 = CARTESIAN_POINT ( 'NONE',  ( -2.609999999999999876, -0.1699999999999947942, 1.549999999999999600 ) ) ;
#1436 = PRESENTATION_LAYER_ASSIGNMENT (  '', '', ( #2004 ) ) ;
#1437 = ORIENTED_EDGE ( 'NONE', *, *, #2317, .T. ) ;
#1438 = VECTOR ( 'NONE', #2063, 1000.000000000000000 ) ;
#1439 = DIRECTION ( 'NONE',  ( -0.1710878697460287701, -0.9702875252478162516, 0.1710878697460292697 ) ) ;
#1440 = ORIENTED_EDGE ( 'NONE', *, *, #1604, .F. ) ;
#1441 = FACE_OUTER_BOUND ( 'NONE', #2142, .T. ) ;
#1442 =( NAMED_UNIT ( * ) SI_UNIT ( $, .STERADIAN. ) SOLID_ANGLE_UNIT ( ) );
#1443 =( LENGTH_UNIT ( ) NAMED_UNIT ( * ) SI_UNIT ( .MILLI., .METRE. ) );
#1444 = UNCERTAINTY_MEASURE_WITH_UNIT (LENGTH_MEASURE( 1.000000000000000082E-05 ), #1301, 'distance_accuracy_value', 'NONE');
#1445 = DIRECTION ( 'NONE',  ( 1.000000000000000000, -0.000000000000000000, -0.000000000000000000 ) ) ;
#1446 = MECHANICAL_DESIGN_GEOMETRIC_PRESENTATION_REPRESENTATION (  '', ( #1318 ), #1564 ) ;
#1447 = EDGE_CURVE ( 'NONE', #456, #1109, #1074, .T. ) ;
#1448 = PLANE ( 'NONE',  #935 ) ;
#1449 = VECTOR ( 'NONE', #993, 1000.000000000000000 ) ;
#1450 = DIRECTION ( 'NONE',  ( 1.000000000000000000, -0.000000000000000000, -0.000000000000000000 ) ) ;
#1451 = CARTESIAN_POINT ( 'NONE',  ( 1.475000000000000089, -0.9114819830089423425, -3.001587955583269629 ) ) ;
#1452 = EDGE_CURVE ( 'NONE', #990, #468, #108, .T. ) ;
#1453 = PLANE ( 'NONE',  #302 ) ;
#1454 = VECTOR ( 'NONE', #1987, 1000.000000000000000 ) ;
#1455 = VERTEX_POINT ( 'NONE', #1456 ) ;
#1456 = CARTESIAN_POINT ( 'NONE',  ( -1.475000000000000089, -0.1699999999999947942, -1.550000000000000044 ) ) ;
#1457 = DIRECTION ( 'NONE',  ( 0.000000000000000000, -0.1736481776669234756, 0.9848077530122092416 ) ) ;
#1458 = STYLED_ITEM ( 'NONE', ( #31 ), #807 ) ;
#1459 = DIRECTION ( 'NONE',  ( 0.000000000000000000, -0.9848077530122092416, -0.1736481776669237809 ) ) ;
#1460 = EDGE_CURVE ( 'NONE', #806, #369, #1926, .T. ) ;
#1461 = CARTESIAN_POINT ( 'NONE',  ( -3.150000000000000355, -0.5799999999999999600, 1.577705937909532175 ) ) ;
#1462 = VERTEX_POINT ( 'NONE', #168 ) ;
#1463 = DIRECTION ( 'NONE',  ( 0.000000000000000000, -1.118601642664886102E-16, -1.000000000000000000 ) ) ;
#1464 = ORIENTED_EDGE ( 'NONE', *, *, #2116, .T. ) ;
#1465 = MECHANICAL_DESIGN_GEOMETRIC_PRESENTATION_REPRESENTATION (  '', ( #1345 ), #1628 ) ;
#1466 = DIRECTION ( 'NONE',  ( 0.000000000000000000, -1.000000000000000000, 0.000000000000000000 ) ) ;
#1467 = ORIENTED_EDGE ( 'NONE', *, *, #619, .T. ) ;
#1468 = DIRECTION ( 'NONE',  ( 0.000000000000000000, 0.000000000000000000, 1.000000000000000000 ) ) ;
#1469 = EDGE_LOOP ( 'NONE', ( #1649, #2268, #638, #1319 ) ) ;
#1470 = CARTESIAN_POINT ( 'NONE',  ( -1.475000000000000089, -0.1699999999999947942, -3.354999999999999982 ) ) ;
#1471 = CARTESIAN_POINT ( 'NONE',  ( 1.989999999999999991, -0.9737980617469443878, 3.354999999999999982 ) ) ;
#1472 = CARTESIAN_POINT ( 'NONE',  ( -1.969999999999999973, 0.08000000000000513645, 2.276935844137441656 ) ) ;
#1473 = LINE ( 'NONE', #1020, #1507 ) ;
#1474 = DIRECTION ( 'NONE',  ( 0.000000000000000000, -0.000000000000000000, -1.000000000000000000 ) ) ;
#1475 = MECHANICAL_DESIGN_GEOMETRIC_PRESENTATION_REPRESENTATION (  '', ( #1065 ), #2250 ) ;
#1476 = SURFACE_STYLE_FILL_AREA ( #1569 ) ;
#1477 = LINE ( 'NONE', #380, #2283 ) ;
#1478 = ORIENTED_EDGE ( 'NONE', *, *, #2133, .F. ) ;
#1479 = ORIENTED_EDGE ( 'NONE', *, *, #2060, .T. ) ;
#1480 = DIRECTION ( 'NONE',  ( 0.000000000000000000, -1.000000000000000000, 0.000000000000000000 ) ) ;
#1481 = VECTOR ( 'NONE', #1186, 1000.000000000000000 ) ;
#1482 = ORIENTED_EDGE ( 'NONE', *, *, #1932, .F. ) ;
#1483 = CARTESIAN_POINT ( 'NONE',  ( 1.989999999999999991, -0.1699999999999913247, 1.549999999999999600 ) ) ;
#1484 = EDGE_CURVE ( 'NONE', #702, #2177, #451, .T. ) ;
#1485 = AXIS2_PLACEMENT_3D ( 'NONE', #1911, #996, #1721 ) ;
#1486 = CARTESIAN_POINT ( 'NONE',  ( -3.150000000000000355, 0.2770404910104690144, -1.571174699965697696 ) ) ;
#1487 = LINE ( 'NONE', #670, #810 ) ;
#1488 = CARTESIAN_POINT ( 'NONE',  ( 2.629999999999999893, 0.08000000000000873079, 1.549999999999999600 ) ) ;
#1489 = VERTEX_POINT ( 'NONE', #1803 ) ;
#1490 = PLANE ( 'NONE',  #995 ) ;
#1491 = CARTESIAN_POINT ( 'NONE',  ( -1.969999999999999973, 0.08000000000000526135, 3.355000000000000426 ) ) ;
#1492 = VECTOR ( 'NONE', #544, 1000.000000000000227 ) ;
#1493 = LINE ( 'NONE', #709, #1722 ) ;
#1494 = EDGE_CURVE ( 'NONE', #415, #1983, #874, .T. ) ;
#1495 = CARTESIAN_POINT ( 'NONE',  ( 2.629999999999999893, -0.9737980617469443878, 3.354999999999999982 ) ) ;
#1496 = LINE ( 'NONE', #1586, #2031 ) ;
#1497 = ADVANCED_FACE ( 'NONE', ( #564 ), #367, .F. ) ;
#1498 = DIRECTION ( 'NONE',  ( -1.000000000000000000, -0.000000000000000000, -0.000000000000000000 ) ) ;
#1499 = ORIENTED_EDGE ( 'NONE', *, *, #2060, .F. ) ;
#1500 = ORIENTED_EDGE ( 'NONE', *, *, #802, .F. ) ;
#1501 =( NAMED_UNIT ( * ) PLANE_ANGLE_UNIT ( ) SI_UNIT ( $, .RADIAN. ) );
#1502 = DIRECTION ( 'NONE',  ( -1.000000000000000000, 0.000000000000000000, 0.000000000000000000 ) ) ;
#1503 = DIRECTION ( 'NONE',  ( 0.000000000000000000, -0.8073493873705617219, 0.5900736960010831700 ) ) ;
#1504 = EDGE_LOOP ( 'NONE', ( #1931, #2323, #1980, #2169 ) ) ;
#1505 = FACE_OUTER_BOUND ( 'NONE', #873, .T. ) ;
#1506 = DIRECTION ( 'NONE',  ( -0.000000000000000000, 0.9848077530122092416, -0.1736481776669237809 ) ) ;
#1507 = VECTOR ( 'NONE', #2085, 1000.000000000000000 ) ;
#1508 =( NAMED_UNIT ( * ) SI_UNIT ( $, .STERADIAN. ) SOLID_ANGLE_UNIT ( ) );
#1509 = ADVANCED_FACE ( 'NONE', ( #824 ), #1667, .F. ) ;
#1510 = CARTESIAN_POINT ( 'NONE',  ( -3.077705937909532619, -0.5800000000000001821, 1.577705937909532175 ) ) ;
#1511 = EDGE_CURVE ( 'NONE', #1354, #937, #23, .T. ) ;
#1512 = COLOUR_RGB ( '',0.2509803921568627416, 0.2509803921568627416, 0.2509803921568627416 ) ;
#1513 = FILL_AREA_STYLE_COLOUR ( '', #739 ) ;
#1514 = CARTESIAN_POINT ( 'NONE',  ( 1.475000000000000089, 0.08000000000000517808, -2.276935844137442100 ) ) ;
#1515 = ORIENTED_EDGE ( 'NONE', *, *, #2110, .T. ) ;
#1516 = AXIS2_PLACEMENT_3D ( 'NONE', #485, #1923, #837 ) ;
#1517 = DIRECTION ( 'NONE',  ( 0.000000000000000000, 0.000000000000000000, 1.000000000000000000 ) ) ;
#1518 = CARTESIAN_POINT ( 'NONE',  ( -1.969999999999999973, -0.9737980617469478295, 3.355000000000000426 ) ) ;
#1519 = LINE ( 'NONE', #1058, #2320 ) ;
#1520 = ORIENTED_EDGE ( 'NONE', *, *, #1000, .T. ) ;
#1521 = SURFACE_SIDE_STYLE ('',( #439 ) ) ;
#1522 = DIRECTION ( 'NONE',  ( 0.000000000000000000, -0.1736481776669234756, 0.9848077530122092416 ) ) ;
#1523 = CARTESIAN_POINT ( 'NONE',  ( 0.3300000000000000711, -0.1699999999999930456, 1.549999999999999600 ) ) ;
#1524 = UNCERTAINTY_MEASURE_WITH_UNIT (LENGTH_MEASURE( 1.000000000000000082E-05 ), #2131, 'distance_accuracy_value', 'NONE');
#1525 = VERTEX_POINT ( 'NONE', #1288 ) ;
#1526 = ADVANCED_FACE ( 'NONE', ( #1782 ), #1675, .F. ) ;
#1527 = LINE ( 'NONE', #1275, #2003 ) ;
#1528 = LINE ( 'NONE', #1651, #178 ) ;
#1529 =( LENGTH_UNIT ( ) NAMED_UNIT ( * ) SI_UNIT ( .MILLI., .METRE. ) );
#1530 = PRESENTATION_LAYER_ASSIGNMENT (  '', '', ( #1318 ) ) ;
#1531 = ORIENTED_EDGE ( 'NONE', *, *, #2309, .T. ) ;
#1532 = CARTESIAN_POINT ( 'NONE',  ( -1.475000000000000089, 0.08000000000000526135, -1.550000000000000044 ) ) ;
#1533 = EDGE_CURVE ( 'NONE', #457, #1224, #334, .T. ) ;
#1534 = ORIENTED_EDGE ( 'NONE', *, *, #2110, .F. ) ;
#1535 = CARTESIAN_POINT ( 'NONE',  ( 1.475000000000000089, 0.08000000000000526135, -1.550000000000000044 ) ) ;
#1536 = ADVANCED_FACE ( 'NONE', ( #1414 ), #374, .F. ) ;
#1537 = DIRECTION ( 'NONE',  ( 0.000000000000000000, 1.000000000000000000, 0.000000000000000000 ) ) ;
#1538 = LINE ( 'NONE', #163, #1324 ) ;
#1539 = PRESENTATION_STYLE_ASSIGNMENT (( #1957 ) ) ;
#1540 = LINE ( 'NONE', #2124, #542 ) ;
#1541 = AXIS2_PLACEMENT_3D ( 'NONE', #206, #398, #32 ) ;
#1542 = LINE ( 'NONE', #48, #2258 ) ;
#1543 = ORIENTED_EDGE ( 'NONE', *, *, #550, .F. ) ;
#1544 = EDGE_LOOP ( 'NONE', ( #1321, #551, #1912, #1479 ) ) ;
#1545 = STYLED_ITEM ( 'NONE', ( #2105 ), #307 ) ;
#1546 = PLANE ( 'NONE',  #1158 ) ;
#1547 = ORIENTED_EDGE ( 'NONE', *, *, #1781, .T. ) ;
#1548 = ORIENTED_EDGE ( 'NONE', *, *, #1170, .T. ) ;
#1549 = EDGE_LOOP ( 'NONE', ( #1864, #1963, #219, #254 ) ) ;
#1550 = PLANE ( 'NONE',  #2077 ) ;
#1551 = FACE_OUTER_BOUND ( 'NONE', #1110, .T. ) ;
#1552 = CARTESIAN_POINT ( 'NONE',  ( -2.609999999999999876, -1.140215771465813432, 2.859109110805095444 ) ) ;
#1553 = LINE ( 'NONE', #749, #273 ) ;
#1554 = PRESENTATION_LAYER_ASSIGNMENT (  '', '', ( #2366 ) ) ;
#1555 = ORIENTED_EDGE ( 'NONE', *, *, #881, .F. ) ;
#1556 = ORIENTED_EDGE ( 'NONE', *, *, #1484, .F. ) ;
#1557 = DIRECTION ( 'NONE',  ( 0.000000000000000000, -0.9848077530122093526, -0.1736481776669230315 ) ) ;
#1558 = LINE ( 'NONE', #516, #1134 ) ;
#1559 = ADVANCED_FACE ( 'NONE', ( #1837 ), #593, .F. ) ;
#1560 = AXIS2_PLACEMENT_3D ( 'NONE', #106, #272, #2293 ) ;
#1561 = FACE_OUTER_BOUND ( 'NONE', #2112, .T. ) ;
#1562 = PLANE ( 'NONE',  #1196 ) ;
#1563 = CLOSED_SHELL ( 'NONE', ( #483, #1044, #1179, #574, #301, #1757, #1358, #422, #52, #1679 ) ) ;
#1564 =( GEOMETRIC_REPRESENTATION_CONTEXT ( 3 ) GLOBAL_UNCERTAINTY_ASSIGNED_CONTEXT ( ( #76 ) ) GLOBAL_UNIT_ASSIGNED_CONTEXT ( ( #1603, #2157, #1063 ) ) REPRESENTATION_CONTEXT ( 'NONE', 'WORKASPACE' ) );
#1565 = CARTESIAN_POINT ( 'NONE',  ( -3.150000000000000355, -0.1699999999999994571, 1.649999999999999911 ) ) ;
#1566 = EDGE_CURVE ( 'NONE', #1918, #1984, #927, .T. ) ;
#1567 = SURFACE_STYLE_FILL_AREA ( #1049 ) ;
#1568 = DIRECTION ( 'NONE',  ( 0.000000000000000000, -0.9848077530122093526, -0.1736481776669230315 ) ) ;
#1569 = FILL_AREA_STYLE ('',( #1513 ) ) ;
#1570 = EDGE_CURVE ( 'NONE', #1455, #1405, #2336, .T. ) ;
#1571 = EDGE_LOOP ( 'NONE', ( #748, #2303, #328, #195, #609, #1547, #1057, #405, #248, #1278, #2334, #663, #1478, #1995, #1969, #2191 ) ) ;
#1572 = VECTOR ( 'NONE', #511, 1000.000000000000114 ) ;
#1573 = SURFACE_SIDE_STYLE ('',( #1476 ) ) ;
#1574 = EDGE_LOOP ( 'NONE', ( #1842, #2151, #100, #2232 ) ) ;
#1575 = MECHANICAL_DESIGN_GEOMETRIC_PRESENTATION_REPRESENTATION (  '', ( #2366 ), #1145 ) ;
#1576 = VERTEX_POINT ( 'NONE', #2196 ) ;
#1577 = ADVANCED_FACE ( 'NONE', ( #1955 ), #744, .F. ) ;
#1578 = EDGE_CURVE ( 'NONE', #2343, #1455, #900, .T. ) ;
#1579 = ORIENTED_EDGE ( 'NONE', *, *, #1334, .T. ) ;
#1580 = LINE ( 'NONE', #137, #1925 ) ;
#1581 = FILL_AREA_STYLE_COLOUR ( '', #1028 ) ;
#1582 = DIRECTION ( 'NONE',  ( 0.000000000000000000, -0.5900736960010831700, -0.8073493873705617219 ) ) ;
#1583 = LINE ( 'NONE', #1069, #1025 ) ;
#1584 = CARTESIAN_POINT ( 'NONE',  ( -2.609999999999999876, 0.08000000000000526135, 3.355000000000000426 ) ) ;
#1585 = STYLED_ITEM ( 'NONE', ( #132 ), #1332 ) ;
#1586 = CARTESIAN_POINT ( 'NONE',  ( -0.3099999999999999978, 0.08000000000000687117, 2.276935844137441656 ) ) ;
#1587 = FACE_OUTER_BOUND ( 'NONE', #918, .T. ) ;
#1588 = ORIENTED_EDGE ( 'NONE', *, *, #64, .F. ) ;
#1589 = EDGE_LOOP ( 'NONE', ( #782, #1555, #2046, #1579 ) ) ;
#1590 = ADVANCED_FACE ( 'NONE', ( #285 ), #1490, .F. ) ;
#1591 = VECTOR ( 'NONE', #969, 1000.000000000000000 ) ;
#1592 = FILL_AREA_STYLE_COLOUR ( '', #1611 ) ;
#1593 = ORIENTED_EDGE ( 'NONE', *, *, #1148, .T. ) ;
#1594 = CARTESIAN_POINT ( 'NONE',  ( -0.3099999999999999978, -0.1699999999999931011, 2.149999999999999911 ) ) ;
#1595 = EDGE_LOOP ( 'NONE', ( #1464, #1596, #1652, #149 ) ) ;
#1596 = ORIENTED_EDGE ( 'NONE', *, *, #427, .F. ) ;
#1597 = FILL_AREA_STYLE ('',( #1406 ) ) ;
#1598 = SURFACE_SIDE_STYLE ('',( #2072 ) ) ;
#1599 = LINE ( 'NONE', #2006, #1205 ) ;
#1600 = CARTESIAN_POINT ( 'NONE',  ( 1.989999999999999991, -0.1699999999999913247, 1.549999999999999600 ) ) ;
#1601 = ORIENTED_EDGE ( 'NONE', *, *, #2012, .F. ) ;
#1602 = ORIENTED_EDGE ( 'NONE', *, *, #675, .F. ) ;
#1603 =( LENGTH_UNIT ( ) NAMED_UNIT ( * ) SI_UNIT ( .MILLI., .METRE. ) );
#1604 = EDGE_CURVE ( 'NONE', #1681, #369, #399, .T. ) ;
#1605 = ORIENTED_EDGE ( 'NONE', *, *, #1578, .T. ) ;
#1606 = CARTESIAN_POINT ( 'NONE',  ( 1.475000000000000089, -1.220000000000000195, -3.311587955583269682 ) ) ;
#1607 = VECTOR ( 'NONE', #1450, 1000.000000000000000 ) ;
#1608 = CARTESIAN_POINT ( 'NONE',  ( -0.3099999999999999423, 0.2770404910104690144, 1.571174699965697696 ) ) ;
#1609 = CARTESIAN_POINT ( 'NONE',  ( 0.3300000000000000711, 0.08000000000000699607, 1.549999999999999822 ) ) ;
#1610 = UNCERTAINTY_MEASURE_WITH_UNIT (LENGTH_MEASURE( 1.000000000000000082E-05 ), #1244, 'distance_accuracy_value', 'NONE');
#1611 = COLOUR_RGB ( '',1.000000000000000000, 1.000000000000000000, 1.000000000000000000 ) ;
#1612 = VECTOR ( 'NONE', #2076, 1000.000000000000000 ) ;
#1613 = CARTESIAN_POINT ( 'NONE',  ( 2.629999999999999893, -1.219999999999996643, 3.311587955583269238 ) ) ;
#1614 = ORIENTED_EDGE ( 'NONE', *, *, #1118, .F. ) ;
#1615 = CARTESIAN_POINT ( 'NONE',  ( -2.609999999999999876, -0.9114819830089422315, 3.001587955583269185 ) ) ;
#1616 =( NAMED_UNIT ( * ) SI_UNIT ( $, .STERADIAN. ) SOLID_ANGLE_UNIT ( ) );
#1617 = CARTESIAN_POINT ( 'NONE',  ( 0.3300000000000000711, 0.08000000000000687117, 2.276935844137441656 ) ) ;
#1618 = AXIS2_PLACEMENT_3D ( 'NONE', #2342, #877, #1266 ) ;
#1619 = CARTESIAN_POINT ( 'NONE',  ( 2.629999999999999893, -0.9114819830089387898, 3.001587955583268741 ) ) ;
#1620 = VERTEX_POINT ( 'NONE', #1535 ) ;
#1621 = STYLED_ITEM ( 'NONE', ( #1031 ), #1657 ) ;
#1622 = PLANE ( 'NONE',  #1423 ) ;
#1623 = ORIENTED_EDGE ( 'NONE', *, *, #2094, .F. ) ;
#1624 = VECTOR ( 'NONE', #573, 1000.000000000000000 ) ;
#1625 = VECTOR ( 'NONE', #805, 1000.000000000000000 ) ;
#1626 = CARTESIAN_POINT ( 'NONE',  ( -2.609999999999999876, -0.9737980617469478295, 3.355000000000000426 ) ) ;
#1627 = CARTESIAN_POINT ( 'NONE',  ( 2.629999999999999893, -1.219999999999996643, 3.311587955583269238 ) ) ;
#1628 =( GEOMETRIC_REPRESENTATION_CONTEXT ( 3 ) GLOBAL_UNCERTAINTY_ASSIGNED_CONTEXT ( ( #2274 ) ) GLOBAL_UNIT_ASSIGNED_CONTEXT ( ( #155, #1417, #1752 ) ) REPRESENTATION_CONTEXT ( 'NONE', 'WORKASPACE' ) );
#1629 = CARTESIAN_POINT ( 'NONE',  ( 3.077705937909532175, -0.5799999999999999600, -1.577705937909532175 ) ) ;
#1630 = ORIENTED_EDGE ( 'NONE', *, *, #1848, .T. ) ;
#1631 = DIRECTION ( 'NONE',  ( -0.000000000000000000, 0.000000000000000000, -1.000000000000000000 ) ) ;
#1632 = ORIENTED_EDGE ( 'NONE', *, *, #678, .T. ) ;
#1633 = FILL_AREA_STYLE_COLOUR ( '', #1193 ) ;
#1634 = DIRECTION ( 'NONE',  ( -1.000000000000000000, 0.000000000000000000, -0.000000000000000000 ) ) ;
#1635 = EDGE_LOOP ( 'NONE', ( #503, #347, #1713, #1437 ) ) ;
#1636 = FILL_AREA_STYLE_COLOUR ( '', #1512 ) ;
#1637 = EDGE_CURVE ( 'NONE', #718, #2074, #144, .T. ) ;
#1638 = LINE ( 'NONE', #2321, #190 ) ;
#1639 = EDGE_CURVE ( 'NONE', #415, #1984, #167, .T. ) ;
#1640 = CARTESIAN_POINT ( 'NONE',  ( 0.3300000000000000711, -0.1699999999999931011, 2.149999999999999911 ) ) ;
#1641 = VECTOR ( 'NONE', #1372, 1000.000000000000000 ) ;
#1642 = FACE_OUTER_BOUND ( 'NONE', #1421, .T. ) ;
#1643 = CARTESIAN_POINT ( 'NONE',  ( -1.475000000000000089, 0.08000000000000526135, -3.354999999999999982 ) ) ;
#1644 = DIRECTION ( 'NONE',  ( 0.000000000000000000, 0.8073493873705618329, -0.5900736960010829479 ) ) ;
#1645 = EDGE_CURVE ( 'NONE', #1405, #1620, #2316, .T. ) ;
#1646 = VERTEX_POINT ( 'NONE', #795 ) ;
#1647 = DIRECTION ( 'NONE',  ( 0.000000000000000000, 1.000000000000000000, 0.000000000000000000 ) ) ;
#1648 = ORIENTED_EDGE ( 'NONE', *, *, #599, .F. ) ;
#1649 = ORIENTED_EDGE ( 'NONE', *, *, #761, .T. ) ;
#1650 = DIRECTION ( 'NONE',  ( -1.000000000000000000, -0.000000000000000000, -0.000000000000000000 ) ) ;
#1651 = CARTESIAN_POINT ( 'NONE',  ( -1.969999999999999973, -0.1699999999999947942, 1.549999999999999600 ) ) ;
#1652 = ORIENTED_EDGE ( 'NONE', *, *, #2102, .F. ) ;
#1653 = PRESENTATION_LAYER_ASSIGNMENT (  '', '', ( #1458 ) ) ;
#1654 = ORIENTED_EDGE ( 'NONE', *, *, #1533, .F. ) ;
#1655 = PLANE ( 'NONE',  #1910 ) ;
#1656 = DIRECTION ( 'NONE',  ( 0.000000000000000000, 9.035018104045869462E-17, -1.000000000000000000 ) ) ;
#1657 = MANIFOLD_SOLID_BREP ( 'LPattern1[1]', #1563 ) ;
#1658 = VECTOR ( 'NONE', #1078, 1000.000000000000000 ) ;
#1659 = CARTESIAN_POINT ( 'NONE',  ( -3.073481999987428548, 0.2639551423448229239, -1.573481999987428326 ) ) ;
#1660 = LINE ( 'NONE', #426, #1863 ) ;
#1661 = DIRECTION ( 'NONE',  ( 0.000000000000000000, -0.8073493873705619439, 0.5900736960010828369 ) ) ;
#1662 = VERTEX_POINT ( 'NONE', #2048 ) ;
#1663 = VERTEX_POINT ( 'NONE', #2262 ) ;
#1664 = ORIENTED_EDGE ( 'NONE', *, *, #83, .F. ) ;
#1665 = VECTOR ( 'NONE', #1265, 1000.000000000000227 ) ;
#1666 = AXIS2_PLACEMENT_3D ( 'NONE', #2314, #683, #833 ) ;
#1667 = PLANE ( 'NONE',  #944 ) ;
#1668 = DIRECTION ( 'NONE',  ( 0.000000000000000000, 0.000000000000000000, 1.000000000000000000 ) ) ;
#1669 =( NAMED_UNIT ( * ) SI_UNIT ( $, .STERADIAN. ) SOLID_ANGLE_UNIT ( ) );
#1670 = CARTESIAN_POINT ( 'NONE',  ( 0.000000000000000000, 0.000000000000000000, 1.549999999999999600 ) ) ;
#1671 = MECHANICAL_DESIGN_GEOMETRIC_PRESENTATION_REPRESENTATION (  '', ( #1621 ), #538 ) ;
#1672 = FACE_OUTER_BOUND ( 'NONE', #923, .T. ) ;
#1673 = DIRECTION ( 'NONE',  ( -0.000000000000000000, 0.000000000000000000, 1.000000000000000000 ) ) ;
#1674 = VERTEX_POINT ( 'NONE', #444 ) ;
#1675 = PLANE ( 'NONE',  #2370 ) ;
#1676 = CARTESIAN_POINT ( 'NONE',  ( -1.475000000000000089, -0.1699999999999947942, -1.550000000000000044 ) ) ;
#1677 = PLANE ( 'NONE',  #658 ) ;
#1678 = PLANE ( 'NONE',  #418 ) ;
#1679 = ADVANCED_FACE ( 'NONE', ( #1737 ), #2245, .T. ) ;
#1680 = PLANE ( 'NONE',  #1541 ) ;
#1681 = VERTEX_POINT ( 'NONE', #1164 ) ;
#1682 = LINE ( 'NONE', #1619, #6 ) ;
#1683 = EDGE_LOOP ( 'NONE', ( #2129, #684, #2145, #926, #401, #1043, #59, #1761 ) ) ;
#1684 = CARTESIAN_POINT ( 'NONE',  ( -0.3099999999999999978, 1.735295576288162944E-15, -1.652662453607774068E-16 ) ) ;
#1685 = DIRECTION ( 'NONE',  ( -1.000000000000000000, 0.000000000000000000, 0.000000000000000000 ) ) ;
#1686 = VECTOR ( 'NONE', #897, 1000.000000000000000 ) ;
#1687 = AXIS2_PLACEMENT_3D ( 'NONE', #1962, #150, #519 ) ;
#1688 = SURFACE_STYLE_FILL_AREA ( #2011 ) ;
#1689 = DIRECTION ( 'NONE',  ( 0.000000000000000000, -1.000000000000000000, 0.000000000000000000 ) ) ;
#1690 = PLANE ( 'NONE',  #1485 ) ;
#1691 = EDGE_CURVE ( 'NONE', #1176, #1462, #1930, .T. ) ;
#1692 = FACE_OUTER_BOUND ( 'NONE', #46, .T. ) ;
#1693 = CARTESIAN_POINT ( 'NONE',  ( 2.629999999999999893, -0.1699999999999913247, 1.549999999999999600 ) ) ;
#1694 = ORIENTED_EDGE ( 'NONE', *, *, #116, .T. ) ;
#1695 = EDGE_CURVE ( 'NONE', #141, #522, #1362, .T. ) ;
#1696 = EDGE_LOOP ( 'NONE', ( #27, #68, #2209, #2138 ) ) ;
#1697 = CARTESIAN_POINT ( 'NONE',  ( 2.629999999999999893, -0.1699999999999913247, 3.355000000000000426 ) ) ;
#1698 = CARTESIAN_POINT ( 'NONE',  ( -3.149999999999999911, -0.1699999999999994571, -1.649999999999999911 ) ) ;
#1699 = DIRECTION ( 'NONE',  ( 0.000000000000000000, 0.9848077530122092416, -0.1736481776669237809 ) ) ;
#1700 = ORIENTED_EDGE ( 'NONE', *, *, #1307, .F. ) ;
#1701 = PLANE ( 'NONE',  #482 ) ;
#1702 = AXIS2_PLACEMENT_3D ( 'NONE', #1606, #1974, #1393 ) ;
#1703 = AXIS2_PLACEMENT_3D ( 'NONE', #1800, #1409, #326 ) ;
#1704 = FACE_OUTER_BOUND ( 'NONE', #2260, .T. ) ;
#1705 = CARTESIAN_POINT ( 'NONE',  ( -1.969999999999999973, -0.9114819830089422315, 3.001587955583269185 ) ) ;
#1706 = DIRECTION ( 'NONE',  ( -0.000000000000000000, 0.000000000000000000, -1.000000000000000000 ) ) ;
#1707 = CARTESIAN_POINT ( 'NONE',  ( 1.475000000000000089, 0.08000000000000517808, -2.276935844137442100 ) ) ;
#1708 = LINE ( 'NONE', #1351, #2103 ) ;
#1709 = DIRECTION ( 'NONE',  ( 0.000000000000000000, -9.035018104045870694E-17, 1.000000000000000000 ) ) ;
#1710 = ORIENTED_EDGE ( 'NONE', *, *, #1148, .F. ) ;
#1711 = ADVANCED_FACE ( 'NONE', ( #1907 ), #256, .F. ) ;
#1712 = EDGE_CURVE ( 'NONE', #112, #2084, #58, .T. ) ;
#1713 = ORIENTED_EDGE ( 'NONE', *, *, #558, .T. ) ;
#1714 = DIRECTION ( 'NONE',  ( 0.000000000000000000, -1.000000000000000000, 0.000000000000000000 ) ) ;
#1715 = PLANE ( 'NONE',  #1091 ) ;
#1716 = LINE ( 'NONE', #142, #488 ) ;
#1717 =( GEOMETRIC_REPRESENTATION_CONTEXT ( 3 ) GLOBAL_UNCERTAINTY_ASSIGNED_CONTEXT ( ( #280 ) ) GLOBAL_UNIT_ASSIGNED_CONTEXT ( ( #1061, #847, #1616 ) ) REPRESENTATION_CONTEXT ( 'NONE', 'WORKASPACE' ) );
#1718 = ORIENTED_EDGE ( 'NONE', *, *, #1024, .F. ) ;
#1719 = VERTEX_POINT ( 'NONE', #1902 ) ;
#1720 = PRESENTATION_STYLE_ASSIGNMENT (( #2075 ) ) ;
#1721 = DIRECTION ( 'NONE',  ( 0.000000000000000000, 1.677902463997330386E-16, -1.000000000000000000 ) ) ;
#1722 = VECTOR ( 'NONE', #695, 1000.000000000000000 ) ;
#1723 = FACE_OUTER_BOUND ( 'NONE', #207, .T. ) ;
#1724 = CARTESIAN_POINT ( 'NONE',  ( -3.150000000000000355, 0.5800000000000001821, -1.517754764468656425 ) ) ;
#1725 = DIRECTION ( 'NONE',  ( 0.000000000000000000, -0.9848077530122093526, -0.1736481776669230315 ) ) ;
#1726 = VERTEX_POINT ( 'NONE', #1894 ) ;
#1727 = VECTOR ( 'NONE', #1877, 1000.000000000000000 ) ;
#1728 = ORIENTED_EDGE ( 'NONE', *, *, #1691, .T. ) ;
#1729 = ORIENTED_EDGE ( 'NONE', *, *, #1645, .T. ) ;
#1730 = EDGE_CURVE ( 'NONE', #1489, #87, #2340, .T. ) ;
#1731 = VECTOR ( 'NONE', #1146, 1000.000000000000227 ) ;
#1732 = AXIS2_PLACEMENT_3D ( 'NONE', #364, #553, #1468 ) ;
#1733 = FACE_OUTER_BOUND ( 'NONE', #2013, .T. ) ;
#1734 = MANIFOLD_SOLID_BREP ( 'LPattern1[2]', #1972 ) ;
#1735 = EDGE_CURVE ( 'NONE', #306, #345, #1708, .T. ) ;
#1736 =( LENGTH_UNIT ( ) NAMED_UNIT ( * ) SI_UNIT ( .MILLI., .METRE. ) );
#1737 = FACE_OUTER_BOUND ( 'NONE', #2277, .T. ) ;
#1738 = PRODUCT ( 'AMS1117-3.3', 'AMS1117-3.3', '', ( #779 ) ) ;
#1739 = EDGE_CURVE ( 'NONE', #2074, #626, #1135, .T. ) ;
#1740 =( LENGTH_UNIT ( ) NAMED_UNIT ( * ) SI_UNIT ( .MILLI., .METRE. ) );
#1741 = EDGE_CURVE ( 'NONE', #756, #686, #2042, .T. ) ;
#1742 = ORIENTED_EDGE ( 'NONE', *, *, #2150, .T. ) ;
#1743 = VERTEX_POINT ( 'NONE', #1379 ) ;
#1744 =( LENGTH_UNIT ( ) NAMED_UNIT ( * ) SI_UNIT ( .MILLI., .METRE. ) );
#1745 = DIRECTION ( 'NONE',  ( 0.000000000000000000, 1.000000000000000000, 0.000000000000000000 ) ) ;
#1746 = LINE ( 'NONE', #2058, #465 ) ;
#1747 = MECHANICAL_DESIGN_GEOMETRIC_PRESENTATION_REPRESENTATION (  '', ( #406 ), #2073 ) ;
#1748 = ADVANCED_FACE ( 'NONE', ( #1890 ), #103, .F. ) ;
#1749 = ORIENTED_EDGE ( 'NONE', *, *, #484, .T. ) ;
#1750 = DIRECTION ( 'NONE',  ( 0.000000000000000000, 1.677902463997330386E-16, -1.000000000000000000 ) ) ;
#1751 = ORIENTED_EDGE ( 'NONE', *, *, #1452, .F. ) ;
#1752 =( NAMED_UNIT ( * ) SI_UNIT ( $, .STERADIAN. ) SOLID_ANGLE_UNIT ( ) );
#1753 = CARTESIAN_POINT ( 'NONE',  ( 2.629999999999999893, -0.9114819830089387898, 3.001587955583268741 ) ) ;
#1754 = VERTEX_POINT ( 'NONE', #1915 ) ;
#1755 = MECHANICAL_DESIGN_GEOMETRIC_PRESENTATION_REPRESENTATION (  '', ( #2171 ), #1717 ) ;
#1756 = VECTOR ( 'NONE', #1568, 1000.000000000000000 ) ;
#1757 = ADVANCED_FACE ( 'NONE', ( #1692 ), #2284, .F. ) ;
#1758 = LINE ( 'NONE', #1367, #1359 ) ;
#1759 = ORIENTED_EDGE ( 'NONE', *, *, #842, .F. ) ;
#1760 = MECHANICAL_DESIGN_GEOMETRIC_PRESENTATION_REPRESENTATION (  '', ( #964 ), #715 ) ;
#1761 = ORIENTED_EDGE ( 'NONE', *, *, #761, .F. ) ;
#1762 = LINE ( 'NONE', #158, #858 ) ;
#1763 = DIRECTION ( 'NONE',  ( -0.000000000000000000, 0.9848077530122092416, -0.1736481776669237809 ) ) ;
#1764 =( NAMED_UNIT ( * ) PLANE_ANGLE_UNIT ( ) SI_UNIT ( $, .RADIAN. ) );
#1765 = ORIENTED_EDGE ( 'NONE', *, *, #1334, .F. ) ;
#1766 = SURFACE_STYLE_FILL_AREA ( #2111 ) ;
#1767 = EDGE_CURVE ( 'NONE', #1952, #1489, #98, .T. ) ;
#1768 = FILL_AREA_STYLE_COLOUR ( '', #642 ) ;
#1769 = ADVANCED_FACE ( 'NONE', ( #787 ), #1550, .T. ) ;
#1770 = CARTESIAN_POINT ( 'NONE',  ( 1.989999999999999991, 0.08000000000000873079, 3.355000000000000426 ) ) ;
#1771 = VECTOR ( 'NONE', #1115, 1000.000000000000000 ) ;
#1772 = PLANE ( 'NONE',  #2164 ) ;
#1773 = CARTESIAN_POINT ( 'NONE',  ( 1.989999999999999991, -1.140215771465810102, 2.859109110805095000 ) ) ;
#1774 = EDGE_LOOP ( 'NONE', ( #862, #1209, #1710, #279 ) ) ;
#1775 = VECTOR ( 'NONE', #1725, 1000.000000000000000 ) ;
#1776 = DIRECTION ( 'NONE',  ( 0.000000000000000000, -0.1736481776669234756, 0.9848077530122092416 ) ) ;
#1777 = VERTEX_POINT ( 'NONE', #1026 ) ;
#1778 = EDGE_LOOP ( 'NONE', ( #276, #1946, #1212, #1891 ) ) ;
#1779 = DIRECTION ( 'NONE',  ( 0.000000000000000000, -0.1736481776669234756, 0.9848077530122092416 ) ) ;
#1780 = DIRECTION ( 'NONE',  ( -0.000000000000000000, 0.000000000000000000, -1.000000000000000000 ) ) ;
#1781 = EDGE_CURVE ( 'NONE', #2318, #2036, #890, .T. ) ;
#1782 = FACE_OUTER_BOUND ( 'NONE', #419, .T. ) ;
#1783 = LINE ( 'NONE', #2045, #2188 ) ;
#1784 = LINE ( 'NONE', #2230, #283 ) ;
#1785 = CARTESIAN_POINT ( 'NONE',  ( 2.895414388881257128, -1.613826747874061551, -1.395414388881254464 ) ) ;
#1786 = UNCERTAINTY_MEASURE_WITH_UNIT (LENGTH_MEASURE( 1.000000000000000082E-05 ), #1220, 'distance_accuracy_value', 'NONE');
#1787 = EDGE_LOOP ( 'NONE', ( #983, #1531, #2242, #1190, #1045, #1601, #1938, #1648 ) ) ;
#1788 = DIRECTION ( 'NONE',  ( -0.000000000000000000, -0.000000000000000000, 1.000000000000000000 ) ) ;
#1789 = DIRECTION ( 'NONE',  ( 0.000000000000000000, 0.5900736960010829479, -0.8073493873705618329 ) ) ;
#1790 =( LENGTH_UNIT ( ) NAMED_UNIT ( * ) SI_UNIT ( .MILLI., .METRE. ) );
#1791 = SURFACE_STYLE_USAGE ( .BOTH. , #1598 ) ;
#1792 = LINE ( 'NONE', #762, #644 ) ;
#1793 = ORIENTED_EDGE ( 'NONE', *, *, #83, .T. ) ;
#1794 = CARTESIAN_POINT ( 'NONE',  ( 0.3300000000000000711, 0.08000000000000687117, 2.276935844137441656 ) ) ;
#1795 = LINE ( 'NONE', #512, #2352 ) ;
#1796 = COLOUR_RGB ( '',1.000000000000000000, 1.000000000000000000, 1.000000000000000000 ) ;
#1797 = CARTESIAN_POINT ( 'NONE',  ( -3.073481999987428548, 0.2639551423448229239, 1.573481999987428326 ) ) ;
#1798 = ORIENTED_EDGE ( 'NONE', *, *, #1730, .T. ) ;
#1799 = ORIENTED_EDGE ( 'NONE', *, *, #585, .F. ) ;
#1800 = CARTESIAN_POINT ( 'NONE',  ( -1.969999999999999973, -0.1699999999999948219, 2.149999999999999911 ) ) ;
#1801 = ORIENTED_EDGE ( 'NONE', *, *, #704, .T. ) ;
#1802 = FACE_OUTER_BOUND ( 'NONE', #1119, .T. ) ;
#1803 = CARTESIAN_POINT ( 'NONE',  ( -0.3099999999999999978, -1.219999999999998419, 3.311587955583269682 ) ) ;
#1804 = FILL_AREA_STYLE_COLOUR ( '', #1099 ) ;
#1805 = EDGE_CURVE ( 'NONE', #1663, #1576, #2061, .T. ) ;
#1806 = CARTESIAN_POINT ( 'NONE',  ( -1.475000000000000089, 0.08000000000000526135, -1.550000000000000044 ) ) ;
#1807 = LINE ( 'NONE', #56, #850 ) ;
#1808 = CARTESIAN_POINT ( 'NONE',  ( 0.3300000000000000711, -0.1699999999999930456, 3.355000000000000426 ) ) ;
#1809 = PRESENTATION_STYLE_ASSIGNMENT (( #203 ) ) ;
#1810 = ORIENTED_EDGE ( 'NONE', *, *, #856, .T. ) ;
#1811 = CARTESIAN_POINT ( 'NONE',  ( 1.475000000000000089, 0.000000000000000000, 0.000000000000000000 ) ) ;
#1812 = AXIS2_PLACEMENT_3D ( 'NONE', #1422, #1789, #1059 ) ;
#1813 = VERTEX_POINT ( 'NONE', #1218 ) ;
#1814 = CARTESIAN_POINT ( 'NONE',  ( 3.017754764468656425, 0.5800000000000045119, -1.649999999999999911 ) ) ;
#1815 = PRESENTATION_LAYER_ASSIGNMENT (  '', '', ( #115 ) ) ;
#1816 = DIRECTION ( 'NONE',  ( 0.000000000000000000, -0.8073493873705617219, 0.5900736960010831700 ) ) ;
#1817 = VECTOR ( 'NONE', #165, 999.9999999999998863 ) ;
#1818 = CARTESIAN_POINT ( 'NONE',  ( -1.969999999999999973, -1.220000000000000195, 3.311587955583269682 ) ) ;
#1819 = VERTEX_POINT ( 'NONE', #321 ) ;
#1820 = FACE_OUTER_BOUND ( 'NONE', #1961, .T. ) ;
#1821 = EDGE_LOOP ( 'NONE', ( #1801, #1843, #1032, #2136 ) ) ;
#1822 = LINE ( 'NONE', #656, #579 ) ;
#1823 = EDGE_CURVE ( 'NONE', #1620, #2207, #2297, .T. ) ;
#1824 = VECTOR ( 'NONE', #394, 1000.000000000000000 ) ;
#1825 = CARTESIAN_POINT ( 'NONE',  ( -0.3099999999999999978, -0.9114819830089405661, 3.001587955583269185 ) ) ;
#1826 = PRESENTATION_STYLE_ASSIGNMENT (( #869 ) ) ;
#1827 = VECTOR ( 'NONE', #386, 1000.000000000000000 ) ;
#1828 = CARTESIAN_POINT ( 'NONE',  ( 0.000000000000000000, 0.000000000000000000, -1.550000000000000044 ) ) ;
#1829 = CARTESIAN_POINT ( 'NONE',  ( 1.475000000000000089, -1.220000000000000195, -3.311587955583269682 ) ) ;
#1830 = VERTEX_POINT ( 'NONE', #687 ) ;
#1831 = ORIENTED_EDGE ( 'NONE', *, *, #2133, .T. ) ;
#1832 = ORIENTED_EDGE ( 'NONE', *, *, #1365, .T. ) ;
#1833 = DIRECTION ( 'NONE',  ( 1.000000000000000000, -0.000000000000000000, -0.000000000000000000 ) ) ;
#1834 = DIRECTION ( 'NONE',  ( 0.000000000000000000, 0.000000000000000000, 1.000000000000000000 ) ) ;
#1835 = ORIENTED_EDGE ( 'NONE', *, *, #985, .F. ) ;
#1836 = AXIS2_PLACEMENT_3D ( 'NONE', #1684, #425, #1517 ) ;
#1837 = FACE_OUTER_BOUND ( 'NONE', #1231, .T. ) ;
#1838 = DIRECTION ( 'NONE',  ( 0.1710878697460299358, -0.9702875252478160295, 0.1710878697460292142 ) ) ;
#1839 = VECTOR ( 'NONE', #2304, 1000.000000000000000 ) ;
#1840 = CARTESIAN_POINT ( 'NONE',  ( 2.629999999999999893, 0.08000000000000873079, 1.549999999999999600 ) ) ;
#1841 = EDGE_CURVE ( 'NONE', #369, #324, #1066, .T. ) ;
#1842 = ORIENTED_EDGE ( 'NONE', *, *, #1767, .T. ) ;
#1843 = ORIENTED_EDGE ( 'NONE', *, *, #1853, .T. ) ;
#1844 = ADVANCED_FACE ( 'NONE', ( #1977 ), #1947, .F. ) ;
#1845 = DIRECTION ( 'NONE',  ( -0.000000000000000000, -0.000000000000000000, -1.000000000000000000 ) ) ;
#1846 = CARTESIAN_POINT ( 'NONE',  ( -1.475000000000000089, -1.220000000000000195, -3.311587955583269682 ) ) ;
#1847 = DIRECTION ( 'NONE',  ( 0.000000000000000000, 9.035018104045869462E-17, -1.000000000000000000 ) ) ;
#1848 = EDGE_CURVE ( 'NONE', #1883, #2306, #1496, .T. ) ;
#1849 = ORIENTED_EDGE ( 'NONE', *, *, #1892, .T. ) ;
#1850 = APPLICATION_CONTEXT ( 'automotive_design' ) ;
#1851 = SHAPE_DEFINITION_REPRESENTATION ( #627, #392 ) ;
#1852 = CARTESIAN_POINT ( 'NONE',  ( -3.150000000000000355, 0.5800000000000000711, 1.517754764468656425 ) ) ;
#1853 = EDGE_CURVE ( 'NONE', #75, #1085, #671, .T. ) ;
#1854 = VECTOR ( 'NONE', #174, 1000.000000000000000 ) ;
#1855 = CARTESIAN_POINT ( 'NONE',  ( 0.3300000000000000711, -0.9737980617469460531, 3.355000000000000426 ) ) ;
#1856 = EDGE_CURVE ( 'NONE', #388, #306, #530, .T. ) ;
#1857 = DIRECTION ( 'NONE',  ( 0.000000000000000000, 0.9848077530122096857, -0.1736481776669213661 ) ) ;
#1858 = ADVANCED_FACE ( 'NONE', ( #1038 ), #1415, .F. ) ;
#1859 = PLANE ( 'NONE',  #1215 ) ;
#1860 = VERTEX_POINT ( 'NONE', #700 ) ;
#1861 =( NAMED_UNIT ( * ) SI_UNIT ( $, .STERADIAN. ) SOLID_ANGLE_UNIT ( ) );
#1862 = DIRECTION ( 'NONE',  ( -1.000000000000000000, 0.000000000000000000, 0.000000000000000000 ) ) ;
#1863 = VECTOR ( 'NONE', #951, 1000.000000000000000 ) ;
#1864 = ORIENTED_EDGE ( 'NONE', *, *, #1276, .F. ) ;
#1865 = PRESENTATION_LAYER_ASSIGNMENT (  '', '', ( #811 ) ) ;
#1866 = CARTESIAN_POINT ( 'NONE',  ( -3.150000000000000355, 0.08000000000000871692, 1.605918254822884084 ) ) ;
#1867 = EDGE_CURVE ( 'NONE', #655, #946, #1795, .T. ) ;
#1868 = FACE_OUTER_BOUND ( 'NONE', #1574, .T. ) ;
#1869 = STYLED_ITEM ( 'NONE', ( #1273 ), #1358 ) ;
#1870 = PRESENTATION_STYLE_ASSIGNMENT (( #682 ) ) ;
#1871 = ADVANCED_FACE ( 'NONE', ( #916 ), #341, .F. ) ;
#1872 = CARTESIAN_POINT ( 'NONE',  ( 2.629999999999999893, 0.08000000000000873079, 1.549999999999999600 ) ) ;
#1873 = COLOUR_RGB ( '',1.000000000000000000, 1.000000000000000000, 1.000000000000000000 ) ;
#1874 = SURFACE_STYLE_FILL_AREA ( #2104 ) ;
#1875 = EDGE_LOOP ( 'NONE', ( #505, #523, #1832, #1810, #2244, #1751 ) ) ;
#1876 = CARTESIAN_POINT ( 'NONE',  ( 1.475000000000000089, -0.1699999999999947942, -1.550000000000000044 ) ) ;
#1877 = DIRECTION ( 'NONE',  ( 0.1710878697460299358, -0.9702875252478160295, -0.1710878697460292142 ) ) ;
#1878 = DIRECTION ( 'NONE',  ( 0.000000000000000000, 0.000000000000000000, 1.000000000000000000 ) ) ;
#1879 = FILL_AREA_STYLE_COLOUR ( '', #1873 ) ;
#1880 = FILL_AREA_STYLE ('',( #615 ) ) ;
#1881 = FACE_OUTER_BOUND ( 'NONE', #901, .T. ) ;
#1882 = ORIENTED_EDGE ( 'NONE', *, *, #1072, .T. ) ;
#1883 = VERTEX_POINT ( 'NONE', #133 ) ;
#1884 = CARTESIAN_POINT ( 'NONE',  ( 2.629999999999999893, -0.1699999999999913247, 3.355000000000000426 ) ) ;
#1885 = ADVANCED_FACE ( 'NONE', ( #696 ), #2152, .F. ) ;
#1886 = LINE ( 'NONE', #970, #9 ) ;
#1887 = EDGE_CURVE ( 'NONE', #1052, #2071, #1014, .T. ) ;
#1888 = CARTESIAN_POINT ( 'NONE',  ( 1.989999999999999991, 0.2770404910104690144, 1.571174699965697696 ) ) ;
#1889 = CARTESIAN_POINT ( 'NONE',  ( 0.3300000000000000711, -0.1699999999999931011, 2.149999999999999911 ) ) ;
#1890 = FACE_OUTER_BOUND ( 'NONE', #2158, .T. ) ;
#1891 = ORIENTED_EDGE ( 'NONE', *, *, #798, .F. ) ;
#1892 = EDGE_CURVE ( 'NONE', #698, #2326, #1493, .T. ) ;
#1893 = EDGE_LOOP ( 'NONE', ( #1798, #170, #377, #2007 ) ) ;
#1894 = CARTESIAN_POINT ( 'NONE',  ( 2.629999999999999893, 0.08000000000000860589, 2.276935844137441212 ) ) ;
#1895 = DIRECTION ( 'NONE',  ( -0.000000000000000000, 0.5900736960010828369, 0.8073493873705619439 ) ) ;
#1896 = ORIENTED_EDGE ( 'NONE', *, *, #2051, .F. ) ;
#1897 = CARTESIAN_POINT ( 'NONE',  ( 2.629999999999999893, 0.08000000000000873079, 1.549999999999999600 ) ) ;
#1898 = ADVANCED_FACE ( 'NONE', ( #836 ), #1448, .F. ) ;
#1899 = ORIENTED_EDGE ( 'NONE', *, *, #1365, .F. ) ;
#1900 = SURFACE_STYLE_FILL_AREA ( #938 ) ;
#1901 = LINE ( 'NONE', #826, #1839 ) ;
#1902 = CARTESIAN_POINT ( 'NONE',  ( 1.989999999999999991, 0.08000000000000860589, 2.276935844137441212 ) ) ;
#1903 = CARTESIAN_POINT ( 'NONE',  ( 2.629999999999999893, -1.140215771465810102, 2.859109110805095000 ) ) ;
#1904 = ORIENTED_EDGE ( 'NONE', *, *, #253, .T. ) ;
#1905 = CARTESIAN_POINT ( 'NONE',  ( -1.969999999999999973, 0.08000000000000526135, 3.355000000000000426 ) ) ;
#1906 = ORIENTED_EDGE ( 'NONE', *, *, #1695, .F. ) ;
#1907 = FACE_OUTER_BOUND ( 'NONE', #1071, .T. ) ;
#1908 = EDGE_CURVE ( 'NONE', #1109, #946, #2092, .T. ) ;
#1909 = VERTEX_POINT ( 'NONE', #2362 ) ;
#1910 = AXIS2_PLACEMENT_3D ( 'NONE', #941, #37, #1 ) ;
#1911 = CARTESIAN_POINT ( 'NONE',  ( -1.969999999999999973, 0.08000000000000526135, 1.550000000000000044 ) ) ;
#1912 = ORIENTED_EDGE ( 'NONE', *, *, #67, .F. ) ;
#1913 = LINE ( 'NONE', #1532, #2327 ) ;
#1914 = LINE ( 'NONE', #1659, #1624 ) ;
#1915 = CARTESIAN_POINT ( 'NONE',  ( -1.969999999999999973, -0.1699999999999947942, 1.550000000000000044 ) ) ;
#1916 =( GEOMETRIC_REPRESENTATION_CONTEXT ( 3 ) GLOBAL_UNCERTAINTY_ASSIGNED_CONTEXT ( ( #497 ) ) GLOBAL_UNIT_ASSIGNED_CONTEXT ( ( #622, #1154, #1508 ) ) REPRESENTATION_CONTEXT ( 'NONE', 'WORKASPACE' ) );
#1917 = DIRECTION ( 'NONE',  ( 0.000000000000000000, 1.000000000000000000, 0.000000000000000000 ) ) ;
#1918 = VERTEX_POINT ( 'NONE', #717 ) ;
#1919 = LINE ( 'NONE', #262, #960 ) ;
#1920 = CARTESIAN_POINT ( 'NONE',  ( -0.3099999999999999978, 0.08000000000000700995, 3.355000000000000426 ) ) ;
#1921 = ORIENTED_EDGE ( 'NONE', *, *, #1484, .T. ) ;
#1922 = MECHANICAL_DESIGN_GEOMETRIC_PRESENTATION_REPRESENTATION (  '', ( #2004 ), #737 ) ;
#1923 = DIRECTION ( 'NONE',  ( 0.000000000000000000, -0.9848077530122093526, -0.1736481776669235033 ) ) ;
#1924 = ORIENTED_EDGE ( 'NONE', *, *, #2367, .F. ) ;
#1925 = VECTOR ( 'NONE', #1021, 1000.000000000000000 ) ;
#1926 = LINE ( 'NONE', #719, #1665 ) ;
#1927 = LINE ( 'NONE', #1397, #1384 ) ;
#1928 = EDGE_CURVE ( 'NONE', #690, #2154, #528, .T. ) ;
#1929 = FILL_AREA_STYLE ('',( #416 ) ) ;
#1930 = LINE ( 'NONE', #1331, #1449 ) ;
#1931 = ORIENTED_EDGE ( 'NONE', *, *, #1979, .F. ) ;
#1932 = EDGE_CURVE ( 'NONE', #66, #2318, #1086, .T. ) ;
#1933 = DIRECTION ( 'NONE',  ( 0.000000000000000000, 0.9848077530122093526, 0.1736481776669230315 ) ) ;
#1934 =( LENGTH_UNIT ( ) NAMED_UNIT ( * ) SI_UNIT ( .MILLI., .METRE. ) );
#1935 = EDGE_CURVE ( 'NONE', #1280, #718, #348, .T. ) ;
#1936 = PLANE ( 'NONE',  #304 ) ;
#1937 = UNCERTAINTY_MEASURE_WITH_UNIT (LENGTH_MEASURE( 1.000000000000000082E-05 ), #1443, 'distance_accuracy_value', 'NONE');
#1938 = ORIENTED_EDGE ( 'NONE', *, *, #432, .F. ) ;
#1939 = DIRECTION ( 'NONE',  ( 0.000000000000000000, -0.9848077530122093526, -0.1736481776669230315 ) ) ;
#1940 = SURFACE_STYLE_USAGE ( .BOTH. , #507 ) ;
#1941 = FILL_AREA_STYLE_COLOUR ( '', #708 ) ;
#1942 = VECTOR ( 'NONE', #2181, 1000.000000000000000 ) ;
#1943 = CARTESIAN_POINT ( 'NONE',  ( 0.3300000000000000711, 0.08000000000000687117, 2.276935844137441656 ) ) ;
#1944 = MECHANICAL_DESIGN_GEOMETRIC_PRESENTATION_REPRESENTATION (  '', ( #1545 ), #77 ) ;
#1945 = PRODUCT_DEFINITION_FORMATION_WITH_SPECIFIED_SOURCE ( 'ANY', '', #1738, .NOT_KNOWN. ) ;
#1946 = ORIENTED_EDGE ( 'NONE', *, *, #2265, .T. ) ;
#1947 = PLANE ( 'NONE',  #982 ) ;
#1948 = PRESENTATION_LAYER_ASSIGNMENT (  '', '', ( #486 ) ) ;
#1949 = ORIENTED_EDGE ( 'NONE', *, *, #102, .F. ) ;
#1950 = ADVANCED_FACE ( 'NONE', ( #888 ), #1622, .F. ) ;
#1951 = PLANE ( 'NONE',  #896 ) ;
#1952 = VERTEX_POINT ( 'NONE', #372 ) ;
#1953 = CARTESIAN_POINT ( 'NONE',  ( 0.3300000000000000711, 1.735295576288162944E-15, -1.652662453607774068E-16 ) ) ;
#1954 = FACE_OUTER_BOUND ( 'NONE', #1571, .T. ) ;
#1955 = FACE_OUTER_BOUND ( 'NONE', #200, .T. ) ;
#1956 = DIRECTION ( 'NONE',  ( -0.000000000000000000, -0.000000000000000000, -1.000000000000000000 ) ) ;
#1957 = SURFACE_STYLE_USAGE ( .BOTH. , #688 ) ;
#1958 = FILL_AREA_STYLE ('',( #1804 ) ) ;
#1959 = FACE_OUTER_BOUND ( 'NONE', #2356, .T. ) ;
#1960 = PRESENTATION_STYLE_ASSIGNMENT (( #2040 ) ) ;
#1961 = EDGE_LOOP ( 'NONE', ( #1189, #870, #152, #1412, #909, #205, #266, #1428 ) ) ;
#1962 = CARTESIAN_POINT ( 'NONE',  ( -3.150000000000000355, -0.1699999999999994571, -1.649999999999999911 ) ) ;
#1963 = ORIENTED_EDGE ( 'NONE', *, *, #2317, .F. ) ;
#1964 = STYLED_ITEM ( 'NONE', ( #571 ), #1734 ) ;
#1965 = ORIENTED_EDGE ( 'NONE', *, *, #842, .T. ) ;
#1966 = DIRECTION ( 'NONE',  ( 0.000000000000000000, -0.8073493873705617219, 0.5900736960010831700 ) ) ;
#1967 = DIRECTION ( 'NONE',  ( -1.000000000000000000, -0.000000000000000000, -0.000000000000000000 ) ) ;
#1968 = SURFACE_SIDE_STYLE ('',( #308 ) ) ;
#1969 = ORIENTED_EDGE ( 'NONE', *, *, #2353, .F. ) ;
#1970 = EDGE_CURVE ( 'NONE', #1230, #948, #177, .T. ) ;
#1971 = AXIS2_PLACEMENT_3D ( 'NONE', #2099, #459, #452 ) ;
#1972 = CLOSED_SHELL ( 'NONE', ( #807, #307, #1577, #1748, #1348, #269, #1332, #2292, #1858, #123 ) ) ;
#1973 = VECTOR ( 'NONE', #731, 1000.000000000000000 ) ;
#1974 = DIRECTION ( 'NONE',  ( -0.000000000000000000, 0.1736481776669213661, 0.9848077530122096857 ) ) ;
#1975 = LINE ( 'NONE', #2184, #2122 ) ;
#1976 = LINE ( 'NONE', #390, #668 ) ;
#1977 = FACE_OUTER_BOUND ( 'NONE', #1504, .T. ) ;
#1978 = LINE ( 'NONE', #445, #584 ) ;
#1979 = EDGE_CURVE ( 'NONE', #756, #690, #952, .T. ) ;
#1980 = ORIENTED_EDGE ( 'NONE', *, *, #2176, .T. ) ;
#1981 = EDGE_CURVE ( 'NONE', #2079, #1280, #723, .T. ) ;
#1982 = DIRECTION ( 'NONE',  ( -1.000000000000000000, -0.000000000000000000, -0.000000000000000000 ) ) ;
#1983 = VERTEX_POINT ( 'NONE', #1263 ) ;
#1984 = VERTEX_POINT ( 'NONE', #1615 ) ;
#1985 = CARTESIAN_POINT ( 'NONE',  ( 0.3300000000000000711, -1.219999999999998419, 3.311587955583269682 ) ) ;
#1986 = CARTESIAN_POINT ( 'NONE',  ( -1.969999999999999973, 0.08000000000000526135, 1.550000000000000044 ) ) ;
#1987 = DIRECTION ( 'NONE',  ( 0.000000000000000000, 9.035018104045869462E-17, -1.000000000000000000 ) ) ;
#1988 = COLOUR_RGB ( '',1.000000000000000000, 1.000000000000000000, 1.000000000000000000 ) ;
#1989 = PLANE ( 'NONE',  #96 ) ;
#1990 = DIRECTION ( 'NONE',  ( -1.000000000000000000, 0.000000000000000000, -0.000000000000000000 ) ) ;
#1991 = VECTOR ( 'NONE', #1779, 1000.000000000000114 ) ;
#1992 = FACE_OUTER_BOUND ( 'NONE', #1312, .T. ) ;
#1993 = DIRECTION ( 'NONE',  ( 1.000000000000000000, -0.000000000000000000, -0.000000000000000000 ) ) ;
#1994 = DIRECTION ( 'NONE',  ( -1.000000000000000000, -0.000000000000000000, -0.000000000000000000 ) ) ;
#1995 = ORIENTED_EDGE ( 'NONE', *, *, #1981, .T. ) ;
#1996 = AXIS2_PLACEMENT_3D ( 'NONE', #336, #2146, #169 ) ;
#1997 = PLANE ( 'NONE',  #1687 ) ;
#1998 = EDGE_CURVE ( 'NONE', #441, #1130, #1599, .T. ) ;
#1999 = CARTESIAN_POINT ( 'NONE',  ( -3.150000000000000355, -0.1699999999999994571, 1.649999999999999911 ) ) ;
#2000 = MECHANICAL_DESIGN_GEOMETRIC_PRESENTATION_REPRESENTATION (  '', ( #486 ), #2373 ) ;
#2001 = ORIENTED_EDGE ( 'NONE', *, *, #1570, .T. ) ;
#2002 = ORIENTED_EDGE ( 'NONE', *, *, #612, .F. ) ;
#2003 = VECTOR ( 'NONE', #746, 1000.000000000000000 ) ;
#2004 = STYLED_ITEM ( 'NONE', ( #1809 ), #884 ) ;
#2005 =( LENGTH_UNIT ( ) NAMED_UNIT ( * ) SI_UNIT ( .MILLI., .METRE. ) );
#2006 = CARTESIAN_POINT ( 'NONE',  ( -3.150000000000000355, 0.08000000000000706546, 1.605918254822884528 ) ) ;
#2007 = ORIENTED_EDGE ( 'NONE', *, *, #1009, .T. ) ;
#2008 = DIRECTION ( 'NONE',  ( -0.9848077530122091305, -0.1736481776669245303, 0.000000000000000000 ) ) ;
#2009 = ORIENTED_EDGE ( 'NONE', *, *, #550, .T. ) ;
#2010 = CARTESIAN_POINT ( 'NONE',  ( 0.3300000000000000711, -1.140215771465811878, 2.859109110805095444 ) ) ;
#2011 = FILL_AREA_STYLE ('',( #1636 ) ) ;
#2012 = EDGE_CURVE ( 'NONE', #1830, #1354, #2275, .T. ) ;
#2013 = EDGE_LOOP ( 'NONE', ( #1010, #860, #778, #1203 ) ) ;
#2014 = ORIENTED_EDGE ( 'NONE', *, *, #183, .T. ) ;
#2015 = CARTESIAN_POINT ( 'NONE',  ( 1.475000000000000089, -0.9114819830089423425, -3.001587955583269629 ) ) ;
#2016 = EDGE_CURVE ( 'NONE', #2056, #871, #95, .T. ) ;
#2017 =( NAMED_UNIT ( * ) PLANE_ANGLE_UNIT ( ) SI_UNIT ( $, .RADIAN. ) );
#2018 = VECTOR ( 'NONE', #1283, 1000.000000000000000 ) ;
#2019 = ORIENTED_EDGE ( 'NONE', *, *, #1447, .F. ) ;
#2020 = ORIENTED_EDGE ( 'NONE', *, *, #131, .T. ) ;
#2021 = DIRECTION ( 'NONE',  ( -0.1736481776669233368, -0.9848077530122092416, 0.000000000000000000 ) ) ;
#2022 = ORIENTED_EDGE ( 'NONE', *, *, #1935, .F. ) ;
#2023 = SURFACE_STYLE_USAGE ( .BOTH. , #34 ) ;
#2024 = EDGE_LOOP ( 'NONE', ( #293, #2144, #639, #429 ) ) ;
#2025 = ORIENTED_EDGE ( 'NONE', *, *, #180, .T. ) ;
#2026 = EDGE_CURVE ( 'NONE', #2036, #1052, #1370, .T. ) ;
#2027 = ADVANCED_FACE ( 'NONE', ( #784 ), #197, .T. ) ;
#2028 = DIRECTION ( 'NONE',  ( 0.000000000000000000, -9.035018104045869462E-17, -1.000000000000000000 ) ) ;
#2029 = VECTOR ( 'NONE', #1480, 1000.000000000000000 ) ;
#2030 = CARTESIAN_POINT ( 'NONE',  ( 0.3300000000000000711, 0.08000000000000699607, 3.355000000000000426 ) ) ;
#2031 = VECTOR ( 'NONE', #1966, 1000.000000000000227 ) ;
#2032 = CARTESIAN_POINT ( 'NONE',  ( -3.150000000000000355, -0.5799999999999999600, 1.577705937909532175 ) ) ;
#2033 = ORIENTED_EDGE ( 'NONE', *, *, #467, .F. ) ;
#2034 = PRODUCT_DEFINITION ( 'UNKNOWN', '', #1945, #2272 ) ;
#2035 = AXIS2_PLACEMENT_3D ( 'NONE', #1030, #1582, #291 ) ;
#2036 = VERTEX_POINT ( 'NONE', #382 ) ;
#2037 = CARTESIAN_POINT ( 'NONE',  ( 2.629999999999999893, 0.08000000000000873079, 1.549999999999999600 ) ) ;
#2038 = ORIENTED_EDGE ( 'NONE', *, *, #2344, .F. ) ;
#2039 = CARTESIAN_POINT ( 'NONE',  ( 0.000000000000000000, 0.5800000000000000711, 0.000000000000000000 ) ) ;
#2040 = SURFACE_STYLE_USAGE ( .BOTH. , #73 ) ;
#2041 = CARTESIAN_POINT ( 'NONE',  ( 0.3300000000000000711, -0.1699999999999930456, 1.649999999999999467 ) ) ;
#2042 = LINE ( 'NONE', #288, #1261 ) ;
#2043 = FACE_OUTER_BOUND ( 'NONE', #303, .T. ) ;
#2044 = LINE ( 'NONE', #973, #314 ) ;
#2045 = CARTESIAN_POINT ( 'NONE',  ( -1.969999999999999973, 0.08000000000000526135, 1.549999999999999600 ) ) ;
#2046 = ORIENTED_EDGE ( 'NONE', *, *, #1339, .F. ) ;
#2047 = CARTESIAN_POINT ( 'NONE',  ( 1.475000000000000089, -1.220000000000000195, -3.311587955583269682 ) ) ;
#2048 = CARTESIAN_POINT ( 'NONE',  ( -0.3099999999999999978, 0.08000000000000700995, 1.549999999999999600 ) ) ;
#2049 = ADVANCED_FACE ( 'NONE', ( #1432 ), #1453, .T. ) ;
#2050 = CARTESIAN_POINT ( 'NONE',  ( -2.609999999999999876, -0.9737980617469478295, 3.355000000000000426 ) ) ;
#2051 = EDGE_CURVE ( 'NONE', #388, #1144, #1746, .T. ) ;
#2052 = ORIENTED_EDGE ( 'NONE', *, *, #2233, .T. ) ;
#2053 = CARTESIAN_POINT ( 'NONE',  ( 2.629999999999999893, -0.9737980617469443878, 3.354999999999999982 ) ) ;
#2054 = DIRECTION ( 'NONE',  ( 0.000000000000000000, 0.000000000000000000, 1.000000000000000000 ) ) ;
#2055 = EDGE_CURVE ( 'NONE', #2324, #1918, #1553, .T. ) ;
#2056 = VERTEX_POINT ( 'NONE', #590 ) ;
#2057 = VECTOR ( 'NONE', #1439, 1000.000000000000000 ) ;
#2058 = CARTESIAN_POINT ( 'NONE',  ( -1.969999999999999973, -1.140215771465813432, 2.859109110805095444 ) ) ;
#2059 = LINE ( 'NONE', #2263, #828 ) ;
#2060 = EDGE_CURVE ( 'NONE', #871, #1354, #2294, .T. ) ;
#2061 = LINE ( 'NONE', #504, #1015 ) ;
#2062 = VECTOR ( 'NONE', #1274, 1000.000000000000000 ) ;
#2063 = DIRECTION ( 'NONE',  ( 0.1710878697460269382, 0.9702875252478165846, 0.1710878697460293252 ) ) ;
#2064 = VERTEX_POINT ( 'NONE', #57 ) ;
#2065 = DIRECTION ( 'NONE',  ( 1.000000000000000000, 0.000000000000000000, 0.000000000000000000 ) ) ;
#2066 =( LENGTH_UNIT ( ) NAMED_UNIT ( * ) SI_UNIT ( .MILLI., .METRE. ) );
#2067 = PLANE ( 'NONE',  #217 ) ;
#2068 = EDGE_LOOP ( 'NONE', ( #1630, #2289, #1133, #1017 ) ) ;
#2069 = ADVANCED_FACE ( 'NONE', ( #1313 ), #582, .F. ) ;
#2070 =( GEOMETRIC_REPRESENTATION_CONTEXT ( 3 ) GLOBAL_UNCERTAINTY_ASSIGNED_CONTEXT ( ( #173 ) ) GLOBAL_UNIT_ASSIGNED_CONTEXT ( ( #428, #412, #1861 ) ) REPRESENTATION_CONTEXT ( 'NONE', 'WORKASPACE' ) );
#2071 = VERTEX_POINT ( 'NONE', #1152 ) ;
#2072 = SURFACE_STYLE_FILL_AREA ( #1958 ) ;
#2073 =( GEOMETRIC_REPRESENTATION_CONTEXT ( 3 ) GLOBAL_UNCERTAINTY_ASSIGNED_CONTEXT ( ( #1410 ) ) GLOBAL_UNIT_ASSIGNED_CONTEXT ( ( #368, #1297, #191 ) ) REPRESENTATION_CONTEXT ( 'NONE', 'WORKASPACE' ) );
#2074 = VERTEX_POINT ( 'NONE', #1693 ) ;
#2075 = SURFACE_STYLE_USAGE ( .BOTH. , #1521 ) ;
#2076 = DIRECTION ( 'NONE',  ( -1.000000000000000000, -0.000000000000000000, -0.000000000000000000 ) ) ;
#2077 = AXIS2_PLACEMENT_3D ( 'NONE', #2097, #851, #2143 ) ;
#2078 = LINE ( 'NONE', #1818, #957 ) ;
#2079 = VERTEX_POINT ( 'NONE', #2041 ) ;
#2080 = ORIENTED_EDGE ( 'NONE', *, *, #1097, .F. ) ;
#2081 = FILL_AREA_STYLE_COLOUR ( '', #2222 ) ;
#2082 = ADVANCED_FACE ( 'NONE', ( #295 ), #607, .T. ) ;
#2083 =( LENGTH_UNIT ( ) NAMED_UNIT ( * ) SI_UNIT ( .MILLI., .METRE. ) );
#2084 = VERTEX_POINT ( 'NONE', #1872 ) ;
#2085 = DIRECTION ( 'NONE',  ( -1.000000000000000000, 0.000000000000000000, 0.000000000000000000 ) ) ;
#2086 = ORIENTED_EDGE ( 'NONE', *, *, #906, .F. ) ;
#2087 = UNCERTAINTY_MEASURE_WITH_UNIT (LENGTH_MEASURE( 1.000000000000000082E-05 ), #1529, 'distance_accuracy_value', 'NONE');
#2088 = LINE ( 'NONE', #21, #1234 ) ;
#2089 = STYLED_ITEM ( 'NONE', ( #956 ), #1748 ) ;
#2090 = PLANE ( 'NONE',  #1971 ) ;
#2091 = LINE ( 'NONE', #722, #1572 ) ;
#2092 = LINE ( 'NONE', #1600, #2173 ) ;
#2093 = LINE ( 'NONE', #885, #1404 ) ;
#2094 = EDGE_CURVE ( 'NONE', #2071, #1233, #2205, .T. ) ;
#2095 = PRESENTATION_LAYER_ASSIGNMENT (  '', '', ( #1345 ) ) ;
#2096 = ORIENTED_EDGE ( 'NONE', *, *, #109, .F. ) ;
#2097 = CARTESIAN_POINT ( 'NONE',  ( 1.475000000000000089, -0.1699999999999947942, -1.550000000000000044 ) ) ;
#2098 = ORIENTED_EDGE ( 'NONE', *, *, #2012, .T. ) ;
#2099 = CARTESIAN_POINT ( 'NONE',  ( 1.475000000000000089, 0.08000000000000526135, -1.550000000000000044 ) ) ;
#2100 = ORIENTED_EDGE ( 'NONE', *, *, #2247, .T. ) ;
#2101 = PRESENTATION_STYLE_ASSIGNMENT (( #2023 ) ) ;
#2102 = EDGE_CURVE ( 'NONE', #2064, #18, #581, .T. ) ;
#2103 = VECTOR ( 'NONE', #1386, 1000.000000000000000 ) ;
#2104 = FILL_AREA_STYLE ('',( #1003 ) ) ;
#2105 = PRESENTATION_STYLE_ASSIGNMENT (( #864 ) ) ;
#2106 = EDGE_CURVE ( 'NONE', #718, #112, #645, .T. ) ;
#2107 = VECTOR ( 'NONE', #239, 1000.000000000000000 ) ;
#2108 = CARTESIAN_POINT ( 'NONE',  ( 3.077705937909533507, -0.5799999999999956302, -1.649999999999999911 ) ) ;
#2109 = DIRECTION ( 'NONE',  ( 0.000000000000000000, 0.000000000000000000, -1.000000000000000000 ) ) ;
#2110 = EDGE_CURVE ( 'NONE', #2084, #2074, #1235, .T. ) ;
#2111 = FILL_AREA_STYLE ('',( #1768 ) ) ;
#2112 = EDGE_LOOP ( 'NONE', ( #730, #1183, #315, #1322 ) ) ;
#2113 =( NAMED_UNIT ( * ) PLANE_ANGLE_UNIT ( ) SI_UNIT ( $, .RADIAN. ) );
#2114 = CARTESIAN_POINT ( 'NONE',  ( 0.3300000000000000711, -0.1699999999999931011, 2.149999999999999911 ) ) ;
#2115 = STYLED_ITEM ( 'NONE', ( #1720 ), #392 ) ;
#2116 = EDGE_CURVE ( 'NONE', #2177, #1883, #411, .T. ) ;
#2117 = VECTOR ( 'NONE', #2220, 1000.000000000000000 ) ;
#2118 = VECTOR ( 'NONE', #1845, 1000.000000000000000 ) ;
#2119 = VECTOR ( 'NONE', #1463, 1000.000000000000000 ) ;
#2120 = LINE ( 'NONE', #988, #179 ) ;
#2121 = AXIS2_PLACEMENT_3D ( 'NONE', #1814, #2008, #910 ) ;
#2122 = VECTOR ( 'NONE', #1112, 1000.000000000000000 ) ;
#2123 = ADVANCED_FACE ( 'NONE', ( #1290 ), #1680, .F. ) ;
#2124 = CARTESIAN_POINT ( 'NONE',  ( -1.475000000000000089, -0.1699999999999947942, -1.550000000000000044 ) ) ;
#2125 = PLANE ( 'NONE',  #2035 ) ;
#2126 = ORIENTED_EDGE ( 'NONE', *, *, #14, .T. ) ;
#2127 = PRESENTATION_LAYER_ASSIGNMENT (  '', '', ( #664 ) ) ;
#2128 = ORIENTED_EDGE ( 'NONE', *, *, #1935, .T. ) ;
#2129 = ORIENTED_EDGE ( 'NONE', *, *, #140, .F. ) ;
#2130 =( LENGTH_UNIT ( ) NAMED_UNIT ( * ) SI_UNIT ( .MILLI., .METRE. ) );
#2131 =( LENGTH_UNIT ( ) NAMED_UNIT ( * ) SI_UNIT ( .MILLI., .METRE. ) );
#2132 = VECTOR ( 'NONE', #464, 1000.000000000000000 ) ;
#2133 = EDGE_CURVE ( 'NONE', #2079, #441, #1976, .T. ) ;
#2134 =( NAMED_UNIT ( * ) PLANE_ANGLE_UNIT ( ) SI_UNIT ( $, .RADIAN. ) );
#2135 = SURFACE_STYLE_FILL_AREA ( #1880 ) ;
#2136 = ORIENTED_EDGE ( 'NONE', *, *, #1712, .F. ) ;
#2137 = PLANE ( 'NONE',  #43 ) ;
#2138 = ORIENTED_EDGE ( 'NONE', *, *, #1217, .F. ) ;
#2139 = EDGE_CURVE ( 'NONE', #141, #686, #1914, .T. ) ;
#2140 = CARTESIAN_POINT ( 'NONE',  ( -1.475000000000000089, -0.9114819830089423425, -3.001587955583269629 ) ) ;
#2141 = VECTOR ( 'NONE', #338, 1000.000000000000000 ) ;
#2142 = EDGE_LOOP ( 'NONE', ( #562, #1308, #252, #743 ) ) ;
#2143 = DIRECTION ( 'NONE',  ( 1.000000000000000000, 0.000000000000000000, -0.000000000000000000 ) ) ;
#2144 = ORIENTED_EDGE ( 'NONE', *, *, #1823, .T. ) ;
#2145 = ORIENTED_EDGE ( 'NONE', *, *, #471, .F. ) ;
#2146 = DIRECTION ( 'NONE',  ( 0.000000000000000000, 0.1736481776669237809, 0.9848077530122092416 ) ) ;
#2147 = AXIS2_PLACEMENT_3D ( 'NONE', #404, #1314, #1673 ) ;
#2148 = LINE ( 'NONE', #1855, #754 ) ;
#2149 = LINE ( 'NONE', #575, #1942 ) ;
#2150 = EDGE_CURVE ( 'NONE', #673, #1813, #816, .T. ) ;
#2151 = ORIENTED_EDGE ( 'NONE', *, *, #1009, .F. ) ;
#2152 = PLANE ( 'NONE',  #1812 ) ;
#2153 = VECTOR ( 'NONE', #1644, 1000.000000000000000 ) ;
#2154 = VERTEX_POINT ( 'NONE', #454 ) ;
#2155 = EDGE_CURVE ( 'NONE', #831, #1952, #2148, .T. ) ;
#2156 = ORIENTED_EDGE ( 'NONE', *, *, #1460, .F. ) ;
#2157 =( NAMED_UNIT ( * ) PLANE_ANGLE_UNIT ( ) SI_UNIT ( $, .RADIAN. ) );
#2158 = EDGE_LOOP ( 'NONE', ( #1153, #1614, #317, #36 ) ) ;
#2159 = CARTESIAN_POINT ( 'NONE',  ( -1.475000000000000089, 0.08000000000000526135, -1.550000000000000044 ) ) ;
#2160 = DIRECTION ( 'NONE',  ( 0.000000000000000000, 0.9848077530122093526, 0.1736481776669230315 ) ) ;
#2161 = DIRECTION ( 'NONE',  ( -1.000000000000000000, -0.000000000000000000, -0.000000000000000000 ) ) ;
#2162 = CARTESIAN_POINT ( 'NONE',  ( -1.969999999999999973, 0.08000000000000526135, 1.605918254822885194 ) ) ;
#2163 = PLANE ( 'NONE',  #1269 ) ;
#2164 = AXIS2_PLACEMENT_3D ( 'NONE', #10, #524, #1079 ) ;
#2165 = ORIENTED_EDGE ( 'NONE', *, *, #2094, .T. ) ;
#2166 = DIRECTION ( 'NONE',  ( 1.000000000000000000, -0.000000000000000000, -0.000000000000000000 ) ) ;
#2167 = PLANE ( 'NONE',  #633 ) ;
#2168 = DIRECTION ( 'NONE',  ( 0.000000000000000000, 0.1736481776669240029, -0.9848077530122091305 ) ) ;
#2169 = ORIENTED_EDGE ( 'NONE', *, *, #1928, .F. ) ;
#2170 = DIRECTION ( 'NONE',  ( -1.000000000000000000, -0.000000000000000000, -0.000000000000000000 ) ) ;
#2171 = STYLED_ITEM ( 'NONE', ( #1539 ), #1348 ) ;
#2172 = ORIENTED_EDGE ( 'NONE', *, *, #393, .F. ) ;
#2173 = VECTOR ( 'NONE', #1095, 1000.000000000000000 ) ;
#2174 = SURFACE_SIDE_STYLE ('',( #1325 ) ) ;
#2175 = DIRECTION ( 'NONE',  ( 0.000000000000000000, -0.1736481776669235866, -0.9848077530122093526 ) ) ;
#2176 = EDGE_CURVE ( 'NONE', #990, #2154, #866, .T. ) ;
#2177 = VERTEX_POINT ( 'NONE', #1004 ) ;
#2178 = CARTESIAN_POINT ( 'NONE',  ( -1.475000000000000089, -1.140215771465813432, -2.859109110805095444 ) ) ;
#2179 = ORIENTED_EDGE ( 'NONE', *, *, #552, .F. ) ;
#2180 = ORIENTED_EDGE ( 'NONE', *, *, #151, .T. ) ;
#2181 = DIRECTION ( 'NONE',  ( -1.000000000000000000, -0.000000000000000000, -0.000000000000000000 ) ) ;
#2182 = EDGE_CURVE ( 'NONE', #1754, #235, #1311, .T. ) ;
#2183 = CARTESIAN_POINT ( 'NONE',  ( -2.609999999999999876, 0.08000000000000526135, 1.549999999999999600 ) ) ;
#2184 = CARTESIAN_POINT ( 'NONE',  ( -2.609999999999999876, -1.140215771465813432, 2.859109110805095444 ) ) ;
#2185 = SURFACE_SIDE_STYLE ('',( #1688 ) ) ;
#2186 = DIRECTION ( 'NONE',  ( -0.9848077530122093526, 0.1736481776669233645, 0.000000000000000000 ) ) ;
#2187 = PRESENTATION_LAYER_ASSIGNMENT (  '', '', ( #975 ) ) ;
#2188 = VECTOR ( 'NONE', #1689, 1000.000000000000000 ) ;
#2189 = VECTOR ( 'NONE', #598, 1000.000000000000000 ) ;
#2190 = SURFACE_STYLE_USAGE ( .BOTH. , #567 ) ;
#2191 = ORIENTED_EDGE ( 'NONE', *, *, #704, .F. ) ;
#2192 = DIRECTION ( 'NONE',  ( 0.000000000000000000, -0.1736481776669237809, 0.9848077530122092416 ) ) ;
#2193 = DIRECTION ( 'NONE',  ( 0.000000000000000000, -1.000000000000000000, 0.000000000000000000 ) ) ;
#2194 = DIRECTION ( 'NONE',  ( 0.000000000000000000, -0.1736481776669240029, -0.9848077530122091305 ) ) ;
#2195 = VERTEX_POINT ( 'NONE', #2200 ) ;
#2196 = CARTESIAN_POINT ( 'NONE',  ( -1.475000000000000089, -0.1699999999999947942, -1.550000000000000044 ) ) ;
#2197 = DIRECTION ( 'NONE',  ( -0.000000000000000000, 1.000000000000000000, -0.000000000000000000 ) ) ;
#2198 = ORIENTED_EDGE ( 'NONE', *, *, #619, .F. ) ;
#2199 = VERTEX_POINT ( 'NONE', #1495 ) ;
#2200 = CARTESIAN_POINT ( 'NONE',  ( -1.969999999999999973, -0.1699999999999947942, 1.549999999999999600 ) ) ;
#2201 = CARTESIAN_POINT ( 'NONE',  ( -3.017754764468656870, 0.5799999999999999600, -1.517754764468656647 ) ) ;
#2202 = LINE ( 'NONE', #389, #814 ) ;
#2203 = CARTESIAN_POINT ( 'NONE',  ( -1.475000000000000089, -0.9737980617469478295, -3.354999999999999982 ) ) ;
#2204 = FACE_OUTER_BOUND ( 'NONE', #1469, .T. ) ;
#2205 = LINE ( 'NONE', #958, #2118 ) ;
#2206 = DIRECTION ( 'NONE',  ( 1.000000000000000000, -0.000000000000000000, -0.000000000000000000 ) ) ;
#2207 = VERTEX_POINT ( 'NONE', #1806 ) ;
#2208 = DIRECTION ( 'NONE',  ( -0.000000000000000000, -0.000000000000000000, 1.000000000000000000 ) ) ;
#2209 = ORIENTED_EDGE ( 'NONE', *, *, #1578, .F. ) ;
#2210 = DIRECTION ( 'NONE',  ( 0.000000000000000000, -0.5900736960010831700, -0.8073493873705617219 ) ) ;
#2211 = CARTESIAN_POINT ( 'NONE',  ( 3.150000000000000355, -0.1699999999999947664, -1.649999999999999911 ) ) ;
#2212 = ORIENTED_EDGE ( 'NONE', *, *, #400, .F. ) ;
#2213 = CARTESIAN_POINT ( 'NONE',  ( -0.3099999999999999978, 0.08000000000000699607, 1.549999999999999822 ) ) ;
#2214 = VECTOR ( 'NONE', #1650, 1000.000000000000000 ) ;
#2215 = CARTESIAN_POINT ( 'NONE',  ( -1.475000000000000089, -0.1699999999999948219, -2.149999999999999911 ) ) ;
#2216 = EDGE_CURVE ( 'NONE', #159, #937, #1527, .T. ) ;
#2217 = AXIS2_PLACEMENT_3D ( 'NONE', #136, #1213, #1933 ) ;
#2218 = FILL_AREA_STYLE ('',( #218 ) ) ;
#2219 = SURFACE_STYLE_FILL_AREA ( #1597 ) ;
#2220 = DIRECTION ( 'NONE',  ( 0.000000000000000000, 9.035018104045869462E-17, -1.000000000000000000 ) ) ;
#2221 = VECTOR ( 'NONE', #2269, 1000.000000000000000 ) ;
#2222 = COLOUR_RGB ( '',1.000000000000000000, 1.000000000000000000, 1.000000000000000000 ) ;
#2223 = ORIENTED_EDGE ( 'NONE', *, *, #1221, .F. ) ;
#2224 = AXIS2_PLACEMENT_3D ( 'NONE', #2032, #947, #24 ) ;
#2225 = FILL_AREA_STYLE_COLOUR ( '', #1192 ) ;
#2226 = ADVANCED_FACE ( 'NONE', ( #92 ), #1111, .F. ) ;
#2227 = CARTESIAN_POINT ( 'NONE',  ( 1.475000000000000089, 0.08000000000000526135, -1.550000000000000044 ) ) ;
#2228 = EDGE_CURVE ( 'NONE', #129, #1620, #271, .T. ) ;
#2229 = DIRECTION ( 'NONE',  ( -1.000000000000000000, -0.000000000000000000, -0.000000000000000000 ) ) ;
#2230 = CARTESIAN_POINT ( 'NONE',  ( -3.150000000000000355, -0.1699999999999994571, 1.649999999999999911 ) ) ;
#2231 = EDGE_CURVE ( 'NONE', #1860, #2036, #865, .T. ) ;
#2232 = ORIENTED_EDGE ( 'NONE', *, *, #2155, .T. ) ;
#2233 = EDGE_CURVE ( 'NONE', #104, #1176, #751, .T. ) ;
#2234 = ORIENTED_EDGE ( 'NONE', *, *, #1735, .F. ) ;
#2235 = CARTESIAN_POINT ( 'NONE',  ( -2.609999999999999876, 0.08000000000000513645, 2.276935844137441656 ) ) ;
#2236 = VECTOR ( 'NONE', #2355, 1000.000000000000000 ) ;
#2237 = DIRECTION ( 'NONE',  ( 0.000000000000000000, -1.118601642664886102E-16, -1.000000000000000000 ) ) ;
#2238 = CARTESIAN_POINT ( 'NONE',  ( 1.475000000000000089, 0.08000000000000526135, -1.550000000000000044 ) ) ;
#2239 = DIRECTION ( 'NONE',  ( 0.000000000000000000, 0.8073493873705617219, 0.5900736960010831700 ) ) ;
#2240 = LINE ( 'NONE', #1840, #2062 ) ;
#2241 = ADVANCED_FACE ( 'NONE', ( #121 ), #1298, .T. ) ;
#2242 = ORIENTED_EDGE ( 'NONE', *, *, #1276, .T. ) ;
#2243 = AXIS2_PLACEMENT_3D ( 'NONE', #1753, #667, #689 ) ;
#2244 = ORIENTED_EDGE ( 'NONE', *, *, #109, .T. ) ;
#2245 = PLANE ( 'NONE',  #1836 ) ;
#2246 = DIRECTION ( 'NONE',  ( 0.000000000000000000, 0.000000000000000000, 1.000000000000000000 ) ) ;
#2247 = EDGE_CURVE ( 'NONE', #690, #2318, #2088, .T. ) ;
#2248 = FILL_AREA_STYLE_COLOUR ( '', #463 ) ;
#2249 = EDGE_LOOP ( 'NONE', ( #286, #2014, #1360, #1368, #17, #1040, #1593, #843 ) ) ;
#2250 =( GEOMETRIC_REPRESENTATION_CONTEXT ( 3 ) GLOBAL_UNCERTAINTY_ASSIGNED_CONTEXT ( ( #600 ) ) GLOBAL_UNIT_ASSIGNED_CONTEXT ( ( #215, #1501, #775 ) ) REPRESENTATION_CONTEXT ( 'NONE', 'WORKASPACE' ) );
#2251 = PRESENTATION_LAYER_ASSIGNMENT (  '', '', ( #198 ) ) ;
#2252 = VECTOR ( 'NONE', #525, 1000.000000000000000 ) ;
#2253 = LINE ( 'NONE', #1905, #2132 ) ;
#2254 = DIRECTION ( 'NONE',  ( 0.000000000000000000, 1.000000000000000000, 0.000000000000000000 ) ) ;
#2255 = ADVANCED_FACE ( 'NONE', ( #1035 ), #1131, .F. ) ;
#2256 = CARTESIAN_POINT ( 'NONE',  ( 2.629999999999999893, -0.1699999999999913247, 1.649999999999999023 ) ) ;
#2257 = PRESENTATION_LAYER_ASSIGNMENT (  '', '', ( #1585 ) ) ;
#2258 = VECTOR ( 'NONE', #1336, 1000.000000000000227 ) ;
#2259 =( NAMED_UNIT ( * ) SI_UNIT ( $, .STERADIAN. ) SOLID_ANGLE_UNIT ( ) );
#2260 = EDGE_LOOP ( 'NONE', ( #1921, #2033, #449, #1793 ) ) ;
#2261 = ORIENTED_EDGE ( 'NONE', *, *, #904, .T. ) ;
#2262 = CARTESIAN_POINT ( 'NONE',  ( 1.475000000000000089, -0.1699999999999947942, -1.550000000000000044 ) ) ;
#2263 = CARTESIAN_POINT ( 'NONE',  ( 2.629999999999999893, -0.1699999999999913247, 1.549999999999999600 ) ) ;
#2264 = LINE ( 'NONE', #1613, #2141 ) ;
#2265 = EDGE_CURVE ( 'NONE', #1052, #2195, #442, .T. ) ;
#2266 = ORIENTED_EDGE ( 'NONE', *, *, #2026, .F. ) ;
#2267 = CARTESIAN_POINT ( 'NONE',  ( 0.000000000000000000, 0.000000000000000000, 0.000000000000000000 ) ) ;
#2268 = ORIENTED_EDGE ( 'NONE', *, *, #1077, .F. ) ;
#2269 = DIRECTION ( 'NONE',  ( -1.000000000000000000, -0.000000000000000000, -0.000000000000000000 ) ) ;
#2270 = ADVANCED_FACE ( 'NONE', ( #1120 ), #1092, .F. ) ;
#2271 = VECTOR ( 'NONE', #570, 1000.000000000000000 ) ;
#2272 = PRODUCT_DEFINITION_CONTEXT ( 'detailed design', #954, 'design' ) ;
#2273 = EDGE_CURVE ( 'NONE', #1719, #2326, #1792, .T. ) ;
#2274 = UNCERTAINTY_MEASURE_WITH_UNIT (LENGTH_MEASURE( 1.000000000000000082E-05 ), #155, 'distance_accuracy_value', 'NONE');
#2275 = LINE ( 'NONE', #2178, #1185 ) ;
#2276 = SURFACE_STYLE_USAGE ( .BOTH. , #1180 ) ;
#2277 = EDGE_LOOP ( 'NONE', ( #1835, #835, #1286, #1041, #1199, #974, #1556, #1588 ) ) ;
#2278 = ORIENTED_EDGE ( 'NONE', *, *, #1118, .T. ) ;
#2279 = EDGE_CURVE ( 'NONE', #676, #1743, #2202, .T. ) ;
#2280 = ORIENTED_EDGE ( 'NONE', *, *, #1805, .T. ) ;
#2281 = FACE_OUTER_BOUND ( 'NONE', #589, .T. ) ;
#2282 = SURFACE_STYLE_FILL_AREA ( #840 ) ;
#2283 = VECTOR ( 'NONE', #212, 1000.000000000000000 ) ;
#2284 = PLANE ( 'NONE',  #1516 ) ;
#2285 = ORIENTED_EDGE ( 'NONE', *, *, #1928, .T. ) ;
#2286 = SURFACE_SIDE_STYLE ('',( #1171 ) ) ;
#2287 =( GEOMETRIC_REPRESENTATION_CONTEXT ( 3 ) GLOBAL_UNCERTAINTY_ASSIGNED_CONTEXT ( ( #1524 ) ) GLOBAL_UNIT_ASSIGNED_CONTEXT ( ( #2131, #1764, #1047 ) ) REPRESENTATION_CONTEXT ( 'NONE', 'WORKASPACE' ) );
#2288 = ORIENTED_EDGE ( 'NONE', *, *, #267, .T. ) ;
#2289 = ORIENTED_EDGE ( 'NONE', *, *, #520, .F. ) ;
#2290 = PRESENTATION_STYLE_ASSIGNMENT (( #1101 ) ) ;
#2291 = ORIENTED_EDGE ( 'NONE', *, *, #2265, .F. ) ;
#2292 = ADVANCED_FACE ( 'NONE', ( #1551 ), #1655, .F. ) ;
#2293 = DIRECTION ( 'NONE',  ( 0.000000000000000000, 0.1736481776669235033, -0.9848077530122093526 ) ) ;
#2294 = LINE ( 'NONE', #2047, #1122 ) ;
#2295 =( LENGTH_UNIT ( ) NAMED_UNIT ( * ) SI_UNIT ( .MILLI., .METRE. ) );
#2296 = UNCERTAINTY_MEASURE_WITH_UNIT (LENGTH_MEASURE( 1.000000000000000082E-05 ), #2066, 'distance_accuracy_value', 'NONE');
#2297 = LINE ( 'NONE', #2159, #42 ) ;
#2298 = FACE_OUTER_BOUND ( 'NONE', #1595, .T. ) ;
#2299 = PRESENTATION_LAYER_ASSIGNMENT (  '', '', ( #2171 ) ) ;
#2300 = ORIENTED_EDGE ( 'NONE', *, *, #263, .T. ) ;
#2301 = SURFACE_STYLE_USAGE ( .BOTH. , #305 ) ;
#2302 = ADVANCED_FACE ( 'NONE', ( #2350 ), #71, .T. ) ;
#2303 = ORIENTED_EDGE ( 'NONE', *, *, #1093, .T. ) ;
#2304 = DIRECTION ( 'NONE',  ( 0.000000000000000000, -9.035018104045869462E-17, -1.000000000000000000 ) ) ;
#2305 = CARTESIAN_POINT ( 'NONE',  ( 2.629999999999999893, -0.1699999999999913525, 2.149999999999999467 ) ) ;
#2306 = VERTEX_POINT ( 'NONE', #770 ) ;
#2307 = SURFACE_SIDE_STYLE ('',( #1766 ) ) ;
#2308 = MECHANICAL_DESIGN_GEOMETRIC_PRESENTATION_REPRESENTATION (  '', ( #2115 ), #2070 ) ;
#2309 = EDGE_CURVE ( 'NONE', #1909, #1819, #1913, .T. ) ;
#2310 = LINE ( 'NONE', #1055, #1756 ) ;
#2311 = EDGE_CURVE ( 'NONE', #2056, #1830, #1184, .T. ) ;
#2312 = COLOUR_RGB ( '',1.000000000000000000, 1.000000000000000000, 1.000000000000000000 ) ;
#2313 = CARTESIAN_POINT ( 'NONE',  ( -2.609999999999999876, -0.9114819830089422315, 3.001587955583269185 ) ) ;
#2314 = CARTESIAN_POINT ( 'NONE',  ( 0.3300000000000000711, 0.08000000000000699607, 3.355000000000000426 ) ) ;
#2315 = FACE_OUTER_BOUND ( 'NONE', #322, .T. ) ;
#2316 = LINE ( 'NONE', #1876, #1005 ) ;
#2317 = EDGE_CURVE ( 'NONE', #1777, #1819, #39, .T. ) ;
#2318 = VERTEX_POINT ( 'NONE', #1309 ) ;
#2319 = ORIENTED_EDGE ( 'NONE', *, *, #231, .F. ) ;
#2320 = VECTOR ( 'NONE', #2170, 1000.000000000000000 ) ;
#2321 = CARTESIAN_POINT ( 'NONE',  ( -2.609999999999999876, 0.08000000000000526135, 1.550000000000000044 ) ) ;
#2322 =( NAMED_UNIT ( * ) PLANE_ANGLE_UNIT ( ) SI_UNIT ( $, .RADIAN. ) );
#2323 = ORIENTED_EDGE ( 'NONE', *, *, #1401, .T. ) ;
#2324 = VERTEX_POINT ( 'NONE', #1137 ) ;
#2325 =( GEOMETRIC_REPRESENTATION_CONTEXT ( 3 ) GLOBAL_UNCERTAINTY_ASSIGNED_CONTEXT ( ( #1937 ) ) GLOBAL_UNIT_ASSIGNED_CONTEXT ( ( #1443, #1418, #2335 ) ) REPRESENTATION_CONTEXT ( 'NONE', 'WORKASPACE' ) );
#2326 = VERTEX_POINT ( 'NONE', #447 ) ;
#2327 = VECTOR ( 'NONE', #2237, 1000.000000000000000 ) ;
#2328 = DIRECTION ( 'NONE',  ( 0.000000000000000000, -0.000000000000000000, 1.000000000000000000 ) ) ;
#2329 = CARTESIAN_POINT ( 'NONE',  ( -1.969999999999999973, 0.2770404910104690144, 1.571174699965697696 ) ) ;
#2330 = CARTESIAN_POINT ( 'NONE',  ( -2.609999999999999876, -1.220000000000000195, 3.311587955583269682 ) ) ;
#2331 = CARTESIAN_POINT ( 'NONE',  ( 1.989999999999999991, 3.470591152576325889E-15, -3.305324907215548137E-16 ) ) ;
#2332 = ORIENTED_EDGE ( 'NONE', *, *, #1077, .T. ) ;
#2333 = CARTESIAN_POINT ( 'NONE',  ( 0.000000000000000000, -0.5800000000000000711, 0.000000000000000000 ) ) ;
#2334 = ORIENTED_EDGE ( 'NONE', *, *, #1378, .F. ) ;
#2335 =( NAMED_UNIT ( * ) SI_UNIT ( $, .STERADIAN. ) SOLID_ANGLE_UNIT ( ) );
#2336 = LINE ( 'NONE', #384, #84 ) ;
#2337 = SURFACE_SIDE_STYLE ('',( #1567 ) ) ;
#2338 = FACE_OUTER_BOUND ( 'NONE', #1635, .T. ) ;
#2339 = PRESENTATION_LAYER_ASSIGNMENT (  '', '', ( #1065 ) ) ;
#2340 = LINE ( 'NONE', #820, #971 ) ;
#2341 = CARTESIAN_POINT ( 'NONE',  ( 3.017754764468656425, 0.5800000000000045119, -1.649999999999999911 ) ) ;
#2342 = CARTESIAN_POINT ( 'NONE',  ( 0.3300000000000000711, -1.219999999999998419, 3.311587955583269682 ) ) ;
#2343 = VERTEX_POINT ( 'NONE', #259 ) ;
#2344 = EDGE_CURVE ( 'NONE', #1576, #1909, #493, .T. ) ;
#2345 = AXIS2_PLACEMENT_3D ( 'NONE', #413, #606, #2054 ) ;
#2346 = CARTESIAN_POINT ( 'NONE',  ( 0.000000000000000000, 0.000000000000000000, 1.549999999999999600 ) ) ;
#2347 = CARTESIAN_POINT ( 'NONE',  ( 1.989999999999999991, -1.140215771465810102, 2.859109110805095000 ) ) ;
#2348 = ORIENTED_EDGE ( 'NONE', *, *, #2273, .F. ) ;
#2349 = CARTESIAN_POINT ( 'NONE',  ( -1.969999999999999973, -0.9114819830089422315, 3.001587955583269185 ) ) ;
#2350 = FACE_OUTER_BOUND ( 'NONE', #1875, .T. ) ;
#2351 = DIRECTION ( 'NONE',  ( 0.000000000000000000, 0.9848077530122096857, -0.1736481776669213661 ) ) ;
#2352 = VECTOR ( 'NONE', #496, 1000.000000000000000 ) ;
#2353 = EDGE_CURVE ( 'NONE', #75, #1280, #554, .T. ) ;
#2354 = EDGE_CURVE ( 'NONE', #2199, #492, #694, .T. ) ;
#2355 = DIRECTION ( 'NONE',  ( 1.000000000000000000, -0.000000000000000000, -0.000000000000000000 ) ) ;
#2356 = EDGE_LOOP ( 'NONE', ( #1305, #1395, #532, #2179 ) ) ;
#2357 = DIRECTION ( 'NONE',  ( 0.000000000000000000, -0.8073493873705619439, 0.5900736960010828369 ) ) ;
#2358 = LINE ( 'NONE', #1866, #356 ) ;
#2359 = EDGE_LOOP ( 'NONE', ( #1284, #1749, #450, #1520, #1369, #265, #793, #1965 ) ) ;
#2360 = CARTESIAN_POINT ( 'NONE',  ( 2.629999999999999893, 0.08000000000000873079, 1.605918254822884528 ) ) ;
#2361 = ORIENTED_EDGE ( 'NONE', *, *, #1460, .T. ) ;
#2362 = CARTESIAN_POINT ( 'NONE',  ( -1.475000000000000089, 0.08000000000000526135, -1.550000000000000044 ) ) ;
#2363 = PRESENTATION_LAYER_ASSIGNMENT (  '', '', ( #2115 ) ) ;
#2364 = CARTESIAN_POINT ( 'NONE',  ( -1.475000000000000089, -1.220000000000000195, -3.311587955583269682 ) ) ;
#2365 = CARTESIAN_POINT ( 'NONE',  ( 0.3300000000000000711, 0.08000000000000699607, 1.605918254822884972 ) ) ;
#2366 = STYLED_ITEM ( 'NONE', ( #899 ), #255 ) ;
#2367 = EDGE_CURVE ( 'NONE', #2324, #415, #1886, .T. ) ;
#2368 = LINE ( 'NONE', #249, #1328 ) ;
#2369 = VECTOR ( 'NONE', #85, 1000.000000000000000 ) ;
#2370 = AXIS2_PLACEMENT_3D ( 'NONE', #1296, #44, #1136 ) ;
#2371 = EDGE_LOOP ( 'NONE', ( #1949, #1654, #868, #514 ) ) ;
#2372 = DIRECTION ( 'NONE',  ( 0.000000000000000000, -0.1736481776669240029, -0.9848077530122091305 ) ) ;
#2373 =( GEOMETRIC_REPRESENTATION_CONTEXT ( 3 ) GLOBAL_UNCERTAINTY_ASSIGNED_CONTEXT ( ( #745 ) ) GLOBAL_UNIT_ASSIGNED_CONTEXT ( ( #90, #2113, #298 ) ) REPRESENTATION_CONTEXT ( 'NONE', 'WORKASPACE' ) );
#2374 = CARTESIAN_POINT ( 'NONE',  ( 0.3300000000000000711, -1.140215771465811878, 2.859109110805095444 ) ) ;
ENDSEC;
END-ISO-10303-21;
