ISO-10303-21;
HEADER;
FILE_DESCRIPTION (( 'STEP AP214' ),
    '1' );
FILE_NAME ('150080RS75000.STEP',
    '2021-06-14T06:30:44',
    ( '' ),
    ( '' ),
    'SwSTEP 2.0',
    'SolidWorks 2018',
    '' );
FILE_SCHEMA (( 'AUTOMOTIVE_DESIGN' ));
ENDSEC;

DATA;
#1 = PRESENTATION_STYLE_ASSIGNMENT (( #3801 ) ) ;
#2 = ORIENTED_EDGE ( 'NONE', *, *, #1915, .T. ) ;
#3 = CARTESIAN_POINT ( 'NONE',  ( -1.000000000000000222, 0.1499999999999999944, 2.168404344971008868E-16 ) ) ;
#4 = DIRECTION ( 'NONE',  ( 0.0000000000000000000, 1.000000000000000000, 0.0000000000000000000 ) ) ;
#5 = MECHANICAL_DESIGN_GEOMETRIC_PRESENTATION_REPRESENTATION (  '', ( #3562 ), #195 ) ;
#6 = CARTESIAN_POINT ( 'NONE',  ( -0.5999999999999999778, -0.09999999999999999167, -0.4999999999999997780 ) ) ;
#7 = ORIENTED_EDGE ( 'NONE', *, *, #1936, .F. ) ;
#8 = EDGE_CURVE ( 'NONE', #1586, #2842, #192, .T. ) ;
#9 = CARTESIAN_POINT ( 'NONE',  ( -0.6600548186098169623, 0.1499999999999999944, 0.6250000000000002220 ) ) ;
#10 =( LENGTH_UNIT ( ) NAMED_UNIT ( * ) SI_UNIT ( .MILLI., .METRE. ) );
#11 = DIRECTION ( 'NONE',  ( -0.0000000000000000000, 0.0000000000000000000, 1.000000000000000000 ) ) ;
#12 = EDGE_LOOP ( 'NONE', ( #3590, #3277, #1876, #594 ) ) ;
#13 = CARTESIAN_POINT ( 'NONE',  ( -0.6999999999999999556, 0.1499999999999999667, -0.1802775637731989788 ) ) ;
#14 = ORIENTED_EDGE ( 'NONE', *, *, #1698, .F. ) ;
#15 = SURFACE_SIDE_STYLE ('',( #516 ) ) ;
#16 = CARTESIAN_POINT ( 'NONE',  ( 0.9999999999999995559, -1.227032961426900881, -0.2000000000000002331 ) ) ;
#17 = EDGE_LOOP ( 'NONE', ( #1760, #1391, #535, #1881 ) ) ;
#18 = ORIENTED_EDGE ( 'NONE', *, *, #888, .T. ) ;
#19 = CARTESIAN_POINT ( 'NONE',  ( -1.000000000000000000, -0.1000000000000000472, 0.3500000000000002554 ) ) ;
#20 = CARTESIAN_POINT ( 'NONE',  ( -1.400000000000000577, -0.1499999999999999944, 0.5000000000000002220 ) ) ;
#21 = EDGE_LOOP ( 'NONE', ( #2329, #3803, #724, #1921, #837, #1490, #327 ) ) ;
#22 = ORIENTED_EDGE ( 'NONE', *, *, #1718, .F. ) ;
#23 = STYLED_ITEM ( 'NONE', ( #2806 ), #449 ) ;
#24 = CARTESIAN_POINT ( 'NONE',  ( -1.000000000000000444, -0.1000000000000000194, -0.6249999999999997780 ) ) ;
#25 = VERTEX_POINT ( 'NONE', #1728 ) ;
#26 = PRESENTATION_STYLE_ASSIGNMENT (( #3755 ) ) ;
#27 = CARTESIAN_POINT ( 'NONE',  ( 0.9999999999999995559, 0.1499999999999999667, 0.2000000000000002331 ) ) ;
#28 = FILL_AREA_STYLE_COLOUR ( '', #436 ) ;
#29 = VECTOR ( 'NONE', #3369, 1000.000000000000000 ) ;
#30 = DIRECTION ( 'NONE',  ( -0.0000000000000000000, 1.000000000000000000, -0.0000000000000000000 ) ) ;
#31 = CARTESIAN_POINT ( 'NONE',  ( 0.9999999999999995559, 0.1499999999999999944, -0.6250000000000000000 ) ) ;
#32 = COLOUR_RGB ( '',0.7529411764705882248, 0.7529411764705882248, 0.0000000000000000000 ) ;
#33 = DIRECTION ( 'NONE',  ( 0.0000000000000000000, 1.000000000000000000, 0.0000000000000000000 ) ) ;
#34 = LINE ( 'NONE', #3216, #1462 ) ;
#35 = DIRECTION ( 'NONE',  ( 0.0000000000000000000, 0.0000000000000000000, 1.000000000000000000 ) ) ;
#36 = CARTESIAN_POINT ( 'NONE',  ( 0.9999999999999995559, -0.1000000000000000472, 0.0000000000000000000 ) ) ;
#37 = CARTESIAN_POINT ( 'NONE',  ( -0.5999999999999999778, -0.1499999999999999667, 0.5000000000000002220 ) ) ;
#38 = CARTESIAN_POINT ( 'NONE',  ( -0.6600548186098169623, 0.1499999999999999944, 0.6250000000000002220 ) ) ;
#39 = CARTESIAN_POINT ( 'NONE',  ( -1.000000000000000000, 0.1499999999999999944, 0.6250000000000002220 ) ) ;
#40 = DIRECTION ( 'NONE',  ( -0.0000000000000000000, 1.000000000000000000, -0.0000000000000000000 ) ) ;
#41 =( GEOMETRIC_REPRESENTATION_CONTEXT ( 3 ) GLOBAL_UNCERTAINTY_ASSIGNED_CONTEXT ( ( #2326 ) ) GLOBAL_UNIT_ASSIGNED_CONTEXT ( ( #1049, #3196, #1376 ) ) REPRESENTATION_CONTEXT ( 'NONE', 'WORKASPACE' ) );
#42 = EDGE_CURVE ( 'NONE', #338, #1342, #1720, .T. ) ;
#43 = DIRECTION ( 'NONE',  ( 1.000000000000000000, -0.0000000000000000000, -1.084202172485504681E-16 ) ) ;
#44 = DIRECTION ( 'NONE',  ( -0.0000000000000000000, 1.000000000000000000, -0.0000000000000000000 ) ) ;
#45 = CARTESIAN_POINT ( 'NONE',  ( 0.6999999999999999556, 0.1499999999999999944, 0.6250000000000002220 ) ) ;
#46 = FACE_OUTER_BOUND ( 'NONE', #1820, .T. ) ;
#47 = AXIS2_PLACEMENT_3D ( 'NONE', #2487, #2821, #952 ) ;
#48 = EDGE_CURVE ( 'NONE', #1005, #688, #1010, .T. ) ;
#49 = ORIENTED_EDGE ( 'NONE', *, *, #852, .F. ) ;
#50 = ORIENTED_EDGE ( 'NONE', *, *, #2369, .T. ) ;
#51 = CARTESIAN_POINT ( 'NONE',  ( -0.6600548186098170733, 0.1499999999999999944, -0.6250000000000001110 ) ) ;
#52 = ORIENTED_EDGE ( 'NONE', *, *, #1057, .T. ) ;
#53 = DIRECTION ( 'NONE',  ( -0.9986295347545737222, -0.05233595624294404280, 0.0000000000000000000 ) ) ;
#54 = EDGE_LOOP ( 'NONE', ( #2003, #1442, #3128 ) ) ;
#55 = EDGE_CURVE ( 'NONE', #1943, #668, #1837, .T. ) ;
#56 = CARTESIAN_POINT ( 'NONE',  ( -1.000000000000000000, -0.09999999999999999167, 0.3500000000000002554 ) ) ;
#57 = ORIENTED_EDGE ( 'NONE', *, *, #2965, .F. ) ;
#58 = ORIENTED_EDGE ( 'NONE', *, *, #1496, .F. ) ;
#59 = DIRECTION ( 'NONE',  ( 0.05226442768871396999, -0.9972646886342374506, 0.05226442768871396305 ) ) ;
#60 = ORIENTED_EDGE ( 'NONE', *, *, #3785, .F. ) ;
#61 = FACE_OUTER_BOUND ( 'NONE', #1659, .T. ) ;
#62 = COLOUR_RGB ( '',0.0000000000000000000, 0.7529411764705882248, 0.0000000000000000000 ) ;
#63 = DIRECTION ( 'NONE',  ( 0.9986295347545737222, -0.05233595624294404280, 0.0000000000000000000 ) ) ;
#64 = AXIS2_PLACEMENT_3D ( 'NONE', #1303, #3443, #1607 ) ;
#65 = ADVANCED_FACE ( 'NONE', ( #2453 ), #2682, .F. ) ;
#66 =( GEOMETRIC_REPRESENTATION_CONTEXT ( 3 ) GLOBAL_UNCERTAINTY_ASSIGNED_CONTEXT ( ( #3598 ) ) GLOBAL_UNIT_ASSIGNED_CONTEXT ( ( #2576, #741, #2912 ) ) REPRESENTATION_CONTEXT ( 'NONE', 'WORKASPACE' ) );
#67 = VECTOR ( 'NONE', #214, 1000.000000000000000 ) ;
#68 = LINE ( 'NONE', #912, #1512 ) ;
#69 = CARTESIAN_POINT ( 'NONE',  ( 0.0000000000000000000, -0.1499999999999999944, 0.0000000000000000000 ) ) ;
#70 =( NAMED_UNIT ( * ) PLANE_ANGLE_UNIT ( ) SI_UNIT ( $, .RADIAN. ) );
#71 = EDGE_CURVE ( 'NONE', #1984, #341, #2176, .T. ) ;
#72 = CIRCLE ( 'NONE', #3748, 0.4000000000000000777 ) ;
#73 = PRESENTATION_STYLE_ASSIGNMENT (( #2692 ) ) ;
#74 = UNCERTAINTY_MEASURE_WITH_UNIT (LENGTH_MEASURE( 1.000000000000000082E-05 ), #1570, 'distance_accuracy_value', 'NONE');
#75 = SURFACE_STYLE_FILL_AREA ( #929 ) ;
#76 = AXIS2_PLACEMENT_3D ( 'NONE', #2791, #933, #3103 ) ;
#77 = ORIENTED_EDGE ( 'NONE', *, *, #1338, .F. ) ;
#78 =( NAMED_UNIT ( * ) PLANE_ANGLE_UNIT ( ) SI_UNIT ( $, .RADIAN. ) );
#79 = PRESENTATION_STYLE_ASSIGNMENT (( #1321 ) ) ;
#80 = EDGE_CURVE ( 'NONE', #2450, #3301, #3806, .T. ) ;
#81 = DIRECTION ( 'NONE',  ( 0.0000000000000000000, 0.0000000000000000000, -1.000000000000000000 ) ) ;
#82 = ADVANCED_FACE ( 'NONE', ( #2997 ), #2792, .F. ) ;
#83 = EDGE_CURVE ( 'NONE', #1952, #2751, #2059, .T. ) ;
#84 = LINE ( 'NONE', #2797, #3160 ) ;
#85 = UNCERTAINTY_MEASURE_WITH_UNIT (LENGTH_MEASURE( 1.000000000000000082E-05 ), #3675, 'distance_accuracy_value', 'NONE');
#86 = STYLED_ITEM ( 'NONE', ( #450 ), #1736 ) ;
#87 = AXIS2_PLACEMENT_3D ( 'NONE', #3874, #1447, #2971 ) ;
#88 = FACE_OUTER_BOUND ( 'NONE', #2738, .T. ) ;
#89 = FACE_OUTER_BOUND ( 'NONE', #1871, .T. ) ;
#90 = CARTESIAN_POINT ( 'NONE',  ( -0.5999999999999998668, 0.09999999999999999167, -0.6250000000000002220 ) ) ;
#91 = VERTEX_POINT ( 'NONE', #1143 ) ;
#92 = EDGE_CURVE ( 'NONE', #2107, #1039, #428, .T. ) ;
#93 = ORIENTED_EDGE ( 'NONE', *, *, #2728, .F. ) ;
#94 = ORIENTED_EDGE ( 'NONE', *, *, #1960, .T. ) ;
#95 = DIRECTION ( 'NONE',  ( 1.084202172485504434E-16, -0.0000000000000000000, 1.000000000000000000 ) ) ;
#96 = VERTEX_POINT ( 'NONE', #3282 ) ;
#97 = CARTESIAN_POINT ( 'NONE',  ( -1.000000000000000444, 0.1499999999999999944, -0.6249999999999997780 ) ) ;
#98 = ORIENTED_EDGE ( 'NONE', *, *, #1277, .F. ) ;
#99 = ORIENTED_EDGE ( 'NONE', *, *, #48, .F. ) ;
#100 = ORIENTED_EDGE ( 'NONE', *, *, #3532, .T. ) ;
#101 = EDGE_CURVE ( 'NONE', #2450, #3644, #1259, .T. ) ;
#102 = ORIENTED_EDGE ( 'NONE', *, *, #884, .F. ) ;
#103 = VERTEX_POINT ( 'NONE', #2381 ) ;
#104 = ADVANCED_FACE ( 'NONE', ( #1956 ), #2653, .F. ) ;
#105 = CARTESIAN_POINT ( 'NONE',  ( 0.9999999999999995559, 0.1499999999999999944, -0.6250000000000000000 ) ) ;
#106 = COLOUR_RGB ( '',0.0000000000000000000, 0.7529411764705882248, 0.0000000000000000000 ) ;
#107 = ORIENTED_EDGE ( 'NONE', *, *, #2319, .F. ) ;
#108 = ORIENTED_EDGE ( 'NONE', *, *, #3322, .T. ) ;
#109 = CARTESIAN_POINT ( 'NONE',  ( -0.9999999999999995559, 0.1499999999999999944, 0.0000000000000000000 ) ) ;
#110 = LINE ( 'NONE', #1582, #3259 ) ;
#111 = PRESENTATION_STYLE_ASSIGNMENT (( #3764 ) ) ;
#112 = LINE ( 'NONE', #1827, #3262 ) ;
#113 = LINE ( 'NONE', #3926, #549 ) ;
#114 = FACE_OUTER_BOUND ( 'NONE', #3649, .T. ) ;
#115 =( LENGTH_UNIT ( ) NAMED_UNIT ( * ) SI_UNIT ( .MILLI., .METRE. ) );
#116 = PLANE ( 'NONE',  #3170 ) ;
#117 = ADVANCED_FACE ( 'NONE', ( #2812 ), #1156, .F. ) ;
#118 = EDGE_CURVE ( 'NONE', #1910, #2944, #3503, .T. ) ;
#119 = ORIENTED_EDGE ( 'NONE', *, *, #2578, .F. ) ;
#120 = DIRECTION ( 'NONE',  ( 0.05226442768871414346, 0.9972646886342374506, 0.05226442768871414346 ) ) ;
#121 = PRESENTATION_STYLE_ASSIGNMENT (( #1939 ) ) ;
#122 = VECTOR ( 'NONE', #1543, 1000.000000000000000 ) ;
#123 = FILL_AREA_STYLE ('',( #1950 ) ) ;
#124 = PRESENTATION_STYLE_ASSIGNMENT (( #2087 ) ) ;
#125 = VECTOR ( 'NONE', #3915, 1000.000000000000000 ) ;
#126 = CYLINDRICAL_SURFACE ( 'NONE', #911, 0.3500000000000000333 ) ;
#127 = MECHANICAL_DESIGN_GEOMETRIC_PRESENTATION_REPRESENTATION (  '', ( #3495 ), #347 ) ;
#128 =( GEOMETRIC_REPRESENTATION_CONTEXT ( 3 ) GLOBAL_UNCERTAINTY_ASSIGNED_CONTEXT ( ( #1026 ) ) GLOBAL_UNIT_ASSIGNED_CONTEXT ( ( #824, #3013, #1150 ) ) REPRESENTATION_CONTEXT ( 'NONE', 'WORKASPACE' ) );
#129 = AXIS2_PLACEMENT_3D ( 'NONE', #3744, #1892, #3423 ) ;
#130 = VERTEX_POINT ( 'NONE', #1756 ) ;
#131 = ADVANCED_FACE ( 'NONE', ( #2700 ), #1772, .F. ) ;
#132 = FILL_AREA_STYLE ('',( #442 ) ) ;
#133 = ORIENTED_EDGE ( 'NONE', *, *, #625, .T. ) ;
#134 = ORIENTED_EDGE ( 'NONE', *, *, #990, .F. ) ;
#135 =( NAMED_UNIT ( * ) PLANE_ANGLE_UNIT ( ) SI_UNIT ( $, .RADIAN. ) );
#136 = CARTESIAN_POINT ( 'NONE',  ( 0.6999999999999999556, 0.09999999999999999167, -0.2500000000000000000 ) ) ;
#137 = ORIENTED_EDGE ( 'NONE', *, *, #1604, .F. ) ;
#138 = ORIENTED_EDGE ( 'NONE', *, *, #2095, .F. ) ;
#139 = ORIENTED_EDGE ( 'NONE', *, *, #2188, .T. ) ;
#140 =( GEOMETRIC_REPRESENTATION_CONTEXT ( 3 ) GLOBAL_UNCERTAINTY_ASSIGNED_CONTEXT ( ( #3068 ) ) GLOBAL_UNIT_ASSIGNED_CONTEXT ( ( #2403, #583, #2730 ) ) REPRESENTATION_CONTEXT ( 'NONE', 'WORKASPACE' ) );
#141 = VECTOR ( 'NONE', #794, 1000.000000000000000 ) ;
#142 = ORIENTED_EDGE ( 'NONE', *, *, #2764, .F. ) ;
#143 = ORIENTED_EDGE ( 'NONE', *, *, #1527, .F. ) ;
#144 = PLANE ( 'NONE',  #408 ) ;
#145 = FACE_OUTER_BOUND ( 'NONE', #1961, .T. ) ;
#146 = CARTESIAN_POINT ( 'NONE',  ( 0.1215544456622767028, -0.1499999999999999667, 0.1576794919243112436 ) ) ;
#147 = EDGE_CURVE ( 'NONE', #2164, #2626, #2899, .T. ) ;
#148 = LINE ( 'NONE', #2492, #1782 ) ;
#149 = DIRECTION ( 'NONE',  ( 0.0000000000000000000, 0.0000000000000000000, 1.000000000000000000 ) ) ;
#150 = LINE ( 'NONE', #1429, #3320 ) ;
#151 = DIRECTION ( 'NONE',  ( 0.0000000000000000000, 0.0000000000000000000, -1.000000000000000000 ) ) ;
#152 = CIRCLE ( 'NONE', #2817, 0.3500000000000000333 ) ;
#153 = STYLED_ITEM ( 'NONE', ( #777 ), #729 ) ;
#154 = ADVANCED_FACE ( 'NONE', ( #1042 ), #1775, .F. ) ;
#155 = LINE ( 'NONE', #528, #2515 ) ;
#156 = MECHANICAL_DESIGN_GEOMETRIC_PRESENTATION_REPRESENTATION (  '', ( #3522 ), #370 ) ;
#157 = EDGE_CURVE ( 'NONE', #3296, #3505, #242, .T. ) ;
#158 = VECTOR ( 'NONE', #2773, 1000.000000000000114 ) ;
#159 = DIRECTION ( 'NONE',  ( 0.0000000000000000000, -0.0000000000000000000, -1.000000000000000000 ) ) ;
#160 = CARTESIAN_POINT ( 'NONE',  ( -1.000000000000000222, 0.09999999999999999167, 2.168404344971008868E-16 ) ) ;
#161 = STYLED_ITEM ( 'NONE', ( #2187 ), #2948 ) ;
#162 = EDGE_CURVE ( 'NONE', #804, #3040, #1880, .T. ) ;
#163 = LINE ( 'NONE', #3691, #1808 ) ;
#164 = LINE ( 'NONE', #1204, #3345 ) ;
#165 = SURFACE_STYLE_USAGE ( .BOTH. , #1994 ) ;
#166 = ADVANCED_FACE ( 'NONE', ( #2588 ), #3585, .F. ) ;
#167 = DIRECTION ( 'NONE',  ( 0.0000000000000000000, -1.000000000000000000, 0.0000000000000000000 ) ) ;
#168 = LINE ( 'NONE', #2642, #2736 ) ;
#169 = VECTOR ( 'NONE', #1009, 1000.000000000000000 ) ;
#170 = DIRECTION ( 'NONE',  ( -0.0000000000000000000, -1.000000000000000000, -0.0000000000000000000 ) ) ;
#171 = CARTESIAN_POINT ( 'NONE',  ( -0.1215544456622767305, -0.09999999999999999167, -0.01732050807568879386 ) ) ;
#172 = ORIENTED_EDGE ( 'NONE', *, *, #1896, .T. ) ;
#173 = ORIENTED_EDGE ( 'NONE', *, *, #2843, .T. ) ;
#174 = VERTEX_POINT ( 'NONE', #1430 ) ;
#175 = ORIENTED_EDGE ( 'NONE', *, *, #3909, .F. ) ;
#176 = CARTESIAN_POINT ( 'NONE',  ( 0.6999999999999999556, 0.1499999999999999944, -0.5850548186098173398 ) ) ;
#177 = CARTESIAN_POINT ( 'NONE',  ( -0.6410783056181883488, 0.5100000000000000089, -0.6250000000000002220 ) ) ;
#178 = ORIENTED_EDGE ( 'NONE', *, *, #3677, .F. ) ;
#179 =( GEOMETRIC_REPRESENTATION_CONTEXT ( 3 ) GLOBAL_UNCERTAINTY_ASSIGNED_CONTEXT ( ( #199 ) ) GLOBAL_UNIT_ASSIGNED_CONTEXT ( ( #521, #2665, #811 ) ) REPRESENTATION_CONTEXT ( 'NONE', 'WORKASPACE' ) );
#180 = UNCERTAINTY_MEASURE_WITH_UNIT (LENGTH_MEASURE( 1.000000000000000082E-05 ), #3406, 'distance_accuracy_value', 'NONE');
#181 = ORIENTED_EDGE ( 'NONE', *, *, #2286, .F. ) ;
#182 = CARTESIAN_POINT ( 'NONE',  ( 0.5999999999999999778, -0.09999999999999999167, -0.4999999999999997780 ) ) ;
#183 = VERTEX_POINT ( 'NONE', #520 ) ;
#184 = DIRECTION ( 'NONE',  ( 1.000000000000000000, -0.0000000000000000000, -0.0000000000000000000 ) ) ;
#185 = VECTOR ( 'NONE', #3959, 1000.000000000000000 ) ;
#186 = ORIENTED_EDGE ( 'NONE', *, *, #3193, .F. ) ;
#187 = VERTEX_POINT ( 'NONE', #3569 ) ;
#188 = DIRECTION ( 'NONE',  ( -0.0000000000000000000, -1.000000000000000000, -0.0000000000000000000 ) ) ;
#189 = DIRECTION ( 'NONE',  ( 0.0000000000000000000, -1.000000000000000000, 0.0000000000000000000 ) ) ;
#190 = CARTESIAN_POINT ( 'NONE',  ( 0.9999999999999995559, 0.1499999999999999944, 0.6250000000000000000 ) ) ;
#191 = ADVANCED_FACE ( 'NONE', ( #2500 ), #1121, .F. ) ;
#192 = LINE ( 'NONE', #2405, #3371 ) ;
#193 = VERTEX_POINT ( 'NONE', #778 ) ;
#194 = VERTEX_POINT ( 'NONE', #470 ) ;
#195 =( GEOMETRIC_REPRESENTATION_CONTEXT ( 3 ) GLOBAL_UNCERTAINTY_ASSIGNED_CONTEXT ( ( #1138 ) ) GLOBAL_UNIT_ASSIGNED_CONTEXT ( ( #3518, #1663, #3834 ) ) REPRESENTATION_CONTEXT ( 'NONE', 'WORKASPACE' ) );
#196 = EDGE_CURVE ( 'NONE', #306, #3050, #2215, .T. ) ;
#197 = FACE_OUTER_BOUND ( 'NONE', #1000, .T. ) ;
#198 =( LENGTH_UNIT ( ) NAMED_UNIT ( * ) SI_UNIT ( .MILLI., .METRE. ) );
#199 = UNCERTAINTY_MEASURE_WITH_UNIT (LENGTH_MEASURE( 1.000000000000000082E-05 ), #521, 'distance_accuracy_value', 'NONE');
#200 = FACE_OUTER_BOUND ( 'NONE', #2486, .T. ) ;
#201 = VECTOR ( 'NONE', #2419, 1000.000000000000000 ) ;
#202 = SURFACE_STYLE_USAGE ( .BOTH. , #2029 ) ;
#203 = SURFACE_SIDE_STYLE ('',( #1059 ) ) ;
#204 = CARTESIAN_POINT ( 'NONE',  ( -0.6571428571428571397, 0.09999999999999999167, 0.2060315014550850032 ) ) ;
#205 = PRESENTATION_STYLE_ASSIGNMENT (( #2919 ) ) ;
#206 = AXIS2_PLACEMENT_3D ( 'NONE', #1404, #3538, #1688 ) ;
#207 = AXIS2_PLACEMENT_3D ( 'NONE', #1214, #2775, #1225 ) ;
#208 = DIRECTION ( 'NONE',  ( 0.0000000000000000000, -0.0000000000000000000, 1.000000000000000000 ) ) ;
#209 = SURFACE_STYLE_USAGE ( .BOTH. , #2036 ) ;
#210 = DIRECTION ( 'NONE',  ( 1.000000000000000000, 0.0000000000000000000, 0.0000000000000000000 ) ) ;
#211 = AXIS2_PLACEMENT_3D ( 'NONE', #1516, #3659, #1811 ) ;
#212 = DIRECTION ( 'NONE',  ( 0.0000000000000000000, 1.000000000000000000, 0.0000000000000000000 ) ) ;
#213 = ADVANCED_FACE ( 'NONE', ( #960 ), #2114, .F. ) ;
#214 = DIRECTION ( 'NONE',  ( 0.0000000000000000000, 0.0000000000000000000, 1.000000000000000000 ) ) ;
#215 = VECTOR ( 'NONE', #1954, 1000.000000000000114 ) ;
#216 = DIRECTION ( 'NONE',  ( 0.0000000000000000000, 0.0000000000000000000, 1.000000000000000000 ) ) ;
#217 = FACE_OUTER_BOUND ( 'NONE', #3646, .T. ) ;
#218 = AXIS2_PLACEMENT_3D ( 'NONE', #1920, #95, #2239 ) ;
#219 = DIRECTION ( 'NONE',  ( 1.000000000000000000, -0.0000000000000000000, -4.743384504624079927E-16 ) ) ;
#220 = CARTESIAN_POINT ( 'NONE',  ( -0.9999999999999995559, 0.1499999999999999944, 0.2000000000000002331 ) ) ;
#221 = DIRECTION ( 'NONE',  ( 1.000000000000000000, 0.0000000000000000000, -1.084202172485503448E-15 ) ) ;
#222 = DIRECTION ( 'NONE',  ( -0.0000000000000000000, -0.0000000000000000000, -1.000000000000000000 ) ) ;
#223 = VECTOR ( 'NONE', #2690, 1000.000000000000000 ) ;
#224 = VECTOR ( 'NONE', #1757, 1000.000000000000000 ) ;
#225 = DIRECTION ( 'NONE',  ( 0.0000000000000000000, -1.000000000000000000, 0.0000000000000000000 ) ) ;
#226 = VECTOR ( 'NONE', #43, 1000.000000000000000 ) ;
#227 = SURFACE_SIDE_STYLE ('',( #857 ) ) ;
#228 = ORIENTED_EDGE ( 'NONE', *, *, #3677, .T. ) ;
#229 =( LENGTH_UNIT ( ) NAMED_UNIT ( * ) SI_UNIT ( .MILLI., .METRE. ) );
#230 = CARTESIAN_POINT ( 'NONE',  ( -0.6571428571428571397, 0.1499999999999999944, 0.2060315014550850032 ) ) ;
#231 = ORIENTED_EDGE ( 'NONE', *, *, #1652, .T. ) ;
#232 = FILL_AREA_STYLE ('',( #554 ) ) ;
#233 = ORIENTED_EDGE ( 'NONE', *, *, #2614, .T. ) ;
#234 = AXIS2_PLACEMENT_3D ( 'NONE', #465, #2612, #776 ) ;
#235 = SURFACE_STYLE_USAGE ( .BOTH. , #2072 ) ;
#236 = EDGE_CURVE ( 'NONE', #644, #3499, #593, .T. ) ;
#237 =( LENGTH_UNIT ( ) NAMED_UNIT ( * ) SI_UNIT ( .MILLI., .METRE. ) );
#238 = ORIENTED_EDGE ( 'NONE', *, *, #55, .F. ) ;
#239 = DIRECTION ( 'NONE',  ( 0.0000000000000000000, -1.000000000000000000, 0.0000000000000000000 ) ) ;
#240 = EDGE_LOOP ( 'NONE', ( #346, #2391, #596, #3715 ) ) ;
#241 = ORIENTED_EDGE ( 'NONE', *, *, #588, .T. ) ;
#242 = LINE ( 'NONE', #2664, #3416 ) ;
#243 = ORIENTED_EDGE ( 'NONE', *, *, #975, .F. ) ;
#244 = ORIENTED_EDGE ( 'NONE', *, *, #843, .F. ) ;
#245 = DIRECTION ( 'NONE',  ( -0.0000000000000000000, 1.000000000000000000, -0.0000000000000000000 ) ) ;
#246 = CARTESIAN_POINT ( 'NONE',  ( 0.1315544456622766700, -0.1499999999999999667, 0.1603589838486224328 ) ) ;
#247 = EDGE_CURVE ( 'NONE', #1342, #1780, #2942, .T. ) ;
#248 = CARTESIAN_POINT ( 'NONE',  ( 0.7001091130751730951, 0.1479179984982033902, -0.5851639316849903683 ) ) ;
#249 = DIRECTION ( 'NONE',  ( 0.0000000000000000000, 0.0000000000000000000, 1.000000000000000000 ) ) ;
#250 = COLOUR_RGB ( '',0.7921568627450980005, 0.8196078431372548767, 0.9333333333333333481 ) ;
#251 = FILL_AREA_STYLE ('',( #1280 ) ) ;
#252 = VECTOR ( 'NONE', #505, 1000.000000000000000 ) ;
#253 = FILL_AREA_STYLE ('',( #3933 ) ) ;
#254 = DIRECTION ( 'NONE',  ( 0.0000000000000000000, 0.0000000000000000000, 1.000000000000000000 ) ) ;
#255 = EDGE_CURVE ( 'NONE', #847, #286, #3048, .T. ) ;
#256 = SURFACE_STYLE_FILL_AREA ( #822 ) ;
#257 =( LENGTH_UNIT ( ) NAMED_UNIT ( * ) SI_UNIT ( .MILLI., .METRE. ) );
#258 = FACE_OUTER_BOUND ( 'NONE', #838, .T. ) ;
#259 = LINE ( 'NONE', #3905, #701 ) ;
#260 = VECTOR ( 'NONE', #3074, 1000.000000000000000 ) ;
#261 = SURFACE_STYLE_USAGE ( .BOTH. , #2091 ) ;
#262 = DIRECTION ( 'NONE',  ( -0.0000000000000000000, 1.000000000000000000, -0.0000000000000000000 ) ) ;
#263 = DIRECTION ( 'NONE',  ( -0.05226442768871395611, 0.9972646886342372285, 0.05226442768871394917 ) ) ;
#264 = SURFACE_STYLE_USAGE ( .BOTH. , #2096 ) ;
#265 = PRESENTATION_LAYER_ASSIGNMENT (  '', '', ( #862 ) ) ;
#266 = CARTESIAN_POINT ( 'NONE',  ( -1.400000000000000577, -0.09999999999999999167, -0.4999999999999997780 ) ) ;
#267 = FACE_OUTER_BOUND ( 'NONE', #280, .T. ) ;
#268 = CARTESIAN_POINT ( 'NONE',  ( -1.000000000000000222, 0.09999999999999999167, 2.168404344971008868E-16 ) ) ;
#269 = DIRECTION ( 'NONE',  ( -7.115076756936119693E-15, 0.0000000000000000000, -1.000000000000000000 ) ) ;
#270 = EDGE_CURVE ( 'NONE', #1910, #3853, #1305, .T. ) ;
#271 = SURFACE_STYLE_FILL_AREA ( #3670 ) ;
#272 = CARTESIAN_POINT ( 'NONE',  ( 0.6999999999999999556, 0.1499999999999999944, 0.5850548186098167847 ) ) ;
#273 = STYLED_ITEM ( 'NONE', ( #2879 ), #3867 ) ;
#274 = DIRECTION ( 'NONE',  ( -1.000000000000000000, 0.0000000000000000000, 7.115076756936119693E-15 ) ) ;
#275 = CARTESIAN_POINT ( 'NONE',  ( -1.000000000000000222, 0.1499999999999999667, 2.168404344971008868E-16 ) ) ;
#276 = VECTOR ( 'NONE', #458, 1000.000000000000000 ) ;
#277 = CARTESIAN_POINT ( 'NONE',  ( 0.9999999999999995559, 0.1499999999999999944, -0.4999999999999997780 ) ) ;
#278 = DIRECTION ( 'NONE',  ( 0.0000000000000000000, 0.0000000000000000000, 1.000000000000000000 ) ) ;
#279 = CARTESIAN_POINT ( 'NONE',  ( -0.6999999999999999556, 0.1499999999999999944, -0.2645751311064587497 ) ) ;
#280 = EDGE_LOOP ( 'NONE', ( #1499, #60 ) ) ;
#281 = EDGE_CURVE ( 'NONE', #1492, #3541, #476, .T. ) ;
#282 = CARTESIAN_POINT ( 'NONE',  ( -0.1215544456622767167, -0.09999999999999999167, 0.01732050807568877998 ) ) ;
#283 = ORIENTED_EDGE ( 'NONE', *, *, #944, .T. ) ;
#284 = ORIENTED_EDGE ( 'NONE', *, *, #3162, .T. ) ;
#285 = EDGE_CURVE ( 'NONE', #1746, #1134, #2852, .T. ) ;
#286 = VERTEX_POINT ( 'NONE', #579 ) ;
#287 = DIRECTION ( 'NONE',  ( 0.0000000000000000000, -0.05233595624294404280, 0.9986295347545737222 ) ) ;
#288 = ORIENTED_EDGE ( 'NONE', *, *, #3225, .T. ) ;
#289 = SURFACE_STYLE_USAGE ( .BOTH. , #2129 ) ;
#290 = AXIS2_PLACEMENT_3D ( 'NONE', #2195, #2829, #963 ) ;
#291 = PRESENTATION_LAYER_ASSIGNMENT (  '', '', ( #3227 ) ) ;
#292 =( NAMED_UNIT ( * ) PLANE_ANGLE_UNIT ( ) SI_UNIT ( $, .RADIAN. ) );
#293 = DIRECTION ( 'NONE',  ( 0.0000000000000000000, -1.000000000000000000, 0.0000000000000000000 ) ) ;
#294 = LINE ( 'NONE', #2018, #3457 ) ;
#295 = ORIENTED_EDGE ( 'NONE', *, *, #101, .T. ) ;
#296 = ORIENTED_EDGE ( 'NONE', *, *, #2464, .F. ) ;
#297 = AXIS2_PLACEMENT_3D ( 'NONE', #3303, #1481, #3631 ) ;
#298 = DIRECTION ( 'NONE',  ( 0.5000000000000001110, 0.0000000000000000000, 0.8660254037844385966 ) ) ;
#299 = CARTESIAN_POINT ( 'NONE',  ( 0.9999999999999995559, 0.1499999999999999944, 0.6250000000000000000 ) ) ;
#300 = EDGE_CURVE ( 'NONE', #1301, #2483, #1997, .T. ) ;
#301 =( LENGTH_UNIT ( ) NAMED_UNIT ( * ) SI_UNIT ( .MILLI., .METRE. ) );
#302 = ORIENTED_EDGE ( 'NONE', *, *, #1571, .T. ) ;
#303 = ORIENTED_EDGE ( 'NONE', *, *, #772, .T. ) ;
#304 = FILL_AREA_STYLE_COLOUR ( '', #2031 ) ;
#305 = CARTESIAN_POINT ( 'NONE',  ( -0.6410783056181882378, 0.5120934382497178694, -0.6060234870083714975 ) ) ;
#306 = VERTEX_POINT ( 'NONE', #2650 ) ;
#307 = LINE ( 'NONE', #1265, #1012 ) ;
#308 = DIRECTION ( 'NONE',  ( 0.0000000000000000000, 0.0000000000000000000, 1.000000000000000000 ) ) ;
#309 = EDGE_CURVE ( 'NONE', #3758, #2060, #294, .T. ) ;
#310 = SURFACE_SIDE_STYLE ('',( #988 ) ) ;
#311 = LINE ( 'NONE', #2111, #2772 ) ;
#312 = CARTESIAN_POINT ( 'NONE',  ( -0.6834674183081290710, 0.1499999999999999944, 0.6250000000000001110 ) ) ;
#313 =( NAMED_UNIT ( * ) SI_UNIT ( $, .STERADIAN. ) SOLID_ANGLE_UNIT ( ) );
#314 = SURFACE_STYLE_FILL_AREA ( #1993 ) ;
#315 = CARTESIAN_POINT ( 'NONE',  ( 0.9999999999999995559, -0.09999999999999999167, 0.5000000000000002220 ) ) ;
#316 =( LENGTH_UNIT ( ) NAMED_UNIT ( * ) SI_UNIT ( .MILLI., .METRE. ) );
#317 = CARTESIAN_POINT ( 'NONE',  ( -0.6410783056181881268, 0.5100000000000000089, -0.5660783056181885042 ) ) ;
#318 = CARTESIAN_POINT ( 'NONE',  ( -0.1115544456622767355, -0.1499999999999999944, -2.710505439397719968E-17 ) ) ;
#319 = VECTOR ( 'NONE', #419, 1000.000000000000000 ) ;
#320 = CARTESIAN_POINT ( 'NONE',  ( -1.000000000000000222, 0.1499999999999999944, 0.4000000000000002998 ) ) ;
#321 = ORIENTED_EDGE ( 'NONE', *, *, #2790, .F. ) ;
#322 = CARTESIAN_POINT ( 'NONE',  ( 0.9999999999999995559, -0.1000000000000000472, -0.2000000000000002331 ) ) ;
#323 = SURFACE_SIDE_STYLE ('',( #696 ) ) ;
#324 = FILL_AREA_STYLE_COLOUR ( '', #1560 ) ;
#325 = DIRECTION ( 'NONE',  ( 1.000000000000000000, 0.0000000000000000000, 0.0000000000000000000 ) ) ;
#326 = COLOUR_RGB ( '',1.000000000000000000, 1.000000000000000000, 1.000000000000000000 ) ;
#327 = ORIENTED_EDGE ( 'NONE', *, *, #71, .F. ) ;
#328 = ORIENTED_EDGE ( 'NONE', *, *, #1533, .T. ) ;
#329 = DIRECTION ( 'NONE',  ( -0.0000000000000000000, 1.000000000000000000, -0.0000000000000000000 ) ) ;
#330 = UNCERTAINTY_MEASURE_WITH_UNIT (LENGTH_MEASURE( 1.000000000000000082E-05 ), #3386, 'distance_accuracy_value', 'NONE');
#331 = CIRCLE ( 'NONE', #3686, 0.2000000000000002331 ) ;
#332 = DIRECTION ( 'NONE',  ( 0.0000000000000000000, 0.0000000000000000000, -1.000000000000000000 ) ) ;
#333 = ORIENTED_EDGE ( 'NONE', *, *, #1470, .T. ) ;
#334 = EDGE_CURVE ( 'NONE', #1206, #1098, #386, .T. ) ;
#335 = ORIENTED_EDGE ( 'NONE', *, *, #511, .F. ) ;
#336 = DIRECTION ( 'NONE',  ( 0.0000000000000000000, 0.0000000000000000000, 1.000000000000000000 ) ) ;
#337 = PLANE ( 'NONE',  #1193 ) ;
#338 = VERTEX_POINT ( 'NONE', #2400 ) ;
#339 = ORIENTED_EDGE ( 'NONE', *, *, #2297, .T. ) ;
#340 = DIRECTION ( 'NONE',  ( -1.000000000000000000, 0.0000000000000000000, -0.0000000000000000000 ) ) ;
#341 = VERTEX_POINT ( 'NONE', #3314 ) ;
#342 = ORIENTED_EDGE ( 'NONE', *, *, #3785, .T. ) ;
#343 = CLOSED_SHELL ( 'NONE', ( #713, #2856, #1131, #3531, #749, #1115, #2268, #2219, #1386, #401 ) ) ;
#344 = PLANE ( 'NONE',  #47 ) ;
#345 = VECTOR ( 'NONE', #262, 1000.000000000000000 ) ;
#346 = ORIENTED_EDGE ( 'NONE', *, *, #3566, .T. ) ;
#347 =( GEOMETRIC_REPRESENTATION_CONTEXT ( 3 ) GLOBAL_UNCERTAINTY_ASSIGNED_CONTEXT ( ( #85 ) ) GLOBAL_UNIT_ASSIGNED_CONTEXT ( ( #3675, #1826, #3972 ) ) REPRESENTATION_CONTEXT ( 'NONE', 'WORKASPACE' ) );
#348 = AXIS2_PLACEMENT_3D ( 'NONE', #612, #3925, #287 ) ;
#349 = PLANE ( 'NONE',  #1914 ) ;
#350 = ORIENTED_EDGE ( 'NONE', *, *, #2539, .F. ) ;
#351 = CARTESIAN_POINT ( 'NONE',  ( 0.9999999999999995559, 0.7330951894845298966, -0.2000000000000002331 ) ) ;
#352 = DIRECTION ( 'NONE',  ( 0.0000000000000000000, -0.9986295347545739443, 0.05233595624294388321 ) ) ;
#353 = ORIENTED_EDGE ( 'NONE', *, *, #2867, .T. ) ;
#354 = CARTESIAN_POINT ( 'NONE',  ( 0.1515544456622766878, -0.1499999999999999944, 0.1403589838486224706 ) ) ;
#355 = SURFACE_STYLE_FILL_AREA ( #1540 ) ;
#356 = FACE_OUTER_BOUND ( 'NONE', #2294, .T. ) ;
#357 = VECTOR ( 'NONE', #1163, 1000.000000000000000 ) ;
#358 = DIRECTION ( 'NONE',  ( -0.0000000000000000000, -1.000000000000000000, -0.0000000000000000000 ) ) ;
#359 = COLOUR_RGB ( '',0.7529411764705882248, 0.7529411764705882248, 0.0000000000000000000 ) ;
#360 = FACE_OUTER_BOUND ( 'NONE', #433, .T. ) ;
#361 = DIRECTION ( 'NONE',  ( 1.000000000000000000, 0.0000000000000000000, -7.115076756936119693E-15 ) ) ;
#362 = LINE ( 'NONE', #3341, #260 ) ;
#363 = FILL_AREA_STYLE_COLOUR ( '', #2488 ) ;
#364 = CARTESIAN_POINT ( 'NONE',  ( 0.1315544456622766978, -0.09999999999999999167, -0.1603589838486224606 ) ) ;
#365 = SURFACE_STYLE_FILL_AREA ( #1719 ) ;
#366 = PRESENTATION_LAYER_ASSIGNMENT (  '', '', ( #153 ) ) ;
#367 = AXIS2_PLACEMENT_3D ( 'NONE', #3339, #3965, #2122 ) ;
#368 = STYLED_ITEM ( 'NONE', ( #1632 ), #65 ) ;
#369 = CARTESIAN_POINT ( 'NONE',  ( -0.6410783056181883488, 0.5500000000000000444, -0.5660783056181885042 ) ) ;
#370 =( GEOMETRIC_REPRESENTATION_CONTEXT ( 3 ) GLOBAL_UNCERTAINTY_ASSIGNED_CONTEXT ( ( #914 ) ) GLOBAL_UNIT_ASSIGNED_CONTEXT ( ( #1069, #3220, #1397 ) ) REPRESENTATION_CONTEXT ( 'NONE', 'WORKASPACE' ) );
#371 = EDGE_CURVE ( 'NONE', #103, #1708, #2641, .T. ) ;
#372 = DIRECTION ( 'NONE',  ( 0.0000000000000000000, -0.0000000000000000000, -1.000000000000000000 ) ) ;
#373 = LINE ( 'NONE', #3854, #276 ) ;
#374 = CARTESIAN_POINT ( 'NONE',  ( -1.000000000000000000, 0.09999999999999999167, 0.4000000000000002998 ) ) ;
#375 = ORIENTED_EDGE ( 'NONE', *, *, #3105, .F. ) ;
#376 = AXIS2_PLACEMENT_3D ( 'NONE', #2330, #513, #2656 ) ;
#377 = UNCERTAINTY_MEASURE_WITH_UNIT (LENGTH_MEASURE( 1.000000000000000082E-05 ), #3469, 'distance_accuracy_value', 'NONE');
#378 = EDGE_CURVE ( 'NONE', #2820, #2885, #1091, .T. ) ;
#379 = EDGE_LOOP ( 'NONE', ( #687, #108, #759, #429 ) ) ;
#380 = VERTEX_POINT ( 'NONE', #599 ) ;
#381 = ORIENTED_EDGE ( 'NONE', *, *, #42, .F. ) ;
#382 = ADVANCED_FACE ( 'NONE', ( #3365 ), #908, .T. ) ;
#383 = VERTEX_POINT ( 'NONE', #3347 ) ;
#384 = ORIENTED_EDGE ( 'NONE', *, *, #1850, .T. ) ;
#385 = CARTESIAN_POINT ( 'NONE',  ( -0.5999999999999999778, 0.09999999999999999167, -0.2060315014550845869 ) ) ;
#386 = CIRCLE ( 'NONE', #1927, 0.2000000000000002331 ) ;
#387 = EDGE_LOOP ( 'NONE', ( #3595, #3950, #3191, #1190 ) ) ;
#388 = ORIENTED_EDGE ( 'NONE', *, *, #371, .T. ) ;
#389 = FILL_AREA_STYLE_COLOUR ( '', #2523 ) ;
#390 = ORIENTED_EDGE ( 'NONE', *, *, #511, .T. ) ;
#391 = ORIENTED_EDGE ( 'NONE', *, *, #441, .T. ) ;
#392 = VECTOR ( 'NONE', #1878, 1000.000000000000000 ) ;
#393 = AXIS2_PLACEMENT_3D ( 'NONE', #3018, #1157, #3295 ) ;
#394 = FILL_AREA_STYLE_COLOUR ( '', #2818 ) ;
#395 = FACE_OUTER_BOUND ( 'NONE', #2547, .T. ) ;
#396 = PRESENTATION_STYLE_ASSIGNMENT (( #881 ) ) ;
#397 = CARTESIAN_POINT ( 'NONE',  ( -0.5999999999999999778, -1.227032961426901325, 0.5000000000000002220 ) ) ;
#398 = LINE ( 'NONE', #2106, #2830 ) ;
#399 = CYLINDRICAL_SURFACE ( 'NONE', #1624, 0.02000000000000002470 ) ;
#400 = DIRECTION ( 'NONE',  ( 3.469446951953614189E-16, 0.0000000000000000000, 1.000000000000000000 ) ) ;
#401 = ADVANCED_FACE ( 'NONE', ( #2754 ), #3802, .F. ) ;
#402 = CIRCLE ( 'NONE', #2686, 0.2000000000000002331 ) ;
#403 = EDGE_CURVE ( 'NONE', #2208, #3040, #3096, .T. ) ;
#404 = DIRECTION ( 'NONE',  ( 0.0000000000000000000, 0.0000000000000000000, 1.000000000000000000 ) ) ;
#405 = VECTOR ( 'NONE', #1933, 1000.000000000000000 ) ;
#406 = DIRECTION ( 'NONE',  ( 0.0000000000000000000, 0.0000000000000000000, -1.000000000000000000 ) ) ;
#407 = ORIENTED_EDGE ( 'NONE', *, *, #1105, .F. ) ;
#408 = AXIS2_PLACEMENT_3D ( 'NONE', #3844, #1979, #159 ) ;
#409 = MECHANICAL_DESIGN_GEOMETRIC_PRESENTATION_REPRESENTATION (  '', ( #23 ), #641 ) ;
#410 = VECTOR ( 'NONE', #1432, 1000.000000000000000 ) ;
#411 = AXIS2_PLACEMENT_3D ( 'NONE', #2481, #269, #2412 ) ;
#412 = ADVANCED_FACE ( 'NONE', ( #643 ), #3667, .T. ) ;
#413 = CARTESIAN_POINT ( 'NONE',  ( -1.000000000000000222, 0.09999999999999999167, 2.168404344971008868E-16 ) ) ;
#414 = VERTEX_POINT ( 'NONE', #3689 ) ;
#415 =( NAMED_UNIT ( * ) SI_UNIT ( $, .STERADIAN. ) SOLID_ANGLE_UNIT ( ) );
#416 = LINE ( 'NONE', #1539, #3589 ) ;
#417 = ORIENTED_EDGE ( 'NONE', *, *, #1744, .T. ) ;
#418 = ORIENTED_EDGE ( 'NONE', *, *, #3960, .T. ) ;
#419 = DIRECTION ( 'NONE',  ( -0.0000000000000000000, 1.000000000000000000, -0.0000000000000000000 ) ) ;
#420 = STYLED_ITEM ( 'NONE', ( #1 ), #3554 ) ;
#421 = ORIENTED_EDGE ( 'NONE', *, *, #2464, .T. ) ;
#422 = ORIENTED_EDGE ( 'NONE', *, *, #2362, .T. ) ;
#423 = ORIENTED_EDGE ( 'NONE', *, *, #984, .T. ) ;
#424 = VECTOR ( 'NONE', #2161, 1000.000000000000000 ) ;
#425 = ORIENTED_EDGE ( 'NONE', *, *, #80, .F. ) ;
#426 = ORIENTED_EDGE ( 'NONE', *, *, #1389, .T. ) ;
#427 = PLANE ( 'NONE',  #3778 ) ;
#428 = LINE ( 'NONE', #1433, #3608 ) ;
#429 = ORIENTED_EDGE ( 'NONE', *, *, #2192, .T. ) ;
#430 = ORIENTED_EDGE ( 'NONE', *, *, #3364, .F. ) ;
#431 = PLANE ( 'NONE',  #3285 ) ;
#432 = SURFACE_STYLE_USAGE ( .BOTH. , #2273 ) ;
#433 = EDGE_LOOP ( 'NONE', ( #1998, #143, #479, #1556 ) ) ;
#434 = CYLINDRICAL_SURFACE ( 'NONE', #1070, 0.02000000000000001429 ) ;
#435 = ADVANCED_FACE ( 'NONE', ( #2993 ), #3713, .F. ) ;
#436 = COLOUR_RGB ( '',1.000000000000000000, 1.000000000000000000, 1.000000000000000000 ) ;
#437 = ORIENTED_EDGE ( 'NONE', *, *, #1287, .F. ) ;
#438 = AXIS2_PLACEMENT_3D ( 'NONE', #1387, #3527, #1680 ) ;
#439 = CYLINDRICAL_SURFACE ( 'NONE', #665, 0.03999999999999998002 ) ;
#440 = LINE ( 'NONE', #1485, #1272 ) ;
#441 = EDGE_CURVE ( 'NONE', #1822, #3413, #532, .T. ) ;
#442 = FILL_AREA_STYLE_COLOUR ( '', #3953 ) ;
#443 = VECTOR ( 'NONE', #358, 1000.000000000000000 ) ;
#444 = CYLINDRICAL_SURFACE ( 'NONE', #2747, 0.4000000000000000777 ) ;
#445 = CARTESIAN_POINT ( 'NONE',  ( -0.5999999999999999778, -0.09999999999999999167, 0.5000000000000002220 ) ) ;
#446 = EDGE_CURVE ( 'NONE', #3489, #3500, #1352, .T. ) ;
#447 = EDGE_CURVE ( 'NONE', #2149, #1870, #2254, .T. ) ;
#448 = FILL_AREA_STYLE_COLOUR ( '', #2566 ) ;
#449 = ADVANCED_FACE ( 'NONE', ( #2894 ), #2789, .F. ) ;
#450 = PRESENTATION_STYLE_ASSIGNMENT (( #2836 ) ) ;
#451 = PRODUCT_CONTEXT ( 'NONE', #2918, 'mechanical' ) ;
#452 = DIRECTION ( 'NONE',  ( -0.0000000000000000000, -1.000000000000000000, -0.0000000000000000000 ) ) ;
#453 = DIRECTION ( 'NONE',  ( 0.0000000000000000000, -0.0000000000000000000, -1.000000000000000000 ) ) ;
#454 = CARTESIAN_POINT ( 'NONE',  ( 0.5999999999999999778, -0.1499999999999999667, -0.4999999999999997780 ) ) ;
#455 = SURFACE_STYLE_FILL_AREA ( #1829 ) ;
#456 = DIRECTION ( 'NONE',  ( 1.000000000000000000, 0.0000000000000000000, 0.0000000000000000000 ) ) ;
#457 = FACE_OUTER_BOUND ( 'NONE', #2989, .T. ) ;
#458 = DIRECTION ( 'NONE',  ( 0.0000000000000000000, 0.0000000000000000000, 1.000000000000000000 ) ) ;
#459 = AXIS2_PLACEMENT_3D ( 'NONE', #704, #2857, #993 ) ;
#460 = STYLED_ITEM ( 'NONE', ( #205 ), #2283 ) ;
#461 = VERTEX_POINT ( 'NONE', #3330 ) ;
#462 =( LENGTH_UNIT ( ) NAMED_UNIT ( * ) SI_UNIT ( .MILLI., .METRE. ) );
#463 = EDGE_LOOP ( 'NONE', ( #595, #2643, #353, #1721, #1986, #339 ) ) ;
#464 = DIRECTION ( 'NONE',  ( 0.0000000000000000000, 0.0000000000000000000, 1.000000000000000000 ) ) ;
#465 = CARTESIAN_POINT ( 'NONE',  ( 0.9999999999999995559, -0.1499999999999999667, 0.0000000000000000000 ) ) ;
#466 = EDGE_CURVE ( 'NONE', #1952, #2693, #3302, .T. ) ;
#467 = ORIENTED_EDGE ( 'NONE', *, *, #2847, .F. ) ;
#468 = ORIENTED_EDGE ( 'NONE', *, *, #92, .F. ) ;
#469 = EDGE_LOOP ( 'NONE', ( #172, #3168, #3166, #942 ) ) ;
#470 = CARTESIAN_POINT ( 'NONE',  ( -1.000000000000000444, -0.1000000000000000472, -0.3499999999999998113 ) ) ;
#471 = DIRECTION ( 'NONE',  ( -0.0000000000000000000, 1.000000000000000000, -0.0000000000000000000 ) ) ;
#472 = ORIENTED_EDGE ( 'NONE', *, *, #3951, .T. ) ;
#473 = ORIENTED_EDGE ( 'NONE', *, *, #2514, .F. ) ;
#474 = ADVANCED_FACE ( 'NONE', ( #2310 ), #2041, .T. ) ;
#475 = PRESENTATION_LAYER_ASSIGNMENT (  '', '', ( #273 ) ) ;
#476 = LINE ( 'NONE', #2000, #1198 ) ;
#477 = CARTESIAN_POINT ( 'NONE',  ( -0.1215544456622767028, -0.5777974510803784991, 0.01732050807568877651 ) ) ;
#478 = ORIENTED_EDGE ( 'NONE', *, *, #694, .T. ) ;
#479 = ORIENTED_EDGE ( 'NONE', *, *, #196, .F. ) ;
#480 = UNCERTAINTY_MEASURE_WITH_UNIT (LENGTH_MEASURE( 1.000000000000000082E-05 ), #2134, 'distance_accuracy_value', 'NONE');
#481 =( NAMED_UNIT ( * ) PLANE_ANGLE_UNIT ( ) SI_UNIT ( $, .RADIAN. ) );
#482 = ORIENTED_EDGE ( 'NONE', *, *, #3444, .F. ) ;
#483 = ORIENTED_EDGE ( 'NONE', *, *, #588, .F. ) ;
#484 = DIRECTION ( 'NONE',  ( -1.000000000000000000, 0.0000000000000000000, 0.0000000000000000000 ) ) ;
#485 = EDGE_CURVE ( 'NONE', #2679, #630, #1220, .T. ) ;
#486 = VECTOR ( 'NONE', #2118, 1000.000000000000000 ) ;
#487 = CARTESIAN_POINT ( 'NONE',  ( -1.000000000000000000, 0.09999999999999999167, 0.4000000000000002998 ) ) ;
#488 = EDGE_CURVE ( 'NONE', #1990, #3141, #3567, .T. ) ;
#489 = DIRECTION ( 'NONE',  ( -1.000000000000000000, 0.0000000000000000000, 0.0000000000000000000 ) ) ;
#490 =( NAMED_UNIT ( * ) PLANE_ANGLE_UNIT ( ) SI_UNIT ( $, .RADIAN. ) );
#491 = SURFACE_STYLE_FILL_AREA ( #606 ) ;
#492 = SURFACE_STYLE_FILL_AREA ( #253 ) ;
#493 = PRESENTATION_LAYER_ASSIGNMENT (  '', '', ( #86 ) ) ;
#494 = MECHANICAL_DESIGN_GEOMETRIC_PRESENTATION_REPRESENTATION (  '', ( #3227 ), #711 ) ;
#495 = LINE ( 'NONE', #3660, #2719 ) ;
#496 = CIRCLE ( 'NONE', #791, 0.2000000000000002331 ) ;
#497 = CARTESIAN_POINT ( 'NONE',  ( -1.000000000000000444, 0.09999999999999999167, -0.3999999999999998557 ) ) ;
#498 = AXIS2_PLACEMENT_3D ( 'NONE', #3923, #239, #2376 ) ;
#499 = EDGE_CURVE ( 'NONE', #3662, #1990, #402, .T. ) ;
#500 = COLOUR_RGB ( '',0.7529411764705882248, 0.7529411764705882248, 0.0000000000000000000 ) ;
#501 = DIRECTION ( 'NONE',  ( 0.0000000000000000000, -1.000000000000000000, 0.0000000000000000000 ) ) ;
#502 = UNCERTAINTY_MEASURE_WITH_UNIT (LENGTH_MEASURE( 1.000000000000000082E-05 ), #3578, 'distance_accuracy_value', 'NONE');
#503 = ADVANCED_FACE ( 'NONE', ( #2019 ), #431, .T. ) ;
#504 = FILL_AREA_STYLE ('',( #1106 ) ) ;
#505 = DIRECTION ( 'NONE',  ( 1.000000000000000000, 0.0000000000000000000, 0.0000000000000000000 ) ) ;
#506 = STYLED_ITEM ( 'NONE', ( #1577 ), #3475 ) ;
#507 = CARTESIAN_POINT ( 'NONE',  ( -0.5999999999999999778, -1.227032961426901325, 0.5000000000000002220 ) ) ;
#508 = DIRECTION ( 'NONE',  ( 0.0000000000000000000, 0.0000000000000000000, 1.000000000000000000 ) ) ;
#509 = CARTESIAN_POINT ( 'NONE',  ( 0.9999999999999995559, -0.09999999999999999167, 0.0000000000000000000 ) ) ;
#510 = AXIS2_PLACEMENT_3D ( 'NONE', #1542, #11, #2153 ) ;
#511 = EDGE_CURVE ( 'NONE', #1544, #1148, #3473, .T. ) ;
#512 = VECTOR ( 'NONE', #3152, 1000.000000000000000 ) ;
#513 = DIRECTION ( 'NONE',  ( -1.000000000000000000, 0.0000000000000000000, 0.0000000000000000000 ) ) ;
#514 = FILL_AREA_STYLE_COLOUR ( '', #2434 ) ;
#515 = VECTOR ( 'NONE', #1860, 1000.000000000000000 ) ;
#516 = SURFACE_STYLE_FILL_AREA ( #1846 ) ;
#517 =( NAMED_UNIT ( * ) SI_UNIT ( $, .STERADIAN. ) SOLID_ANGLE_UNIT ( ) );
#518 = CARTESIAN_POINT ( 'NONE',  ( 0.6410783056181883488, 0.5500000000000000444, 0.5660783056181885042 ) ) ;
#519 = LINE ( 'NONE', #3253, #1237 ) ;
#520 = CARTESIAN_POINT ( 'NONE',  ( -0.6999999999999999556, 0.1499999999999999667, 0.1802775637731994229 ) ) ;
#521 =( LENGTH_UNIT ( ) NAMED_UNIT ( * ) SI_UNIT ( .MILLI., .METRE. ) );
#522 = CARTESIAN_POINT ( 'NONE',  ( -1.000000000000000222, 0.1499999999999999944, -0.6249999999999997780 ) ) ;
#523 = ADVANCED_FACE ( 'NONE', ( #1110 ), #737, .T. ) ;
#524 = VERTEX_POINT ( 'NONE', #2287 ) ;
#525 =( NAMED_UNIT ( * ) PLANE_ANGLE_UNIT ( ) SI_UNIT ( $, .RADIAN. ) );
#526 = AXIS2_PLACEMENT_3D ( 'NONE', #3014, #1155, #3292 ) ;
#527 = ORIENTED_EDGE ( 'NONE', *, *, #2771, .F. ) ;
#528 = CARTESIAN_POINT ( 'NONE',  ( -1.000000000000000444, -0.1499999999999999944, -0.6249999999999997780 ) ) ;
#529 = ORIENTED_EDGE ( 'NONE', *, *, #378, .F. ) ;
#530 = DIRECTION ( 'NONE',  ( 0.0000000000000000000, -1.000000000000000000, 0.0000000000000000000 ) ) ;
#531 = ORIENTED_EDGE ( 'NONE', *, *, #1595, .T. ) ;
#532 = LINE ( 'NONE', #3376, #2173 ) ;
#533 = ORIENTED_EDGE ( 'NONE', *, *, #3881, .T. ) ;
#534 = DIRECTION ( 'NONE',  ( -0.0000000000000000000, 1.000000000000000000, -0.0000000000000000000 ) ) ;
#535 = ORIENTED_EDGE ( 'NONE', *, *, #801, .T. ) ;
#536 = PRODUCT ( '150080RS75000', '150080RS75000', '', ( #451 ) ) ;
#537 = CARTESIAN_POINT ( 'NONE',  ( -1.000000000000000444, 0.1499999999999999944, -0.3999999999999998557 ) ) ;
#538 = CARTESIAN_POINT ( 'NONE',  ( -1.000000000000000444, -1.227032961426901325, -0.4999999999999997780 ) ) ;
#539 = VECTOR ( 'NONE', #1197, 1000.000000000000000 ) ;
#540 = EDGE_LOOP ( 'NONE', ( #3714, #3546, #3533, #2383, #2290, #3592 ) ) ;
#541 = EDGE_LOOP ( 'NONE', ( #3901, #3359, #3707 ) ) ;
#542 = FILL_AREA_STYLE_COLOUR ( '', #859 ) ;
#543 = ORIENTED_EDGE ( 'NONE', *, *, #707, .T. ) ;
#544 = DIRECTION ( 'NONE',  ( 0.0000000000000000000, -1.000000000000000000, 0.0000000000000000000 ) ) ;
#545 = EDGE_CURVE ( 'NONE', #2396, #1751, #1565, .T. ) ;
#546 = CYLINDRICAL_SURFACE ( 'NONE', #689, 0.02000000000000003858 ) ;
#547 = SURFACE_SIDE_STYLE ('',( #974 ) ) ;
#548 =( LENGTH_UNIT ( ) NAMED_UNIT ( * ) SI_UNIT ( .MILLI., .METRE. ) );
#549 = VECTOR ( 'NONE', #1770, 1000.000000000000000 ) ;
#550 =( NAMED_UNIT ( * ) SI_UNIT ( $, .STERADIAN. ) SOLID_ANGLE_UNIT ( ) );
#551 = CARTESIAN_POINT ( 'NONE',  ( -0.5999999999999999778, 0.1499999999999999944, -0.2060315014550845869 ) ) ;
#552 = LINE ( 'NONE', #2592, #2914 ) ;
#553 = CARTESIAN_POINT ( 'NONE',  ( -0.5999999999999999778, -0.09999999999999999167, -0.4999999999999997780 ) ) ;
#554 = FILL_AREA_STYLE_COLOUR ( '', #326 ) ;
#555 = VECTOR ( 'NONE', #1066, 1000.000000000000000 ) ;
#556 = AXIS2_PLACEMENT_3D ( 'NONE', #3044, #1176, #3328 ) ;
#557 = AXIS2_PLACEMENT_3D ( 'NONE', #3213, #3857, #3512 ) ;
#558 =( NAMED_UNIT ( * ) PLANE_ANGLE_UNIT ( ) SI_UNIT ( $, .RADIAN. ) );
#559 =( NAMED_UNIT ( * ) SI_UNIT ( $, .STERADIAN. ) SOLID_ANGLE_UNIT ( ) );
#560 = PLANE ( 'NONE',  #2553 ) ;
#561 = CARTESIAN_POINT ( 'NONE',  ( 0.9999999999999995559, 0.1499999999999999944, -0.6250000000000000000 ) ) ;
#562 = CARTESIAN_POINT ( 'NONE',  ( 0.1215544456622766889, -0.09999999999999999167, 0.1576794919243112436 ) ) ;
#563 = CARTESIAN_POINT ( 'NONE',  ( 0.6999999999999999556, 0.7330951894845298966, -0.2500000000000000000 ) ) ;
#564 = COLOUR_RGB ( '',0.7921568627450980005, 0.8196078431372548767, 0.9333333333333333481 ) ;
#565 = AXIS2_PLACEMENT_3D ( 'NONE', #275, #2421, #602 ) ;
#566 = VECTOR ( 'NONE', #3127, 1000.000000000000000 ) ;
#567 = SURFACE_STYLE_USAGE ( .BOTH. , #2387 ) ;
#568 = SURFACE_STYLE_USAGE ( .BOTH. , #2389 ) ;
#569 = LINE ( 'NONE', #3370, #1695 ) ;
#570 =( NAMED_UNIT ( * ) SI_UNIT ( $, .STERADIAN. ) SOLID_ANGLE_UNIT ( ) );
#571 = EDGE_CURVE ( 'NONE', #461, #3301, #3185, .T. ) ;
#572 = CARTESIAN_POINT ( 'NONE',  ( 0.1315544456622766978, -0.09999999999999999167, -0.1403589838486224706 ) ) ;
#573 = DIRECTION ( 'NONE',  ( 9.637352644315598694E-16, 0.0000000000000000000, -1.000000000000000000 ) ) ;
#574 = ORIENTED_EDGE ( 'NONE', *, *, #2571, .T. ) ;
#575 = ORIENTED_EDGE ( 'NONE', *, *, #2640, .T. ) ;
#576 = ORIENTED_EDGE ( 'NONE', *, *, #2278, .T. ) ;
#577 = MECHANICAL_DESIGN_GEOMETRIC_PRESENTATION_REPRESENTATION (  '', ( #153 ), #764 ) ;
#578 =( NAMED_UNIT ( * ) PLANE_ANGLE_UNIT ( ) SI_UNIT ( $, .RADIAN. ) );
#579 = CARTESIAN_POINT ( 'NONE',  ( -0.5999999999999999778, 0.09999999999999999167, -0.2060315014550845869 ) ) ;
#580 = CARTESIAN_POINT ( 'NONE',  ( 0.9999999999999995559, 0.7330951894845298966, -0.2500000000000000000 ) ) ;
#581 = PRESENTATION_LAYER_ASSIGNMENT (  '', '', ( #368 ) ) ;
#582 = ORIENTED_EDGE ( 'NONE', *, *, #739, .T. ) ;
#583 =( NAMED_UNIT ( * ) PLANE_ANGLE_UNIT ( ) SI_UNIT ( $, .RADIAN. ) );
#584 = ORIENTED_EDGE ( 'NONE', *, *, #1319, .T. ) ;
#585 = ORIENTED_EDGE ( 'NONE', *, *, #3403, .T. ) ;
#586 = DIRECTION ( 'NONE',  ( -1.000000000000000000, 0.0000000000000000000, -0.0000000000000000000 ) ) ;
#587 = SURFACE_STYLE_USAGE ( .BOTH. , #2408 ) ;
#588 = EDGE_CURVE ( 'NONE', #3499, #3939, #34, .T. ) ;
#589 = ORIENTED_EDGE ( 'NONE', *, *, #832, .F. ) ;
#590 = DIRECTION ( 'NONE',  ( 0.0000000000000000000, 0.0000000000000000000, 1.000000000000000000 ) ) ;
#591 = PLANE ( 'NONE',  #367 ) ;
#592 = CARTESIAN_POINT ( 'NONE',  ( 0.9999999999999995559, 0.1499999999999999944, 0.6250000000000000000 ) ) ;
#593 = LINE ( 'NONE', #2603, #1396 ) ;
#594 = ORIENTED_EDGE ( 'NONE', *, *, #1060, .T. ) ;
#595 = ORIENTED_EDGE ( 'NONE', *, *, #3306, .T. ) ;
#596 = ORIENTED_EDGE ( 'NONE', *, *, #888, .F. ) ;
#597 = CARTESIAN_POINT ( 'NONE',  ( 0.6834674183081292931, 0.1499999999999999944, 0.6250000000000001110 ) ) ;
#598 = PRESENTATION_LAYER_ASSIGNMENT (  '', '', ( #161 ) ) ;
#599 = CARTESIAN_POINT ( 'NONE',  ( -0.5999999999999998668, 0.09999999999999999167, 0.6250000000000002220 ) ) ;
#600 = EDGE_CURVE ( 'NONE', #3795, #1492, #2270, .T. ) ;
#601 = DIRECTION ( 'NONE',  ( 0.0000000000000000000, -0.0000000000000000000, 1.000000000000000000 ) ) ;
#602 = DIRECTION ( 'NONE',  ( -1.858632295689436004E-15, 0.0000000000000000000, -1.000000000000000000 ) ) ;
#603 = FACE_OUTER_BOUND ( 'NONE', #240, .T. ) ;
#604 = FILL_AREA_STYLE_COLOUR ( '', #3006 ) ;
#605 = LINE ( 'NONE', #3099, #3774 ) ;
#606 = FILL_AREA_STYLE ('',( #2120 ) ) ;
#607 = LINE ( 'NONE', #3323, #2953 ) ;
#608 = CARTESIAN_POINT ( 'NONE',  ( 0.5999999999999999778, -0.09999999999999999167, 0.5000000000000002220 ) ) ;
#609 = LINE ( 'NONE', #2673, #3682 ) ;
#610 = LINE ( 'NONE', #553, #1320 ) ;
#611 = CARTESIAN_POINT ( 'NONE',  ( -0.5999999999999999778, 0.09999999999999999167, 0.2060315014550845869 ) ) ;
#612 = CARTESIAN_POINT ( 'NONE',  ( 0.6410783056181883488, 0.5100000000000001199, -0.5660783056181885042 ) ) ;
#613 = CARTESIAN_POINT ( 'NONE',  ( -1.000000000000000222, 0.1499999999999999667, 2.168404344971008868E-16 ) ) ;
#614 =( NAMED_UNIT ( * ) PLANE_ANGLE_UNIT ( ) SI_UNIT ( $, .RADIAN. ) );
#615 = CARTESIAN_POINT ( 'NONE',  ( 0.6810234870083712311, 0.5120934382497178694, 0.5660783056181883932 ) ) ;
#616 = DIRECTION ( 'NONE',  ( -1.000000000000000000, 0.0000000000000000000, 1.084202172485504681E-16 ) ) ;
#617 = DIRECTION ( 'NONE',  ( -0.0000000000000000000, -1.000000000000000000, -0.0000000000000000000 ) ) ;
#618 =( NAMED_UNIT ( * ) SI_UNIT ( $, .STERADIAN. ) SOLID_ANGLE_UNIT ( ) );
#619 = DIRECTION ( 'NONE',  ( 0.0000000000000000000, 0.0000000000000000000, 1.000000000000000000 ) ) ;
#620 = ORIENTED_EDGE ( 'NONE', *, *, #2004, .F. ) ;
#621 = LINE ( 'NONE', #642, #515 ) ;
#622 = FACE_OUTER_BOUND ( 'NONE', #2446, .T. ) ;
#623 = DIRECTION ( 'NONE',  ( 0.05226442768871395611, 0.9972646886342372285, 0.05226442768871394917 ) ) ;
#624 =( LENGTH_UNIT ( ) NAMED_UNIT ( * ) SI_UNIT ( .MILLI., .METRE. ) );
#625 = EDGE_CURVE ( 'NONE', #668, #2895, #659, .T. ) ;
#626 = COLOUR_RGB ( '',0.7529411764705882248, 0.7529411764705882248, 0.0000000000000000000 ) ;
#627 = CARTESIAN_POINT ( 'NONE',  ( -0.5999999999999998668, 0.09999999999999999167, -0.6250000000000002220 ) ) ;
#628 = CARTESIAN_POINT ( 'NONE',  ( 0.1315544456622766700, -0.5777974510803784991, 0.1403589838486224151 ) ) ;
#629 = PLANE ( 'NONE',  #913 ) ;
#630 = VERTEX_POINT ( 'NONE', #1973 ) ;
#631 = DIRECTION ( 'NONE',  ( 0.0000000000000000000, -1.000000000000000000, 0.0000000000000000000 ) ) ;
#632 =( NAMED_UNIT ( * ) SI_UNIT ( $, .STERADIAN. ) SOLID_ANGLE_UNIT ( ) );
#633 = FILL_AREA_STYLE_COLOUR ( '', #2416 ) ;
#634 = ORIENTED_EDGE ( 'NONE', *, *, #1196, .T. ) ;
#635 = EDGE_LOOP ( 'NONE', ( #3655, #2688, #834, #1953 ) ) ;
#636 = ORIENTED_EDGE ( 'NONE', *, *, #2037, .F. ) ;
#637 = DIRECTION ( 'NONE',  ( 0.0000000000000000000, 0.0000000000000000000, -1.000000000000000000 ) ) ;
#638 = UNCERTAINTY_MEASURE_WITH_UNIT (LENGTH_MEASURE( 1.000000000000000082E-05 ), #977, 'distance_accuracy_value', 'NONE');
#639 = CARTESIAN_POINT ( 'NONE',  ( 0.5999999999999999778, -0.09999999999999999167, -0.4999999999999997780 ) ) ;
#640 = STYLED_ITEM ( 'NONE', ( #3021 ), #1938 ) ;
#641 =( GEOMETRIC_REPRESENTATION_CONTEXT ( 3 ) GLOBAL_UNCERTAINTY_ASSIGNED_CONTEXT ( ( #1385 ) ) GLOBAL_UNIT_ASSIGNED_CONTEXT ( ( #3388, #1561, #3709 ) ) REPRESENTATION_CONTEXT ( 'NONE', 'WORKASPACE' ) );
#642 = CARTESIAN_POINT ( 'NONE',  ( 0.9999999999999995559, -0.1499999999999999667, 0.5000000000000002220 ) ) ;
#643 = FACE_OUTER_BOUND ( 'NONE', #3102, .T. ) ;
#644 = VERTEX_POINT ( 'NONE', #1753 ) ;
#645 = ORIENTED_EDGE ( 'NONE', *, *, #1612, .F. ) ;
#646 =( LENGTH_UNIT ( ) NAMED_UNIT ( * ) SI_UNIT ( .MILLI., .METRE. ) );
#647 = SURFACE_SIDE_STYLE ('',( #3181 ) ) ;
#648 = ORIENTED_EDGE ( 'NONE', *, *, #3614, .T. ) ;
#649 = ORIENTED_EDGE ( 'NONE', *, *, #2544, .F. ) ;
#650 = ORIENTED_EDGE ( 'NONE', *, *, #270, .F. ) ;
#651 = AXIS2_PLACEMENT_3D ( 'NONE', #397, #3789, #1932 ) ;
#652 = PRESENTATION_STYLE_ASSIGNMENT (( #3565 ) ) ;
#653 = CARTESIAN_POINT ( 'NONE',  ( -1.000000000000000000, 0.1499999999999999667, 0.3500000000000002554 ) ) ;
#654 = FACE_OUTER_BOUND ( 'NONE', #3897, .T. ) ;
#655 = CARTESIAN_POINT ( 'NONE',  ( 0.1315544456622766978, -0.09999999999999999167, -0.1403589838486224706 ) ) ;
#656 = LINE ( 'NONE', #3257, #2267 ) ;
#657 = DIRECTION ( 'NONE',  ( -0.0000000000000000000, -1.000000000000000000, -0.0000000000000000000 ) ) ;
#658 = DIRECTION ( 'NONE',  ( 1.445602896647339706E-15, 0.0000000000000000000, -1.000000000000000000 ) ) ;
#659 = LINE ( 'NONE', #2296, #3010 ) ;
#660 = DIRECTION ( 'NONE',  ( -0.0000000000000000000, -1.000000000000000000, -0.0000000000000000000 ) ) ;
#661 = LINE ( 'NONE', #1983, #555 ) ;
#662 = CARTESIAN_POINT ( 'NONE',  ( -0.6410783056181883488, 0.5100000000000000089, -0.5660783056181885042 ) ) ;
#663 = CARTESIAN_POINT ( 'NONE',  ( -1.000000000000000444, -0.1499999999999999667, -0.4999999999999997780 ) ) ;
#664 = CARTESIAN_POINT ( 'NONE',  ( -0.6999999999999999556, 0.1499999999999999944, -0.6084674183081293375 ) ) ;
#665 = AXIS2_PLACEMENT_3D ( 'NONE', #1662, #3501, #3832 ) ;
#666 = SURFACE_STYLE_FILL_AREA ( #3859 ) ;
#667 = EDGE_CURVE ( 'NONE', #803, #1253, #3910, .T. ) ;
#668 = VERTEX_POINT ( 'NONE', #2063 ) ;
#669 = CARTESIAN_POINT ( 'NONE',  ( -0.1115544456622767355, -0.1499999999999999667, -2.710505439397719968E-17 ) ) ;
#670 = SPHERICAL_SURFACE ( 'NONE', #2963, 0.04000000000000000083 ) ;
#671 =( LENGTH_UNIT ( ) NAMED_UNIT ( * ) SI_UNIT ( .MILLI., .METRE. ) );
#672 = LINE ( 'NONE', #2815, #3745 ) ;
#673 = VECTOR ( 'NONE', #3643, 1000.000000000000000 ) ;
#674 = PRESENTATION_LAYER_ASSIGNMENT (  '', '', ( #3823 ) ) ;
#675 = EDGE_CURVE ( 'NONE', #803, #1824, #2189, .T. ) ;
#676 = PRESENTATION_STYLE_ASSIGNMENT (( #2937 ) ) ;
#677 = ORIENTED_EDGE ( 'NONE', *, *, #3420, .T. ) ;
#678 = CARTESIAN_POINT ( 'NONE',  ( -0.6410783056181881268, 0.5100000000000000089, 0.5660783056181885042 ) ) ;
#679 = EDGE_CURVE ( 'NONE', #1627, #2179, #552, .T. ) ;
#680 = DIRECTION ( 'NONE',  ( 1.000000000000000000, -0.0000000000000000000, -0.0000000000000000000 ) ) ;
#681 = DIRECTION ( 'NONE',  ( 1.000000000000000000, -0.0000000000000000000, -0.0000000000000000000 ) ) ;
#682 = ORIENTED_EDGE ( 'NONE', *, *, #944, .F. ) ;
#683 = ORIENTED_EDGE ( 'NONE', *, *, #1718, .T. ) ;
#684 = SURFACE_SIDE_STYLE ('',( #2089 ) ) ;
#685 = ORIENTED_EDGE ( 'NONE', *, *, #2505, .T. ) ;
#686 = UNCERTAINTY_MEASURE_WITH_UNIT (LENGTH_MEASURE( 1.000000000000000082E-05 ), #1428, 'distance_accuracy_value', 'NONE');
#687 = ORIENTED_EDGE ( 'NONE', *, *, #236, .F. ) ;
#688 = VERTEX_POINT ( 'NONE', #890 ) ;
#689 = AXIS2_PLACEMENT_3D ( 'NONE', #3150, #1290, #2203 ) ;
#690 = AXIS2_PLACEMENT_3D ( 'NONE', #3192, #1372, #3506 ) ;
#691 = ORIENTED_EDGE ( 'NONE', *, *, #1517, .F. ) ;
#692 = PRESENTATION_STYLE_ASSIGNMENT (( #2916 ) ) ;
#693 = CARTESIAN_POINT ( 'NONE',  ( -1.000000000000000000, -0.09999999999999999167, 0.5000000000000002220 ) ) ;
#694 = EDGE_CURVE ( 'NONE', #2853, #919, #1273, .T. ) ;
#695 = CARTESIAN_POINT ( 'NONE',  ( -1.000000000000000222, 0.1499999999999999944, 2.168404344971008868E-16 ) ) ;
#696 = SURFACE_STYLE_FILL_AREA ( #2167 ) ;
#697 = ADVANCED_FACE ( 'NONE', ( #2075 ), #2720, .T. ) ;
#698 = VECTOR ( 'NONE', #329, 1000.000000000000000 ) ;
#699 = CYLINDRICAL_SURFACE ( 'NONE', #3075, 0.2000000000000002331 ) ;
#700 = MECHANICAL_DESIGN_GEOMETRIC_PRESENTATION_REPRESENTATION (  '', ( #273 ), #874 ) ;
#701 = VECTOR ( 'NONE', #219, 1000.000000000000000 ) ;
#702 = DIRECTION ( 'NONE',  ( 0.0000000000000000000, -1.000000000000000000, 0.0000000000000000000 ) ) ;
#703 = ORIENTED_EDGE ( 'NONE', *, *, #2917, .T. ) ;
#704 = CARTESIAN_POINT ( 'NONE',  ( 0.1315544456622766978, -0.1499999999999999944, -0.1403589838486224706 ) ) ;
#705 = SURFACE_STYLE_FILL_AREA ( #504 ) ;
#706 = PLANE ( 'NONE',  #218 ) ;
#707 = EDGE_CURVE ( 'NONE', #1249, #3141, #1369, .T. ) ;
#708 = CARTESIAN_POINT ( 'NONE',  ( -0.1215544456622767305, -0.1499999999999999667, -0.01732050807568881121 ) ) ;
#709 = EDGE_CURVE ( 'NONE', #3795, #3304, #3733, .T. ) ;
#710 = MECHANICAL_DESIGN_GEOMETRIC_PRESENTATION_REPRESENTATION (  '', ( #86 ), #894 ) ;
#711 =( GEOMETRIC_REPRESENTATION_CONTEXT ( 3 ) GLOBAL_UNCERTAINTY_ASSIGNED_CONTEXT ( ( #2093 ) ) GLOBAL_UNIT_ASSIGNED_CONTEXT ( ( #2341, #1094, #2960 ) ) REPRESENTATION_CONTEXT ( 'NONE', 'WORKASPACE' ) );
#712 = STYLED_ITEM ( 'NONE', ( #124 ), #1427 ) ;
#713 = ADVANCED_FACE ( 'NONE', ( #3515 ), #2035, .F. ) ;
#714 = CARTESIAN_POINT ( 'NONE',  ( 0.9999999999999995559, -0.09999999999999999167, 0.0000000000000000000 ) ) ;
#715 = SPHERICAL_SURFACE ( 'NONE', #3648, 0.04000000000000000083 ) ;
#716 = EDGE_CURVE ( 'NONE', #3711, #1134, #72, .T. ) ;
#717 = LINE ( 'NONE', #1558, #122 ) ;
#718 = CARTESIAN_POINT ( 'NONE',  ( -0.5999999999999999778, 0.09999999999999999167, -0.2060315014550845869 ) ) ;
#719 = AXIS2_PLACEMENT_3D ( 'NONE', #669, #2825, #959 ) ;
#720 = STYLED_ITEM ( 'NONE', ( #2460 ), #3179 ) ;
#721 = EDGE_CURVE ( 'NONE', #194, #804, #1681, .T. ) ;
#722 = ORIENTED_EDGE ( 'NONE', *, *, #1531, .T. ) ;
#723 = ORIENTED_EDGE ( 'NONE', *, *, #1496, .T. ) ;
#724 = ORIENTED_EDGE ( 'NONE', *, *, #2819, .F. ) ;
#725 = DIRECTION ( 'NONE',  ( -0.0000000000000000000, -0.0000000000000000000, 1.000000000000000000 ) ) ;
#726 = ORIENTED_EDGE ( 'NONE', *, *, #2076, .T. ) ;
#727 = ORIENTED_EDGE ( 'NONE', *, *, #1389, .F. ) ;
#728 = DIRECTION ( 'NONE',  ( -0.0000000000000000000, -1.000000000000000000, -0.0000000000000000000 ) ) ;
#729 = ADVANCED_FACE ( 'NONE', ( #1599 ), #3681, .T. ) ;
#730 = ORIENTED_EDGE ( 'NONE', *, *, #447, .T. ) ;
#731 = ORIENTED_EDGE ( 'NONE', *, *, #1931, .T. ) ;
#732 = ORIENTED_EDGE ( 'NONE', *, *, #3144, .F. ) ;
#733 = STYLED_ITEM ( 'NONE', ( #2073 ), #2674 ) ;
#734 = DIRECTION ( 'NONE',  ( 0.0000000000000000000, 0.0000000000000000000, 1.000000000000000000 ) ) ;
#735 = DIRECTION ( 'NONE',  ( 1.000000000000000000, 0.0000000000000000000, 0.0000000000000000000 ) ) ;
#736 = DIRECTION ( 'NONE',  ( -1.000000000000000000, 0.0000000000000000000, -0.0000000000000000000 ) ) ;
#737 = CYLINDRICAL_SURFACE ( 'NONE', #557, 0.03999999999999999389 ) ;
#738 = EDGE_LOOP ( 'NONE', ( #2211, #1360, #650, #3093 ) ) ;
#739 = EDGE_CURVE ( 'NONE', #1551, #1990, #1317, .T. ) ;
#740 = ADVANCED_FACE ( 'NONE', ( #2015 ), #3612, .F. ) ;
#741 =( NAMED_UNIT ( * ) PLANE_ANGLE_UNIT ( ) SI_UNIT ( $, .RADIAN. ) );
#742 = ORIENTED_EDGE ( 'NONE', *, *, #1879, .T. ) ;
#743 = STYLED_ITEM ( 'NONE', ( #3426 ), #782 ) ;
#744 = AXIS2_PLACEMENT_3D ( 'NONE', #1471, #3618, #1766 ) ;
#745 = SURFACE_SIDE_STYLE ('',( #1503 ) ) ;
#746 = LINE ( 'NONE', #3000, #1482 ) ;
#747 = CARTESIAN_POINT ( 'NONE',  ( 0.1315544456622766978, -0.09999999999999999167, -0.1403589838486224706 ) ) ;
#748 = SURFACE_SIDE_STYLE ('',( #2562 ) ) ;
#749 = ADVANCED_FACE ( 'NONE', ( #200 ), #2099, .F. ) ;
#750 = AXIS2_PLACEMENT_3D ( 'NONE', #3047, #1179, #3334 ) ;
#751 = ORIENTED_EDGE ( 'NONE', *, *, #3054, .T. ) ;
#752 = ORIENTED_EDGE ( 'NONE', *, *, #162, .T. ) ;
#753 = EDGE_LOOP ( 'NONE', ( #3723, #3848, #2259, #1366 ) ) ;
#754 = FILL_AREA_STYLE ('',( #448 ) ) ;
#755 = DIRECTION ( 'NONE',  ( 0.0000000000000000000, 0.0000000000000000000, -1.000000000000000000 ) ) ;
#756 = EDGE_CURVE ( 'NONE', #2216, #1492, #3109, .T. ) ;
#757 = APPLICATION_PROTOCOL_DEFINITION ( 'draft international standard', 'automotive_design', 1998, #2602 ) ;
#758 = ORIENTED_EDGE ( 'NONE', *, *, #1889, .F. ) ;
#759 = ORIENTED_EDGE ( 'NONE', *, *, #3453, .T. ) ;
#760 = DIRECTION ( 'NONE',  ( 0.0000000000000000000, 0.0000000000000000000, 1.000000000000000000 ) ) ;
#761 = DIRECTION ( 'NONE',  ( 0.0000000000000000000, 0.0000000000000000000, -1.000000000000000000 ) ) ;
#762 = DIRECTION ( 'NONE',  ( -0.0000000000000000000, 1.000000000000000000, -0.0000000000000000000 ) ) ;
#763 = ORIENTED_EDGE ( 'NONE', *, *, #3056, .T. ) ;
#764 =( GEOMETRIC_REPRESENTATION_CONTEXT ( 3 ) GLOBAL_UNCERTAINTY_ASSIGNED_CONTEXT ( ( #1074 ) ) GLOBAL_UNIT_ASSIGNED_CONTEXT ( ( #2373, #558, #2703 ) ) REPRESENTATION_CONTEXT ( 'NONE', 'WORKASPACE' ) );
#765 = LINE ( 'NONE', #1651, #3313 ) ;
#766 = AXIS2_PLACEMENT_3D ( 'NONE', #2752, #1530, #3680 ) ;
#767 = MECHANICAL_DESIGN_GEOMETRIC_PRESENTATION_REPRESENTATION (  '', ( #368 ), #980 ) ;
#768 = SURFACE_SIDE_STYLE ('',( #3931 ) ) ;
#769 = LINE ( 'NONE', #1231, #2707 ) ;
#770 = ADVANCED_BREP_SHAPE_REPRESENTATION ( '150080RS75000', ( #1521, #1800, #782, #3123, #966, #2380, #1661, #799 ), #3161 ) ;
#771 = VECTOR ( 'NONE', #1535, 1000.000000000000000 ) ;
#772 = EDGE_CURVE ( 'NONE', #2751, #1995, #1459, .T. ) ;
#773 = CARTESIAN_POINT ( 'NONE',  ( 0.6999999999999999556, 0.1499999999999999944, -0.6250000000000002220 ) ) ;
#774 = DIRECTION ( 'NONE',  ( -9.637352644315598694E-16, 0.0000000000000000000, 1.000000000000000000 ) ) ;
#775 = ADVANCED_FACE ( 'NONE', ( #654 ), #3067, .F. ) ;
#776 = DIRECTION ( 'NONE',  ( 0.0000000000000000000, 0.0000000000000000000, -1.000000000000000000 ) ) ;
#777 = PRESENTATION_STYLE_ASSIGNMENT (( #235 ) ) ;
#778 = CARTESIAN_POINT ( 'NONE',  ( 0.5999999999999999778, -0.1499999999999999944, 0.5000000000000002220 ) ) ;
#779 = CARTESIAN_POINT ( 'NONE',  ( 0.9999999999999995559, -0.09999999999999999167, 0.5000000000000002220 ) ) ;
#780 = MECHANICAL_DESIGN_GEOMETRIC_PRESENTATION_REPRESENTATION (  '', ( #161 ), #989 ) ;
#781 = EDGE_CURVE ( 'NONE', #3644, #1992, #1886, .T. ) ;
#782 = MANIFOLD_SOLID_BREP ( 'Boss-Extrude5', #343 ) ;
#783 = CARTESIAN_POINT ( 'NONE',  ( 0.6999999999999999556, 0.1499999999999999667, -0.2500000000000000000 ) ) ;
#784 = VECTOR ( 'NONE', #2533, 1000.000000000000000 ) ;
#785 = CARTESIAN_POINT ( 'NONE',  ( 0.9999999999999995559, -0.09999999999999999167, 0.2000000000000002331 ) ) ;
#786 = VECTOR ( 'NONE', #1567, 1000.000000000000000 ) ;
#787 = ADVANCED_FACE ( 'NONE', ( #1597 ), #3146, .T. ) ;
#788 = FILL_AREA_STYLE_COLOUR ( '', #3725 ) ;
#789 = SURFACE_STYLE_FILL_AREA ( #3479 ) ;
#790 = DIRECTION ( 'NONE',  ( -9.637352644315598694E-16, 0.0000000000000000000, 1.000000000000000000 ) ) ;
#791 = AXIS2_PLACEMENT_3D ( 'NONE', #1171, #3315, #1489 ) ;
#792 = DIRECTION ( 'NONE',  ( 0.0000000000000000000, 0.0000000000000000000, 1.000000000000000000 ) ) ;
#793 = ORIENTED_EDGE ( 'NONE', *, *, #1960, .F. ) ;
#794 = DIRECTION ( 'NONE',  ( 5.782411586589372233E-15, 0.0000000000000000000, 1.000000000000000000 ) ) ;
#795 = ORIENTED_EDGE ( 'NONE', *, *, #3864, .F. ) ;
#796 = CARTESIAN_POINT ( 'NONE',  ( -1.000000000000000444, -0.1499999999999999944, -0.6249999999999997780 ) ) ;
#797 = ORIENTED_EDGE ( 'NONE', *, *, #1174, .T. ) ;
#798 = DIRECTION ( 'NONE',  ( 0.0000000000000000000, -1.000000000000000000, 0.0000000000000000000 ) ) ;
#799 = AXIS2_PLACEMENT_3D ( 'NONE', #3186, #149, #2291 ) ;
#800 = DIRECTION ( 'NONE',  ( 0.0000000000000000000, -0.0000000000000000000, -1.000000000000000000 ) ) ;
#801 = EDGE_CURVE ( 'NONE', #3418, #2644, #769, .T. ) ;
#802 = FILL_AREA_STYLE_COLOUR ( '', #626 ) ;
#803 = VERTEX_POINT ( 'NONE', #880 ) ;
#804 = VERTEX_POINT ( 'NONE', #1852 ) ;
#805 = DIRECTION ( 'NONE',  ( 0.9986295347545737222, -0.05233595624294404280, 0.0000000000000000000 ) ) ;
#806 = ADVANCED_FACE ( 'NONE', ( #3956 ), #3701, .F. ) ;
#807 = ORIENTED_EDGE ( 'NONE', *, *, #2214, .T. ) ;
#808 = ORIENTED_EDGE ( 'NONE', *, *, #1809, .T. ) ;
#809 = CARTESIAN_POINT ( 'NONE',  ( 0.1215544456622767028, -0.5777974510803784991, 0.1576794919243112436 ) ) ;
#810 = SURFACE_STYLE_FILL_AREA ( #3436 ) ;
#811 =( NAMED_UNIT ( * ) SI_UNIT ( $, .STERADIAN. ) SOLID_ANGLE_UNIT ( ) );
#812 = LINE ( 'NONE', #2769, #29 ) ;
#813 = PRESENTATION_LAYER_ASSIGNMENT (  '', '', ( #640 ) ) ;
#814 = SURFACE_SIDE_STYLE ('',( #1964 ) ) ;
#815 = SURFACE_STYLE_FILL_AREA ( #3903 ) ;
#816 = CARTESIAN_POINT ( 'NONE',  ( -0.6571428571428571397, 0.1499999999999999944, 0.2060315014550850032 ) ) ;
#817 = DIRECTION ( 'NONE',  ( -0.0000000000000000000, -1.000000000000000000, -0.0000000000000000000 ) ) ;
#818 = PRESENTATION_LAYER_ASSIGNMENT (  '', '', ( #420 ) ) ;
#819 = CARTESIAN_POINT ( 'NONE',  ( 0.6410783056181883488, 0.5500000000000000444, 0.0000000000000000000 ) ) ;
#820 = DIRECTION ( 'NONE',  ( 1.000000000000000000, -0.0000000000000000000, -0.0000000000000000000 ) ) ;
#821 = CARTESIAN_POINT ( 'NONE',  ( -1.000000000000000444, -0.9326237921249266316, -0.3499999999999998113 ) ) ;
#822 = FILL_AREA_STYLE ('',( #3287 ) ) ;
#823 = EDGE_LOOP ( 'NONE', ( #2046, #2116, #3459, #3808, #1834, #284, #2538, #582 ) ) ;
#824 =( LENGTH_UNIT ( ) NAMED_UNIT ( * ) SI_UNIT ( .MILLI., .METRE. ) );
#825 =( NAMED_UNIT ( * ) SI_UNIT ( $, .STERADIAN. ) SOLID_ANGLE_UNIT ( ) );
#826 =( NAMED_UNIT ( * ) SI_UNIT ( $, .STERADIAN. ) SOLID_ANGLE_UNIT ( ) );
#827 = DIRECTION ( 'NONE',  ( -1.000000000000000000, 0.0000000000000000000, -1.897353801849628421E-15 ) ) ;
#828 =( BOUNDED_CURVE ( )  B_SPLINE_CURVE ( 3, ( #2007, #1415, #3229, #176 ),
 .UNSPECIFIED., .F., .T. ) 
 B_SPLINE_CURVE_WITH_KNOTS ( ( 4, 4 ),
 ( 5.499156671652531969, 7.067213942706640495 ),
 .UNSPECIFIED. ) 
 CURVE ( )  GEOMETRIC_REPRESENTATION_ITEM ( )  RATIONAL_B_SPLINE_CURVE ( ( 1.000000000000000000, 0.8053830134673589658, 0.8053830134673589658, 1.000000000000000000 ) ) 
 REPRESENTATION_ITEM ( '' )  );
#829 = CARTESIAN_POINT ( 'NONE',  ( 0.1515544456622766878, -0.5777974510803784991, -0.1403589838486224706 ) ) ;
#830 = SURFACE_SIDE_STYLE ('',( #2484 ) ) ;
#831 = FACE_OUTER_BOUND ( 'NONE', #896, .T. ) ;
#832 = EDGE_CURVE ( 'NONE', #2987, #3361, #1508, .T. ) ;
#833 = CARTESIAN_POINT ( 'NONE',  ( 0.9999999999999995559, 0.7330951894845298966, 0.0000000000000000000 ) ) ;
#834 = ORIENTED_EDGE ( 'NONE', *, *, #1634, .F. ) ;
#835 = ORIENTED_EDGE ( 'NONE', *, *, #1116, .F. ) ;
#836 = CARTESIAN_POINT ( 'NONE',  ( 0.1515544456622766878, -0.5777974510803784991, 0.1403589838486224706 ) ) ;
#837 = ORIENTED_EDGE ( 'NONE', *, *, #1412, .F. ) ;
#838 = EDGE_LOOP ( 'NONE', ( #139, #295, #3809, #1500, #3761 ) ) ;
#839 = ORIENTED_EDGE ( 'NONE', *, *, #2824, .F. ) ;
#840 = DIRECTION ( 'NONE',  ( 0.8660254037844384856, 0.0000000000000000000, 0.5000000000000002220 ) ) ;
#841 = MECHANICAL_DESIGN_GEOMETRIC_PRESENTATION_REPRESENTATION (  '', ( #3823 ), #1056 ) ;
#842 = DIRECTION ( 'NONE',  ( -1.000000000000000000, 0.0000000000000000000, 7.115076756936119693E-15 ) ) ;
#843 = EDGE_CURVE ( 'NONE', #3505, #2820, #1209, .T. ) ;
#844 = DIRECTION ( 'NONE',  ( -0.0000000000000000000, 1.000000000000000000, -0.0000000000000000000 ) ) ;
#845 = PRESENTATION_STYLE_ASSIGNMENT (( #202 ) ) ;
#846 = ORIENTED_EDGE ( 'NONE', *, *, #975, .T. ) ;
#847 = VERTEX_POINT ( 'NONE', #2810 ) ;
#848 =( NAMED_UNIT ( * ) PLANE_ANGLE_UNIT ( ) SI_UNIT ( $, .RADIAN. ) );
#849 =( NAMED_UNIT ( * ) PLANE_ANGLE_UNIT ( ) SI_UNIT ( $, .RADIAN. ) );
#850 = ORIENTED_EDGE ( 'NONE', *, *, #2086, .F. ) ;
#851 = DIRECTION ( 'NONE',  ( 1.000000000000000000, 0.0000000000000000000, 1.897353801849628421E-15 ) ) ;
#852 = EDGE_CURVE ( 'NONE', #194, #668, #1924, .T. ) ;
#853 = CARTESIAN_POINT ( 'NONE',  ( -1.000000000000000222, 0.1499999999999999944, 2.168404344971008868E-16 ) ) ;
#854 = CIRCLE ( 'NONE', #2950, 0.03999999999999998002 ) ;
#855 = FACE_OUTER_BOUND ( 'NONE', #1351, .T. ) ;
#856 = DIRECTION ( 'NONE',  ( 0.0000000000000000000, 0.0000000000000000000, -1.000000000000000000 ) ) ;
#857 = SURFACE_STYLE_FILL_AREA ( #2062 ) ;
#858 = LINE ( 'NONE', #2128, #771 ) ;
#859 = COLOUR_RGB ( '',1.000000000000000000, 1.000000000000000000, 1.000000000000000000 ) ;
#860 = CARTESIAN_POINT ( 'NONE',  ( 1.299999999999999378, 0.09999999999999999167, -0.2500000000000000000 ) ) ;
#861 = COLOUR_RGB ( '',1.000000000000000000, 1.000000000000000000, 1.000000000000000000 ) ;
#862 = STYLED_ITEM ( 'NONE', ( #2065 ), #1016 ) ;
#863 = DIRECTION ( 'NONE',  ( -1.000000000000000000, 0.0000000000000000000, 0.0000000000000000000 ) ) ;
#864 = PRESENTATION_LAYER_ASSIGNMENT (  '', '', ( #460 ) ) ;
#865 =( NAMED_UNIT ( * ) PLANE_ANGLE_UNIT ( ) SI_UNIT ( $, .RADIAN. ) );
#866 = CARTESIAN_POINT ( 'NONE',  ( 0.1215544456622767028, -0.1499999999999999667, 0.1576794919243112436 ) ) ;
#867 = CYLINDRICAL_SURFACE ( 'NONE', #2199, 0.3500000000000000333 ) ;
#868 = DIRECTION ( 'NONE',  ( 0.0000000000000000000, -0.0000000000000000000, 1.000000000000000000 ) ) ;
#869 = CARTESIAN_POINT ( 'NONE',  ( 0.1215544456622766889, -0.09999999999999999167, 0.1576794919243112436 ) ) ;
#870 = EDGE_CURVE ( 'NONE', #3141, #3760, #1051, .T. ) ;
#871 = ORIENTED_EDGE ( 'NONE', *, *, #3516, .F. ) ;
#872 = DIRECTION ( 'NONE',  ( -0.0000000000000000000, -1.000000000000000000, -0.0000000000000000000 ) ) ;
#873 = CARTESIAN_POINT ( 'NONE',  ( 0.1315544456622766978, -0.5777974510803784991, -0.1403589838486224706 ) ) ;
#874 =( GEOMETRIC_REPRESENTATION_CONTEXT ( 3 ) GLOBAL_UNCERTAINTY_ASSIGNED_CONTEXT ( ( #74 ) ) GLOBAL_UNIT_ASSIGNED_CONTEXT ( ( #1570, #3730, #1873 ) ) REPRESENTATION_CONTEXT ( 'NONE', 'WORKASPACE' ) );
#875 = CARTESIAN_POINT ( 'NONE',  ( 0.9999999999999995559, 0.1499999999999999944, -0.6250000000000000000 ) ) ;
#876 = CYLINDRICAL_SURFACE ( 'NONE', #1536, 0.03999999999999998002 ) ;
#877 = DIRECTION ( 'NONE',  ( 0.0000000000000000000, -0.0000000000000000000, 1.000000000000000000 ) ) ;
#878 = EDGE_LOOP ( 'NONE', ( #99, #1435, #620, #2893, #1092, #1263 ) ) ;
#879 = DIRECTION ( 'NONE',  ( -1.000000000000000000, 0.0000000000000000000, 2.587789240124152535E-16 ) ) ;
#880 = CARTESIAN_POINT ( 'NONE',  ( -0.6410783056181883488, 0.5500000000000000444, 0.5660783056181885042 ) ) ;
#881 = SURFACE_STYLE_USAGE ( .BOTH. , #2748 ) ;
#882 = CIRCLE ( 'NONE', #3579, 0.03999999999999999389 ) ;
#883 = PLANE ( 'NONE',  #766 ) ;
#884 = EDGE_CURVE ( 'NONE', #1342, #2105, #2765, .T. ) ;
#885 = CARTESIAN_POINT ( 'NONE',  ( -1.400000000000000577, -0.09999999999999999167, -0.4999999999999997780 ) ) ;
#886 = SURFACE_STYLE_FILL_AREA ( #1118 ) ;
#887 = VECTOR ( 'NONE', #1330, 1000.000000000000000 ) ;
#888 = EDGE_CURVE ( 'NONE', #25, #1086, #307, .T. ) ;
#889 =( BOUNDED_CURVE ( )  B_SPLINE_CURVE ( 3, ( #9, #312, #3088, #1230 ),
 .UNSPECIFIED., .F., .T. ) 
 B_SPLINE_CURVE_WITH_KNOTS ( ( 4, 4 ),
 ( 5.499156671652534634, 7.067213942706651153 ),
 .UNSPECIFIED. ) 
 CURVE ( )  GEOMETRIC_REPRESENTATION_ITEM ( )  RATIONAL_B_SPLINE_CURVE ( ( 1.000000000000000000, 0.8053830134673571894, 0.8053830134673571894, 1.000000000000000000 ) ) 
 REPRESENTATION_ITEM ( '' )  );
#890 = CARTESIAN_POINT ( 'NONE',  ( 0.9999999999999995559, -0.09999999999999999167, 0.2000000000000002331 ) ) ;
#891 = ORIENTED_EDGE ( 'NONE', *, *, #447, .F. ) ;
#892 = DIRECTION ( 'NONE',  ( 1.858632295689436004E-15, 0.0000000000000000000, -1.000000000000000000 ) ) ;
#893 = VERTEX_POINT ( 'NONE', #2826 ) ;
#894 =( GEOMETRIC_REPRESENTATION_CONTEXT ( 3 ) GLOBAL_UNCERTAINTY_ASSIGNED_CONTEXT ( ( #638 ) ) GLOBAL_UNIT_ASSIGNED_CONTEXT ( ( #977, #3142, #1292 ) ) REPRESENTATION_CONTEXT ( 'NONE', 'WORKASPACE' ) );
#895 = DIRECTION ( 'NONE',  ( 0.0000000000000000000, -1.000000000000000000, 0.0000000000000000000 ) ) ;
#896 = EDGE_LOOP ( 'NONE', ( #3211, #2454, #2742, #2802 ) ) ;
#897 = PRESENTATION_LAYER_ASSIGNMENT (  '', '', ( #712 ) ) ;
#898 = EDGE_LOOP ( 'NONE', ( #2251, #102, #381, #1046, #2498, #2178, #2393, #3198 ) ) ;
#899 = CARTESIAN_POINT ( 'NONE',  ( 0.9999999999999995559, 0.1499999999999999667, -0.2000000000000002331 ) ) ;
#900 = FILL_AREA_STYLE_COLOUR ( '', #250 ) ;
#901 = EDGE_CURVE ( 'NONE', #524, #1260, #3374, .T. ) ;
#902 = CARTESIAN_POINT ( 'NONE',  ( 0.9999999999999995559, 0.09999999999999999167, 0.2500000000000000000 ) ) ;
#903 = EDGE_LOOP ( 'NONE', ( #2056, #1191, #1631, #2998, #3310, #3721, #302, #2252 ) ) ;
#904 = CARTESIAN_POINT ( 'NONE',  ( 0.6999999999999999556, 0.1499999999999999944, 0.5850548186098167847 ) ) ;
#905 = VERTEX_POINT ( 'NONE', #1279 ) ;
#906 = CARTESIAN_POINT ( 'NONE',  ( 0.9999999999999995559, -0.1000000000000000194, -0.6250000000000000000 ) ) ;
#907 = DIRECTION ( 'NONE',  ( 0.0000000000000000000, 1.000000000000000000, 0.0000000000000000000 ) ) ;
#908 = CYLINDRICAL_SURFACE ( 'NONE', #2551, 0.01999999999999999695 ) ;
#909 = ORIENTED_EDGE ( 'NONE', *, *, #716, .T. ) ;
#910 = ORIENTED_EDGE ( 'NONE', *, *, #3069, .T. ) ;
#911 = AXIS2_PLACEMENT_3D ( 'NONE', #2476, #657, #947 ) ;
#912 = CARTESIAN_POINT ( 'NONE',  ( 0.1215544456622766889, -0.09999999999999999167, 0.1576794919243112436 ) ) ;
#913 = AXIS2_PLACEMENT_3D ( 'NONE', #1845, #1232, #3382 ) ;
#914 = UNCERTAINTY_MEASURE_WITH_UNIT (LENGTH_MEASURE( 1.000000000000000082E-05 ), #1069, 'distance_accuracy_value', 'NONE');
#915 = VECTOR ( 'NONE', #2113, 1000.000000000000000 ) ;
#916 = DIRECTION ( 'NONE',  ( 2.587789240124152535E-16, 0.0000000000000000000, -1.000000000000000000 ) ) ;
#917 = ORIENTED_EDGE ( 'NONE', *, *, #378, .T. ) ;
#918 = EDGE_CURVE ( 'NONE', #341, #1708, #1841, .T. ) ;
#919 = VERTEX_POINT ( 'NONE', #56 ) ;
#920 =( NAMED_UNIT ( * ) SI_UNIT ( $, .STERADIAN. ) SOLID_ANGLE_UNIT ( ) );
#921 = CIRCLE ( 'NONE', #64, 0.3500000000000000333 ) ;
#922 = CARTESIAN_POINT ( 'NONE',  ( 0.6999999999999999556, 0.5120934382497178694, 0.6060234870083714975 ) ) ;
#923 = COLOUR_RGB ( '',1.000000000000000000, 1.000000000000000000, 1.000000000000000000 ) ;
#924 = DIRECTION ( 'NONE',  ( 0.0000000000000000000, 1.000000000000000000, 0.0000000000000000000 ) ) ;
#925 = FACE_OUTER_BOUND ( 'NONE', #2261, .T. ) ;
#926 = CARTESIAN_POINT ( 'NONE',  ( 0.9999999999999995559, -1.227032961426900881, -0.4999999999999997780 ) ) ;
#927 = PLANE ( 'NONE',  #2420 ) ;
#928 = VECTOR ( 'NONE', #216, 1000.000000000000000 ) ;
#929 = FILL_AREA_STYLE ('',( #633 ) ) ;
#930 = COLOUR_RGB ( '',1.000000000000000000, 1.000000000000000000, 1.000000000000000000 ) ;
#931 = DIRECTION ( 'NONE',  ( -0.05226442768871395611, 0.9972646886342372285, -0.05226442768871394917 ) ) ;
#932 = FILL_AREA_STYLE ('',( #1549 ) ) ;
#933 = DIRECTION ( 'NONE',  ( 0.0000000000000000000, 1.000000000000000000, 0.0000000000000000000 ) ) ;
#934 = DIRECTION ( 'NONE',  ( 0.0000000000000000000, -0.0000000000000000000, 1.000000000000000000 ) ) ;
#935 = AXIS2_PLACEMENT_3D ( 'NONE', #562, #2711, #840 ) ;
#936 =( NAMED_UNIT ( * ) SI_UNIT ( $, .STERADIAN. ) SOLID_ANGLE_UNIT ( ) );
#937 =( LENGTH_UNIT ( ) NAMED_UNIT ( * ) SI_UNIT ( .MILLI., .METRE. ) );
#938 = FILL_AREA_STYLE ('',( #3703 ) ) ;
#939 = SURFACE_STYLE_FILL_AREA ( #1638 ) ;
#940 = SURFACE_STYLE_FILL_AREA ( #938 ) ;
#941 = CARTESIAN_POINT ( 'NONE',  ( -1.000000000000000444, -1.227032961426901325, -0.4999999999999997780 ) ) ;
#942 = ORIENTED_EDGE ( 'NONE', *, *, #2804, .T. ) ;
#943 = DIRECTION ( 'NONE',  ( 0.0000000000000000000, 0.0000000000000000000, -1.000000000000000000 ) ) ;
#944 = EDGE_CURVE ( 'NONE', #3197, #461, #110, .T. ) ;
#945 = FACE_OUTER_BOUND ( 'NONE', #903, .T. ) ;
#946 = FACE_OUTER_BOUND ( 'NONE', #823, .T. ) ;
#947 = DIRECTION ( 'NONE',  ( 0.0000000000000000000, 0.0000000000000000000, -1.000000000000000000 ) ) ;
#948 = FILL_AREA_STYLE ('',( #28 ) ) ;
#949 = CIRCLE ( 'NONE', #719, 0.02000000000000001429 ) ;
#950 = ORIENTED_EDGE ( 'NONE', *, *, #3446, .F. ) ;
#951 = VERTEX_POINT ( 'NONE', #973 ) ;
#952 = DIRECTION ( 'NONE',  ( -1.000000000000000000, 0.0000000000000000000, -0.0000000000000000000 ) ) ;
#953 = AXIS2_PLACEMENT_3D ( 'NONE', #299, #2437, #616 ) ;
#954 = STYLED_ITEM ( 'NONE', ( #2827 ), #713 ) ;
#955 = CARTESIAN_POINT ( 'NONE',  ( -0.1215544456622767305, -0.1499999999999999944, -0.01732050807568879386 ) ) ;
#956 = EDGE_LOOP ( 'NONE', ( #1912, #417, #3698, #1041, #3847 ) ) ;
#957 = VERTEX_POINT ( 'NONE', #2834 ) ;
#958 = VERTEX_POINT ( 'NONE', #3139 ) ;
#959 = DIRECTION ( 'NONE',  ( 0.0000000000000000000, 0.0000000000000000000, -1.000000000000000000 ) ) ;
#960 = FACE_OUTER_BOUND ( 'NONE', #387, .T. ) ;
#961 = VERTEX_POINT ( 'NONE', #364 ) ;
#962 = CLOSED_SHELL ( 'NONE', ( #2534, #382, #2517, #787, #1642, #1001, #3263, #1411, #3475 ) ) ;
#963 = DIRECTION ( 'NONE',  ( 0.0000000000000000000, -0.0000000000000000000, 1.000000000000000000 ) ) ;
#964 = ORIENTED_EDGE ( 'NONE', *, *, #162, .F. ) ;
#965 = CIRCLE ( 'NONE', #2308, 0.4000000000000000777 ) ;
#966 = MANIFOLD_SOLID_BREP ( 'Boss-Extrude7', #3130 ) ;
#967 = PRESENTATION_STYLE_ASSIGNMENT (( #567 ) ) ;
#968 = FILL_AREA_STYLE ('',( #3739 ) ) ;
#969 = PRESENTATION_STYLE_ASSIGNMENT (( #2366 ) ) ;
#970 = LINE ( 'NONE', #3346, #1678 ) ;
#971 = FACE_OUTER_BOUND ( 'NONE', #1875, .T. ) ;
#972 = FILL_AREA_STYLE ('',( #363 ) ) ;
#973 = CARTESIAN_POINT ( 'NONE',  ( 0.9999999999999995559, -0.09999999999999999167, -0.4999999999999997780 ) ) ;
#974 = SURFACE_STYLE_FILL_AREA ( #2365 ) ;
#975 = EDGE_CURVE ( 'NONE', #2820, #194, #921, .T. ) ;
#976 = PRESENTATION_STYLE_ASSIGNMENT (( #2342 ) ) ;
#977 =( LENGTH_UNIT ( ) NAMED_UNIT ( * ) SI_UNIT ( .MILLI., .METRE. ) );
#978 = LINE ( 'NONE', #16, #2518 ) ;
#979 = STYLED_ITEM ( 'NONE', ( #1233 ), #1661 ) ;
#980 =( GEOMETRIC_REPRESENTATION_CONTEXT ( 3 ) GLOBAL_UNCERTAINTY_ASSIGNED_CONTEXT ( ( #2832 ) ) GLOBAL_UNIT_ASSIGNED_CONTEXT ( ( #2359, #3916, #2049 ) ) REPRESENTATION_CONTEXT ( 'NONE', 'WORKASPACE' ) );
#981 = CLOSED_SHELL ( 'NONE', ( #154, #2283, #1048, #1650, #740, #1016, #3810, #2674, #775, #3759, #3514, #2913, #3179, #474, #3189, #1427, #2013, #3867, #729, #523, #1373, #1312, #3223, #3573, #697, #2301, #2875, #82, #3791, #2337, #1955, #3440, #1068, #1355, #1674, #2317, #412, #1449, #166, #2034, #1609, #1985, #2555, #3492, #2607, #1623, #2968, #2360, #3461, #2654, #983, #3163, #503, #2887, #3906, #1970, #2237, #1087, #1938, #1736, #3824 ) ) ;
#982 = AXIS2_PLACEMENT_3D ( 'NONE', #3620, #2706, #1687 ) ;
#983 = ADVANCED_FACE ( 'NONE', ( #2458 ), #546, .F. ) ;
#984 = EDGE_CURVE ( 'NONE', #957, #1984, #1365, .T. ) ;
#985 = CARTESIAN_POINT ( 'NONE',  ( -0.5999999999999999778, -1.227032961426901325, -0.4999999999999997780 ) ) ;
#986 = DIRECTION ( 'NONE',  ( 0.0000000000000000000, 0.0000000000000000000, 1.000000000000000000 ) ) ;
#987 = ORIENTED_EDGE ( 'NONE', *, *, #3690, .T. ) ;
#988 = SURFACE_STYLE_FILL_AREA ( #2148 ) ;
#989 =( GEOMETRIC_REPRESENTATION_CONTEXT ( 3 ) GLOBAL_UNCERTAINTY_ASSIGNED_CONTEXT ( ( #2020 ) ) GLOBAL_UNIT_ASSIGNED_CONTEXT ( ( #2349, #525, #2669 ) ) REPRESENTATION_CONTEXT ( 'NONE', 'WORKASPACE' ) );
#990 = EDGE_CURVE ( 'NONE', #3342, #3758, #1723, .T. ) ;
#991 = LINE ( 'NONE', #1988, #2531 ) ;
#992 = FACE_OUTER_BOUND ( 'NONE', #3493, .T. ) ;
#993 = DIRECTION ( 'NONE',  ( 0.0000000000000000000, 0.0000000000000000000, -1.000000000000000000 ) ) ;
#994 = EDGE_LOOP ( 'NONE', ( #2889, #2631, #1815, #839 ) ) ;
#995 = ORIENTED_EDGE ( 'NONE', *, *, #3752, .F. ) ;
#996 = SURFACE_SIDE_STYLE ('',( #2097 ) ) ;
#997 = ORIENTED_EDGE ( 'NONE', *, *, #3909, .T. ) ;
#998 = EDGE_LOOP ( 'NONE', ( #1630, #1839, #3756, #3408 ) ) ;
#999 = FILL_AREA_STYLE ('',( #389 ) ) ;
#1000 = EDGE_LOOP ( 'NONE', ( #950, #584, #328, #1393 ) ) ;
#1001 = ADVANCED_FACE ( 'NONE', ( #197 ), #434, .T. ) ;
#1002 = ORIENTED_EDGE ( 'NONE', *, *, #781, .F. ) ;
#1003 = ORIENTED_EDGE ( 'NONE', *, *, #2214, .F. ) ;
#1004 = COLOUR_RGB ( '',0.7529411764705882248, 0.7529411764705882248, 0.0000000000000000000 ) ;
#1005 = VERTEX_POINT ( 'NONE', #2238 ) ;
#1006 = EDGE_LOOP ( 'NONE', ( #375, #1194, #2799, #1805, #2698, #1398 ) ) ;
#1007 = AXIS2_PLACEMENT_3D ( 'NONE', #829, #3929, #2082 ) ;
#1008 = FILL_AREA_STYLE ('',( #394 ) ) ;
#1009 = DIRECTION ( 'NONE',  ( -0.0000000000000000000, -1.000000000000000000, -0.0000000000000000000 ) ) ;
#1010 = CIRCLE ( 'NONE', #2991, 0.2000000000000002331 ) ;
#1011 = ORIENTED_EDGE ( 'NONE', *, *, #3306, .F. ) ;
#1012 = VECTOR ( 'NONE', #2491, 1000.000000000000000 ) ;
#1013 = PRODUCT_DEFINITION ( 'UNKNOWN', '', #1226, #3438 ) ;
#1014 = FACE_OUTER_BOUND ( 'NONE', #1307, .T. ) ;
#1015 = EDGE_CURVE ( 'NONE', #3417, #174, #2181, .T. ) ;
#1016 = ADVANCED_FACE ( 'NONE', ( #2905 ), #2871, .F. ) ;
#1017 = CARTESIAN_POINT ( 'NONE',  ( -0.6810234870083712311, 0.5120934382497178694, 0.5660783056181883932 ) ) ;
#1018 = CARTESIAN_POINT ( 'NONE',  ( 0.9999999999999995559, -0.1499999999999999944, -0.6250000000000000000 ) ) ;
#1019 = PRESENTATION_LAYER_ASSIGNMENT (  '', '', ( #1242 ) ) ;
#1020 = MECHANICAL_DESIGN_GEOMETRIC_PRESENTATION_REPRESENTATION (  '', ( #640 ), #1243 ) ;
#1021 = STYLED_ITEM ( 'NONE', ( #3865 ), #474 ) ;
#1022 = LINE ( 'NONE', #708, #215 ) ;
#1023 = VERTEX_POINT ( 'NONE', #3520 ) ;
#1024 = DIRECTION ( 'NONE',  ( 0.0000000000000000000, -0.0000000000000000000, -1.000000000000000000 ) ) ;
#1025 = LINE ( 'NONE', #955, #3393 ) ;
#1026 = UNCERTAINTY_MEASURE_WITH_UNIT (LENGTH_MEASURE( 1.000000000000000082E-05 ), #824, 'distance_accuracy_value', 'NONE');
#1027 = DIRECTION ( 'NONE',  ( 0.0000000000000000000, 0.0000000000000000000, -1.000000000000000000 ) ) ;
#1028 = COLOUR_RGB ( '',1.000000000000000000, 1.000000000000000000, 1.000000000000000000 ) ;
#1029 = LINE ( 'NONE', #3607, #224 ) ;
#1030 = ADVANCED_FACE ( 'NONE', ( #1673 ), #2878, .F. ) ;
#1031 = ORIENTED_EDGE ( 'NONE', *, *, #2086, .T. ) ;
#1032 = MECHANICAL_DESIGN_GEOMETRIC_PRESENTATION_REPRESENTATION (  '', ( #420 ), #1257 ) ;
#1033 = LINE ( 'NONE', #1863, #2575 ) ;
#1034 = ORIENTED_EDGE ( 'NONE', *, *, #92, .T. ) ;
#1035 = DIRECTION ( 'NONE',  ( 0.0000000000000000000, -0.0000000000000000000, 1.000000000000000000 ) ) ;
#1036 = ORIENTED_EDGE ( 'NONE', *, *, #1183, .F. ) ;
#1037 = ORIENTED_EDGE ( 'NONE', *, *, #2578, .T. ) ;
#1038 =( LENGTH_UNIT ( ) NAMED_UNIT ( * ) SI_UNIT ( .MILLI., .METRE. ) );
#1039 = VERTEX_POINT ( 'NONE', #3477 ) ;
#1040 = EDGE_LOOP ( 'NONE', ( #703, #473, #3484, #2579 ) ) ;
#1041 = ORIENTED_EDGE ( 'NONE', *, *, #247, .F. ) ;
#1042 = FACE_OUTER_BOUND ( 'NONE', #2744, .T. ) ;
#1043 = ORIENTED_EDGE ( 'NONE', *, *, #667, .F. ) ;
#1044 = ORIENTED_EDGE ( 'NONE', *, *, #801, .F. ) ;
#1045 = AXIS2_PLACEMENT_3D ( 'NONE', #1996, #167, #2312 ) ;
#1046 = ORIENTED_EDGE ( 'NONE', *, *, #3136, .T. ) ;
#1047 = EDGE_CURVE ( 'NONE', #2896, #2904, #965, .T. ) ;
#1048 = ADVANCED_FACE ( 'NONE', ( #145 ), #3797, .F. ) ;
#1049 =( LENGTH_UNIT ( ) NAMED_UNIT ( * ) SI_UNIT ( .MILLI., .METRE. ) );
#1050 = FILL_AREA_STYLE ('',( #2909 ) ) ;
#1051 = LINE ( 'NONE', #1572, #392 ) ;
#1052 = VECTOR ( 'NONE', #2014, 1000.000000000000000 ) ;
#1053 =( LENGTH_UNIT ( ) NAMED_UNIT ( * ) SI_UNIT ( .MILLI., .METRE. ) );
#1054 = VECTOR ( 'NONE', #544, 1000.000000000000000 ) ;
#1055 = DIRECTION ( 'NONE',  ( 0.0000000000000000000, 0.0000000000000000000, -1.000000000000000000 ) ) ;
#1056 =( GEOMETRIC_REPRESENTATION_CONTEXT ( 3 ) GLOBAL_UNCERTAINTY_ASSIGNED_CONTEXT ( ( #3011 ) ) GLOBAL_UNIT_ASSIGNED_CONTEXT ( ( #3431, #1589, #3749 ) ) REPRESENTATION_CONTEXT ( 'NONE', 'WORKASPACE' ) );
#1057 = EDGE_CURVE ( 'NONE', #2216, #1586, #854, .T. ) ;
#1058 = LINE ( 'NONE', #3580, #3429 ) ;
#1059 = SURFACE_STYLE_FILL_AREA ( #2030 ) ;
#1060 = EDGE_CURVE ( 'NONE', #2060, #1206, #2506, .T. ) ;
#1061 = VECTOR ( 'NONE', #1532, 1000.000000000000000 ) ;
#1062 = SURFACE_STYLE_USAGE ( .BOTH. , #2927 ) ;
#1063 = CARTESIAN_POINT ( 'NONE',  ( 0.9999999999999995559, 0.09999999999999999167, -0.2000000000000002331 ) ) ;
#1064 = DIRECTION ( 'NONE',  ( 0.0000000000000000000, 0.0000000000000000000, -1.000000000000000000 ) ) ;
#1065 = VECTOR ( 'NONE', #464, 1000.000000000000000 ) ;
#1066 = DIRECTION ( 'NONE',  ( -0.0000000000000000000, -1.000000000000000000, -0.0000000000000000000 ) ) ;
#1067 = DIRECTION ( 'NONE',  ( -1.000000000000000000, 0.0000000000000000000, 0.0000000000000000000 ) ) ;
#1068 = ADVANCED_FACE ( 'NONE', ( #1592 ), #427, .F. ) ;
#1069 =( LENGTH_UNIT ( ) NAMED_UNIT ( * ) SI_UNIT ( .MILLI., .METRE. ) );
#1070 = AXIS2_PLACEMENT_3D ( 'NONE', #3157, #1313, #1614 ) ;
#1071 = MECHANICAL_DESIGN_GEOMETRIC_PRESENTATION_REPRESENTATION (  '', ( #460 ), #1299 ) ;
#1072 = CARTESIAN_POINT ( 'NONE',  ( -1.000000000000000000, 0.1499999999999999944, 0.6250000000000002220 ) ) ;
#1073 = PRESENTATION_STYLE_ASSIGNMENT (( #3969 ) ) ;
#1074 = UNCERTAINTY_MEASURE_WITH_UNIT (LENGTH_MEASURE( 1.000000000000000082E-05 ), #2373, 'distance_accuracy_value', 'NONE');
#1075 = DIRECTION ( 'NONE',  ( 0.0000000000000000000, -0.0000000000000000000, -1.000000000000000000 ) ) ;
#1076 = EDGE_CURVE ( 'NONE', #3304, #1544, #765, .T. ) ;
#1077 = LINE ( 'NONE', #1082, #2622 ) ;
#1078 = PLANE ( 'NONE',  #2951 ) ;
#1079 = ORIENTED_EDGE ( 'NONE', *, *, #157, .T. ) ;
#1080 = ORIENTED_EDGE ( 'NONE', *, *, #2717, .F. ) ;
#1081 = EDGE_CURVE ( 'NONE', #1776, #1148, #2399, .T. ) ;
#1082 = CARTESIAN_POINT ( 'NONE',  ( -0.6571428571428572507, 0.09999999999999999167, -0.2060315014550845869 ) ) ;
#1083 = ORIENTED_EDGE ( 'NONE', *, *, #1229, .F. ) ;
#1084 = ORIENTED_EDGE ( 'NONE', *, *, #3023, .F. ) ;
#1085 = DIRECTION ( 'NONE',  ( 1.000000000000000000, 0.0000000000000000000, 0.0000000000000000000 ) ) ;
#1086 = VERTEX_POINT ( 'NONE', #2277 ) ;
#1087 = ADVANCED_FACE ( 'NONE', ( #61 ), #439, .T. ) ;
#1088 = CARTESIAN_POINT ( 'NONE',  ( 0.6999999999999999556, 0.1499999999999999944, -0.6250000000000002220 ) ) ;
#1089 = CARTESIAN_POINT ( 'NONE',  ( 0.6999999999999999556, 0.1499999999999999667, -0.2500000000000000000 ) ) ;
#1090 = EDGE_CURVE ( 'NONE', #193, #2693, #2910, .T. ) ;
#1091 = LINE ( 'NONE', #1801, #185 ) ;
#1092 = ORIENTED_EDGE ( 'NONE', *, *, #2324, .F. ) ;
#1093 = ORIENTED_EDGE ( 'NONE', *, *, #3951, .F. ) ;
#1094 =( NAMED_UNIT ( * ) PLANE_ANGLE_UNIT ( ) SI_UNIT ( $, .RADIAN. ) );
#1095 = EDGE_CURVE ( 'NONE', #3720, #2107, #2300, .T. ) ;
#1096 = DIRECTION ( 'NONE',  ( -0.0000000000000000000, 1.000000000000000000, -0.0000000000000000000 ) ) ;
#1097 = VERTEX_POINT ( 'NONE', #146 ) ;
#1098 = VERTEX_POINT ( 'NONE', #1063 ) ;
#1099 = AXIS2_PLACEMENT_3D ( 'NONE', #3772, #1911, #81 ) ;
#1100 = AXIS2_PLACEMENT_3D ( 'NONE', #3862, #170, #2314 ) ;
#1101 = CARTESIAN_POINT ( 'NONE',  ( 0.1515544456622766878, -0.09999999999999999167, 0.1403589838486224706 ) ) ;
#1102 = DIRECTION ( 'NONE',  ( -0.0000000000000000000, -0.0000000000000000000, -1.000000000000000000 ) ) ;
#1103 = MECHANICAL_DESIGN_GEOMETRIC_PRESENTATION_REPRESENTATION (  '', ( #712 ), #1326 ) ;
#1104 = VECTOR ( 'NONE', #3405, 1000.000000000000000 ) ;
#1105 = EDGE_CURVE ( 'NONE', #1185, #1777, #1962, .T. ) ;
#1106 = FILL_AREA_STYLE_COLOUR ( '', #1519 ) ;
#1107 = VECTOR ( 'NONE', #1524, 1000.000000000000000 ) ;
#1108 = ORIENTED_EDGE ( 'NONE', *, *, #1174, .F. ) ;
#1109 = DIRECTION ( 'NONE',  ( 0.8660254037844384856, 0.0000000000000000000, -0.5000000000000002220 ) ) ;
#1110 = FACE_OUTER_BOUND ( 'NONE', #1246, .T. ) ;
#1111 = AXIS2_PLACEMENT_3D ( 'NONE', #2507, #680, #2833 ) ;
#1112 = CARTESIAN_POINT ( 'NONE',  ( 0.9999999999999995559, 0.1499999999999999944, -0.2500000000000000000 ) ) ;
#1113 = CARTESIAN_POINT ( 'NONE',  ( -1.000000000000000000, 0.1499999999999999944, 0.6250000000000002220 ) ) ;
#1114 = PRESENTATION_LAYER_ASSIGNMENT (  '', '', ( #720 ) ) ;
#1115 = ADVANCED_FACE ( 'NONE', ( #2822 ), #3846, .F. ) ;
#1116 = EDGE_CURVE ( 'NONE', #2939, #2679, #1162, .T. ) ;
#1117 = PLANE ( 'NONE',  #1611 ) ;
#1118 = FILL_AREA_STYLE ('',( #514 ) ) ;
#1119 = CARTESIAN_POINT ( 'NONE',  ( 0.1315544456622766978, -0.1499999999999999944, -0.1603589838486224606 ) ) ;
#1120 = VECTOR ( 'NONE', #3805, 1000.000000000000000 ) ;
#1121 = PLANE ( 'NONE',  #1325 ) ;
#1122 = CARTESIAN_POINT ( 'NONE',  ( -0.5999999999999999778, 0.1499999999999999944, -0.2060315014550845869 ) ) ;
#1123 = DIRECTION ( 'NONE',  ( -2.891205793294677833E-15, 0.0000000000000000000, 1.000000000000000000 ) ) ;
#1124 =( LENGTH_UNIT ( ) NAMED_UNIT ( * ) SI_UNIT ( .MILLI., .METRE. ) );
#1125 = CARTESIAN_POINT ( 'NONE',  ( -1.000000000000000222, 0.1499999999999999944, 0.4000000000000002998 ) ) ;
#1126 = LINE ( 'NONE', #2988, #1862 ) ;
#1127 = SURFACE_SIDE_STYLE ('',( #2157 ) ) ;
#1128 = PRESENTATION_LAYER_ASSIGNMENT (  '', '', ( #733 ) ) ;
#1129 = ORIENTED_EDGE ( 'NONE', *, *, #1658, .T. ) ;
#1130 = CARTESIAN_POINT ( 'NONE',  ( 0.9999999999999995559, -0.1499999999999999944, -0.4999999999999997780 ) ) ;
#1131 = ADVANCED_FACE ( 'NONE', ( #356 ), #1405, .F. ) ;
#1132 = LINE ( 'NONE', #2166, #1240 ) ;
#1133 = CARTESIAN_POINT ( 'NONE',  ( -1.000000000000000222, 0.09999999999999999167, 2.168404344971008868E-16 ) ) ;
#1134 = VERTEX_POINT ( 'NONE', #1690 ) ;
#1135 = ORIENTED_EDGE ( 'NONE', *, *, #2530, .F. ) ;
#1136 = FILL_AREA_STYLE_COLOUR ( '', #32 ) ;
#1137 = ORIENTED_EDGE ( 'NONE', *, *, #2076, .F. ) ;
#1138 = UNCERTAINTY_MEASURE_WITH_UNIT (LENGTH_MEASURE( 1.000000000000000082E-05 ), #3518, 'distance_accuracy_value', 'NONE');
#1139 = DIRECTION ( 'NONE',  ( -0.05226442768871395611, -0.9972646886342372285, 0.05226442768871394917 ) ) ;
#1140 = CLOSED_SHELL ( 'NONE', ( #1689, #3240, #3885, #435, #2948, #3779, #1333 ) ) ;
#1141 = DIRECTION ( 'NONE',  ( -0.0000000000000000000, -1.000000000000000000, -0.0000000000000000000 ) ) ;
#1142 = ORIENTED_EDGE ( 'NONE', *, *, #118, .F. ) ;
#1143 = CARTESIAN_POINT ( 'NONE',  ( -0.5999999999999998668, 0.09999999999999999167, 0.6250000000000002220 ) ) ;
#1144 = DIRECTION ( 'NONE',  ( -0.0000000000000000000, -1.000000000000000000, -0.0000000000000000000 ) ) ;
#1145 = CARTESIAN_POINT ( 'NONE',  ( -0.5999999999999999778, 0.09999999999999999167, 0.2060315014550845869 ) ) ;
#1146 = VERTEX_POINT ( 'NONE', #783 ) ;
#1147 = EDGE_CURVE ( 'NONE', #3137, #1146, #3621, .T. ) ;
#1148 = VERTEX_POINT ( 'NONE', #1419 ) ;
#1149 = VERTEX_POINT ( 'NONE', #3873 ) ;
#1150 =( NAMED_UNIT ( * ) SI_UNIT ( $, .STERADIAN. ) SOLID_ANGLE_UNIT ( ) );
#1151 = VECTOR ( 'NONE', #2066, 1000.000000000000000 ) ;
#1152 = ORIENTED_EDGE ( 'NONE', *, *, #3125, .F. ) ;
#1153 = CARTESIAN_POINT ( 'NONE',  ( 0.0000000000000000000, -0.1499999999999999944, 0.0000000000000000000 ) ) ;
#1154 = VERTEX_POINT ( 'NONE', #3234 ) ;
#1155 = DIRECTION ( 'NONE',  ( -1.000000000000000000, 0.0000000000000000000, 0.0000000000000000000 ) ) ;
#1156 = PLANE ( 'NONE',  #3061 ) ;
#1157 = DIRECTION ( 'NONE',  ( -0.0000000000000000000, -0.0000000000000000000, -1.000000000000000000 ) ) ;
#1158 =( LENGTH_UNIT ( ) NAMED_UNIT ( * ) SI_UNIT ( .MILLI., .METRE. ) );
#1159 = PRESENTATION_LAYER_ASSIGNMENT (  '', '', ( #743 ) ) ;
#1160 = AXIS2_PLACEMENT_3D ( 'NONE', #572, #2721, #856 ) ;
#1161 = AXIS2_PLACEMENT_3D ( 'NONE', #2966, #798, #800 ) ;
#1162 = CIRCLE ( 'NONE', #1045, 0.02000000000000002470 ) ;
#1163 = DIRECTION ( 'NONE',  ( 1.000000000000000000, 0.0000000000000000000, 0.0000000000000000000 ) ) ;
#1164 = FILL_AREA_STYLE_COLOUR ( '', #1028 ) ;
#1165 = VECTOR ( 'NONE', #208, 1000.000000000000000 ) ;
#1166 = LINE ( 'NONE', #785, #3627 ) ;
#1167 = DIRECTION ( 'NONE',  ( 3.469446951953614189E-16, 0.0000000000000000000, 1.000000000000000000 ) ) ;
#1168 = VECTOR ( 'NONE', #872, 1000.000000000000000 ) ;
#1169 = CARTESIAN_POINT ( 'NONE',  ( -0.5999999999999999778, 0.09999999999999999167, 0.2060315014550845869 ) ) ;
#1170 = STYLED_ITEM ( 'NONE', ( #1073 ), #3810 ) ;
#1171 = CARTESIAN_POINT ( 'NONE',  ( -0.9999999999999995559, -0.1499999999999999667, 0.0000000000000000000 ) ) ;
#1172 = SPHERICAL_SURFACE ( 'NONE', #1644, 0.04000000000000000083 ) ;
#1173 = DIRECTION ( 'NONE',  ( -0.9986295347545739443, 0.05233595624294389015, 0.0000000000000000000 ) ) ;
#1174 = EDGE_CURVE ( 'NONE', #1870, #91, #2708, .T. ) ;
#1175 = DIRECTION ( 'NONE',  ( -0.0000000000000000000, -1.000000000000000000, -0.0000000000000000000 ) ) ;
#1176 = DIRECTION ( 'NONE',  ( 1.000000000000000000, 0.0000000000000000000, -3.469446951953614189E-16 ) ) ;
#1177 = DIRECTION ( 'NONE',  ( -1.000000000000000000, 0.0000000000000000000, -2.587789240124152535E-16 ) ) ;
#1178 = AXIS2_PLACEMENT_3D ( 'NONE', #1831, #3358, #2442 ) ;
#1179 = DIRECTION ( 'NONE',  ( 0.0000000000000000000, 1.000000000000000000, 0.0000000000000000000 ) ) ;
#1180 = LINE ( 'NONE', #477, #3534 ) ;
#1181 = AXIS2_PLACEMENT_3D ( 'NONE', #2307, #3869, #2008 ) ;
#1182 = CARTESIAN_POINT ( 'NONE',  ( -0.5999999999999998668, 0.1499999999999999944, 0.6250000000000002220 ) ) ;
#1183 = EDGE_CURVE ( 'NONE', #2107, #2846, #3511, .T. ) ;
#1184 = CARTESIAN_POINT ( 'NONE',  ( 0.5999999999999999778, -0.1499999999999999667, 0.5000000000000002220 ) ) ;
#1185 = VERTEX_POINT ( 'NONE', #2969 ) ;
#1186 = VERTEX_POINT ( 'NONE', #3248 ) ;
#1187 = CARTESIAN_POINT ( 'NONE',  ( 0.6999999999999999556, 0.09999999999999999167, -0.2500000000000000000 ) ) ;
#1188 = ORIENTED_EDGE ( 'NONE', *, *, #3069, .F. ) ;
#1189 = DIRECTION ( 'NONE',  ( -0.0000000000000000000, 1.000000000000000000, -0.0000000000000000000 ) ) ;
#1190 = ORIENTED_EDGE ( 'NONE', *, *, #3712, .T. ) ;
#1191 = ORIENTED_EDGE ( 'NONE', *, *, #1517, .T. ) ;
#1192 = UNCERTAINTY_MEASURE_WITH_UNIT (LENGTH_MEASURE( 1.000000000000000082E-05 ), #624, 'distance_accuracy_value', 'NONE');
#1193 = AXIS2_PLACEMENT_3D ( 'NONE', #45, #2194, #352 ) ;
#1194 = ORIENTED_EDGE ( 'NONE', *, *, #2886, .T. ) ;
#1195 = ORIENTED_EDGE ( 'NONE', *, *, #545, .T. ) ;
#1196 = EDGE_CURVE ( 'NONE', #1148, #3760, #2595, .T. ) ;
#1197 = DIRECTION ( 'NONE',  ( -0.0000000000000000000, 1.000000000000000000, -0.0000000000000000000 ) ) ;
#1198 = VECTOR ( 'NONE', #3835, 1000.000000000000114 ) ;
#1199 = EDGE_LOOP ( 'NONE', ( #2299, #3049, #2395, #3467 ) ) ;
#1200 = PLANE ( 'NONE',  #3877 ) ;
#1201 = FILL_AREA_STYLE ('',( #604 ) ) ;
#1202 = ORIENTED_EDGE ( 'NONE', *, *, #1470, .F. ) ;
#1203 =( NAMED_UNIT ( * ) PLANE_ANGLE_UNIT ( ) SI_UNIT ( $, .RADIAN. ) );
#1204 = CARTESIAN_POINT ( 'NONE',  ( 0.1215544456622766889, -0.09999999999999999167, -0.1576794919243112436 ) ) ;
#1205 = EDGE_LOOP ( 'NONE', ( #727, #726, #3768, #3610 ) ) ;
#1206 = VERTEX_POINT ( 'NONE', #2026 ) ;
#1207 = FACE_OUTER_BOUND ( 'NONE', #17, .T. ) ;
#1208 = CARTESIAN_POINT ( 'NONE',  ( -0.9999999999999995559, -0.1499999999999999667, -0.2000000000000002331 ) ) ;
#1209 = LINE ( 'NONE', #2477, #3560 ) ;
#1210 = SURFACE_STYLE_FILL_AREA ( #968 ) ;
#1211 = COLOUR_RGB ( '',0.7921568627450980005, 0.8196078431372548767, 0.9333333333333333481 ) ;
#1212 = DIRECTION ( 'NONE',  ( -3.469446951953614189E-16, 0.0000000000000000000, -1.000000000000000000 ) ) ;
#1213 =( BOUNDED_CURVE ( )  B_SPLINE_CURVE ( 3, ( #272, #2417, #597, #2739 ),
 .UNSPECIFIED., .F., .T. ) 
 B_SPLINE_CURVE_WITH_KNOTS ( ( 4, 4 ),
 ( 5.499156671652523976, 7.067213942706640495 ),
 .UNSPECIFIED. ) 
 CURVE ( )  GEOMETRIC_REPRESENTATION_ITEM ( )  RATIONAL_B_SPLINE_CURVE ( ( 1.000000000000000000, 0.8053830134673571894, 0.8053830134673571894, 1.000000000000000000 ) ) 
 REPRESENTATION_ITEM ( '' )  );
#1214 = CARTESIAN_POINT ( 'NONE',  ( -1.000000000000000222, 0.1499999999999999944, 2.168404344971008868E-16 ) ) ;
#1215 = VECTOR ( 'NONE', #1175, 1000.000000000000000 ) ;
#1216 = PLANE ( 'NONE',  #76 ) ;
#1217 = LINE ( 'NONE', #2132, #2559 ) ;
#1218 = DIRECTION ( 'NONE',  ( -0.0000000000000000000, -1.000000000000000000, -0.0000000000000000000 ) ) ;
#1219 = CARTESIAN_POINT ( 'NONE',  ( -0.6571428571428571397, 0.09999999999999999167, 0.2060315014550850032 ) ) ;
#1220 = CIRCLE ( 'NONE', #2266, 0.02000000000000002470 ) ;
#1221 = PLANE ( 'NONE',  #510 ) ;
#1222 = DIRECTION ( 'NONE',  ( -0.0000000000000000000, -1.000000000000000000, -0.0000000000000000000 ) ) ;
#1223 = DIRECTION ( 'NONE',  ( -0.0000000000000000000, -1.000000000000000000, -0.0000000000000000000 ) ) ;
#1224 = DIRECTION ( 'NONE',  ( 9.637352644315598694E-16, 0.0000000000000000000, 1.000000000000000000 ) ) ;
#1225 = DIRECTION ( 'NONE',  ( 0.0000000000000000000, 0.0000000000000000000, -1.000000000000000000 ) ) ;
#1226 = PRODUCT_DEFINITION_FORMATION_WITH_SPECIFIED_SOURCE ( 'ANY', '', #536, .NOT_KNOWN. ) ;
#1227 = LINE ( 'NONE', #2883, #1120 ) ;
#1228 = DIRECTION ( 'NONE',  ( 0.0000000000000000000, 1.000000000000000000, 0.0000000000000000000 ) ) ;
#1229 = EDGE_CURVE ( 'NONE', #2521, #1776, #150, .T. ) ;
#1230 = CARTESIAN_POINT ( 'NONE',  ( -0.6999999999999999556, 0.1499999999999999944, 0.5850548186098167847 ) ) ;
#1231 = CARTESIAN_POINT ( 'NONE',  ( -0.1215544456622767305, -0.09999999999999999167, -0.01732050807568881121 ) ) ;
#1232 = DIRECTION ( 'NONE',  ( 1.000000000000000000, -0.0000000000000000000, 0.0000000000000000000 ) ) ;
#1233 = PRESENTATION_STYLE_ASSIGNMENT (( #2155 ) ) ;
#1234 = CARTESIAN_POINT ( 'NONE',  ( 0.6410783056181883488, 0.5100000000000000089, 0.5660783056181883932 ) ) ;
#1235 = DIRECTION ( 'NONE',  ( 4.743384504624079927E-16, 0.0000000000000000000, 1.000000000000000000 ) ) ;
#1236 = SURFACE_STYLE_USAGE ( .BOTH. , #3095 ) ;
#1237 = VECTOR ( 'NONE', #3892, 1000.000000000000000 ) ;
#1238 = EDGE_LOOP ( 'NONE', ( #3757, #2044, #2210, #57 ) ) ;
#1239 = CARTESIAN_POINT ( 'NONE',  ( 0.1515544456622766878, -0.09999999999999999167, -0.1403589838486224706 ) ) ;
#1240 = VECTOR ( 'NONE', #2794, 1000.000000000000000 ) ;
#1241 = SURFACE_STYLE_USAGE ( .BOTH. , #3100 ) ;
#1242 = STYLED_ITEM ( 'NONE', ( #2957 ), #740 ) ;
#1243 =( GEOMETRIC_REPRESENTATION_CONTEXT ( 3 ) GLOBAL_UNCERTAINTY_ASSIGNED_CONTEXT ( ( #2469 ) ) GLOBAL_UNIT_ASSIGNED_CONTEXT ( ( #2311, #481, #2627 ) ) REPRESENTATION_CONTEXT ( 'NONE', 'WORKASPACE' ) );
#1244 = AXIS2_PLACEMENT_3D ( 'NONE', #1784, #2722, #573 ) ;
#1245 = ORIENTED_EDGE ( 'NONE', *, *, #1562, .T. ) ;
#1246 = EDGE_LOOP ( 'NONE', ( #2336, #1941, #2691, #3651 ) ) ;
#1247 = CARTESIAN_POINT ( 'NONE',  ( -0.1215544456622767305, -0.09999999999999999167, -0.01732050807568881121 ) ) ;
#1248 =( NAMED_UNIT ( * ) SI_UNIT ( $, .STERADIAN. ) SOLID_ANGLE_UNIT ( ) );
#1249 = VERTEX_POINT ( 'NONE', #2662 ) ;
#1250 = CARTESIAN_POINT ( 'NONE',  ( -0.6810234870083712311, 0.5120934382497178694, -0.5660783056181885042 ) ) ;
#1251 = ORIENTED_EDGE ( 'NONE', *, *, #3403, .F. ) ;
#1252 = SURFACE_STYLE_USAGE ( .BOTH. , #3108 ) ;
#1253 = VERTEX_POINT ( 'NONE', #518 ) ;
#1254 = SURFACE_STYLE_FILL_AREA ( #932 ) ;
#1255 = ORIENTED_EDGE ( 'NONE', *, *, #2625, .T. ) ;
#1256 = ORIENTED_EDGE ( 'NONE', *, *, #2375, .T. ) ;
#1257 =( GEOMETRIC_REPRESENTATION_CONTEXT ( 3 ) GLOBAL_UNCERTAINTY_ASSIGNED_CONTEXT ( ( #2315 ) ) GLOBAL_UNIT_ASSIGNED_CONTEXT ( ( #671, #490, #2636 ) ) REPRESENTATION_CONTEXT ( 'NONE', 'WORKASPACE' ) );
#1258 = DIRECTION ( 'NONE',  ( 1.000000000000000000, 0.0000000000000000000, 0.0000000000000000000 ) ) ;
#1259 = LINE ( 'NONE', #1169, #3719 ) ;
#1260 = VERTEX_POINT ( 'NONE', #3886 ) ;
#1261 = EDGE_LOOP ( 'NONE', ( #3657, #2760, #3839, #134, #2535, #2635 ) ) ;
#1262 = SURFACE_SIDE_STYLE ('',( #3696 ) ) ;
#1263 = ORIENTED_EDGE ( 'NONE', *, *, #2346, .F. ) ;
#1264 = SURFACE_STYLE_FILL_AREA ( #1008 ) ;
#1265 = CARTESIAN_POINT ( 'NONE',  ( -0.5999999999999998668, 0.1499999999999999944, 0.6250000000000002220 ) ) ;
#1266 = SURFACE_STYLE_USAGE ( .BOTH. , #3117 ) ;
#1267 = EDGE_CURVE ( 'NONE', #2536, #1492, #1785, .T. ) ;
#1268 = LINE ( 'NONE', #2479, #2908 ) ;
#1269 = EDGE_LOOP ( 'NONE', ( #3555, #1484, #175, #1361 ) ) ;
#1270 = CARTESIAN_POINT ( 'NONE',  ( 0.1315544456622766978, -0.09999999999999999167, -0.1403589838486224706 ) ) ;
#1271 = CIRCLE ( 'NONE', #2285, 0.4000000000000000777 ) ;
#1272 = VECTOR ( 'NONE', #3633, 1000.000000000000000 ) ;
#1273 = LINE ( 'NONE', #3415, #443 ) ;
#1274 = LINE ( 'NONE', #779, #2828 ) ;
#1275 = CARTESIAN_POINT ( 'NONE',  ( -0.6999999999999999556, 0.1499999999999999944, -0.5850548186098173398 ) ) ;
#1276 = AXIS2_PLACEMENT_3D ( 'NONE', #1980, #2941, #1075 ) ;
#1277 = EDGE_CURVE ( 'NONE', #103, #1627, #2511, .T. ) ;
#1278 = CARTESIAN_POINT ( 'NONE',  ( -0.1115544456622767355, -0.09999999999999999167, -2.710505439397719968E-17 ) ) ;
#1279 = CARTESIAN_POINT ( 'NONE',  ( 0.9999999999999995559, -0.1499999999999999944, -0.6250000000000000000 ) ) ;
#1280 = FILL_AREA_STYLE_COLOUR ( '', #62 ) ;
#1281 = CARTESIAN_POINT ( 'NONE',  ( -1.000000000000000000, -0.1499999999999999667, 0.5000000000000002220 ) ) ;
#1282 = PRESENTATION_LAYER_ASSIGNMENT (  '', '', ( #1486 ) ) ;
#1283 = EDGE_CURVE ( 'NONE', #3644, #1746, #1271, .T. ) ;
#1284 = SHAPE_DEFINITION_REPRESENTATION ( #1897, #770 ) ;
#1285 = LINE ( 'NONE', #3425, #3635 ) ;
#1286 = SURFACE_STYLE_USAGE ( .BOTH. , #3134 ) ;
#1287 = EDGE_CURVE ( 'NONE', #3668, #3662, #1677, .T. ) ;
#1288 = VECTOR ( 'NONE', #3071, 1000.000000000000000 ) ;
#1289 = SURFACE_STYLE_USAGE ( .BOTH. , #3138 ) ;
#1290 = DIRECTION ( 'NONE',  ( -0.0000000000000000000, -1.000000000000000000, -0.0000000000000000000 ) ) ;
#1291 = LINE ( 'NONE', #985, #2929 ) ;
#1292 =( NAMED_UNIT ( * ) SI_UNIT ( $, .STERADIAN. ) SOLID_ANGLE_UNIT ( ) );
#1293 = ADVANCED_FACE ( 'NONE', ( #2407 ), #3599, .T. ) ;
#1294 = ORIENTED_EDGE ( 'NONE', *, *, #83, .F. ) ;
#1295 = EDGE_LOOP ( 'NONE', ( #1043, #1670, #430, #3685 ) ) ;
#1296 = ORIENTED_EDGE ( 'NONE', *, *, #3056, .F. ) ;
#1297 = FILL_AREA_STYLE_COLOUR ( '', #923 ) ;
#1298 = MECHANICAL_DESIGN_GEOMETRIC_PRESENTATION_REPRESENTATION (  '', ( #862 ), #1509 ) ;
#1299 =( GEOMETRIC_REPRESENTATION_CONTEXT ( 3 ) GLOBAL_UNCERTAINTY_ASSIGNED_CONTEXT ( ( #2898 ) ) GLOBAL_UNIT_ASSIGNED_CONTEXT ( ( #1053, #3200, #1380 ) ) REPRESENTATION_CONTEXT ( 'NONE', 'WORKASPACE' ) );
#1300 = ORIENTED_EDGE ( 'NONE', *, *, #1095, .T. ) ;
#1301 = VERTEX_POINT ( 'NONE', #3912 ) ;
#1302 = CARTESIAN_POINT ( 'NONE',  ( -0.5999999999999999778, -0.1499999999999999944, 0.5000000000000002220 ) ) ;
#1303 = CARTESIAN_POINT ( 'NONE',  ( -1.000000000000000222, -0.09999999999999999167, 2.168404344971008868E-16 ) ) ;
#1304 = EDGE_CURVE ( 'NONE', #3720, #2644, #746, .T. ) ;
#1305 = CIRCLE ( 'NONE', #1100, 0.4000000000000000777 ) ;
#1306 = ORIENTED_EDGE ( 'NONE', *, *, #3664, .T. ) ;
#1307 = EDGE_LOOP ( 'NONE', ( #1388, #2580, #2439, #181 ) ) ;
#1308 = CARTESIAN_POINT ( 'NONE',  ( 0.6999999999999999556, 0.1499999999999999944, -0.2500000000000000000 ) ) ;
#1309 = AXIS2_PLACEMENT_3D ( 'NONE', #3740, #1888, #53 ) ;
#1310 = VECTOR ( 'NONE', #1825, 1000.000000000000000 ) ;
#1311 = EDGE_CURVE ( 'NONE', #3550, #1586, #3126, .T. ) ;
#1312 = ADVANCED_FACE ( 'NONE', ( #3033 ), #1903, .F. ) ;
#1313 = DIRECTION ( 'NONE',  ( -0.0000000000000000000, 1.000000000000000000, -0.0000000000000000000 ) ) ;
#1314 = LINE ( 'NONE', #1872, #2126 ) ;
#1315 = VECTOR ( 'NONE', #2732, 1000.000000000000000 ) ;
#1316 =( LENGTH_UNIT ( ) NAMED_UNIT ( * ) SI_UNIT ( .MILLI., .METRE. ) );
#1317 = LINE ( 'NONE', #1477, #2130 ) ;
#1318 = LINE ( 'NONE', #2394, #1215 ) ;
#1319 = EDGE_CURVE ( 'NONE', #2840, #2808, #1180, .T. ) ;
#1320 = VECTOR ( 'NONE', #1464, 1000.000000000000000 ) ;
#1321 = SURFACE_STYLE_USAGE ( .BOTH. , #3159 ) ;
#1322 = EDGE_CURVE ( 'NONE', #2205, #1249, #373, .T. ) ;
#1323 = VECTOR ( 'NONE', #3187, 1000.000000000000000 ) ;
#1324 = AXIS2_PLACEMENT_3D ( 'NONE', #695, #2845, #986 ) ;
#1325 = AXIS2_PLACEMENT_3D ( 'NONE', #2615, #1982, #3849 ) ;
#1326 =( GEOMETRIC_REPRESENTATION_CONTEXT ( 3 ) GLOBAL_UNCERTAINTY_ASSIGNED_CONTEXT ( ( #3474 ) ) GLOBAL_UNIT_ASSIGNED_CONTEXT ( ( #257, #2392, #570 ) ) REPRESENTATION_CONTEXT ( 'NONE', 'WORKASPACE' ) );
#1327 = SURFACE_STYLE_USAGE ( .BOTH. , #3164 ) ;
#1328 = UNCERTAINTY_MEASURE_WITH_UNIT (LENGTH_MEASURE( 1.000000000000000082E-05 ), #937, 'distance_accuracy_value', 'NONE');
#1329 = EDGE_CURVE ( 'NONE', #1780, #2385, #1077, .T. ) ;
#1330 = DIRECTION ( 'NONE',  ( -0.0000000000000000000, 1.000000000000000000, -0.0000000000000000000 ) ) ;
#1331 = LINE ( 'NONE', #2560, #2425 ) ;
#1332 = ORIENTED_EDGE ( 'NONE', *, *, #571, .F. ) ;
#1333 = ADVANCED_FACE ( 'NONE', ( #3445 ), #3549, .F. ) ;
#1334 = COLOUR_RGB ( '',1.000000000000000000, 1.000000000000000000, 1.000000000000000000 ) ;
#1335 = AXIS2_PLACEMENT_3D ( 'NONE', #1278, #3404, #3421 ) ;
#1336 = LINE ( 'NONE', #3084, #1425 ) ;
#1337 = MECHANICAL_DESIGN_GEOMETRIC_PRESENTATION_REPRESENTATION (  '', ( #720 ), #1548 ) ;
#1338 = EDGE_CURVE ( 'NONE', #174, #2896, #168, .T. ) ;
#1339 = CYLINDRICAL_SURFACE ( 'NONE', #2855, 0.03999999999999999389 ) ;
#1340 = LINE ( 'NONE', #3561, #3236 ) ;
#1341 = DIRECTION ( 'NONE',  ( 0.0000000000000000000, -0.0000000000000000000, -1.000000000000000000 ) ) ;
#1342 = VERTEX_POINT ( 'NONE', #497 ) ;
#1343 = UNCERTAINTY_MEASURE_WITH_UNIT (LENGTH_MEASURE( 1.000000000000000082E-05 ), #3396, 'distance_accuracy_value', 'NONE');
#1344 = FILL_AREA_STYLE_COLOUR ( '', #1618 ) ;
#1345 = ORIENTED_EDGE ( 'NONE', *, *, #101, .F. ) ;
#1346 = ORIENTED_EDGE ( 'NONE', *, *, #1183, .T. ) ;
#1347 = CARTESIAN_POINT ( 'NONE',  ( 0.1215544456622766889, -0.1499999999999999944, 0.1576794919243112436 ) ) ;
#1348 = ORIENTED_EDGE ( 'NONE', *, *, #3532, .F. ) ;
#1349 = ORIENTED_EDGE ( 'NONE', *, *, #3614, .F. ) ;
#1350 = EDGE_CURVE ( 'NONE', #2521, #2043, #991, .T. ) ;
#1351 = EDGE_LOOP ( 'NONE', ( #3043, #997, #731, #418, #763 ) ) ;
#1352 = LINE ( 'NONE', #20, #2054 ) ;
#1353 = EDGE_LOOP ( 'NONE', ( #2048, #2490, #3891, #3242, #3526, #2582, #2546 ) ) ;
#1354 = ORIENTED_EDGE ( 'NONE', *, *, #3825, .T. ) ;
#1355 = ADVANCED_FACE ( 'NONE', ( #3349 ), #1423, .F. ) ;
#1356 = MECHANICAL_DESIGN_GEOMETRIC_PRESENTATION_REPRESENTATION (  '', ( #733 ), #1563 ) ;
#1357 = DIRECTION ( 'NONE',  ( 0.0000000000000000000, 0.0000000000000000000, -1.000000000000000000 ) ) ;
#1358 = CARTESIAN_POINT ( 'NONE',  ( -0.5999999999999998668, 0.1499999999999999944, -0.6250000000000002220 ) ) ;
#1359 = VECTOR ( 'NONE', #820, 1000.000000000000000 ) ;
#1360 = ORIENTED_EDGE ( 'NONE', *, *, #2571, .F. ) ;
#1361 = ORIENTED_EDGE ( 'NONE', *, *, #2319, .T. ) ;
#1362 = CARTESIAN_POINT ( 'NONE',  ( 0.9999999999999995559, -0.1000000000000000194, -0.6250000000000000000 ) ) ;
#1363 = VERTEX_POINT ( 'NONE', #2332 ) ;
#1364 = CARTESIAN_POINT ( 'NONE',  ( -0.6571428571428571397, 0.1499999999999999944, 0.2060315014550850032 ) ) ;
#1365 = CIRCLE ( 'NONE', #459, 0.01999999999999999695 ) ;
#1366 = ORIENTED_EDGE ( 'NONE', *, *, #1550, .F. ) ;
#1367 = EDGE_CURVE ( 'NONE', #2726, #1154, #1699, .T. ) ;
#1368 = CARTESIAN_POINT ( 'NONE',  ( 0.6999999999999999556, 0.1499999999999999944, -0.2500000000000000000 ) ) ;
#1369 = LINE ( 'NONE', #1749, #3626 ) ;
#1370 = VECTOR ( 'NONE', #3215, 1000.000000000000000 ) ;
#1371 = CARTESIAN_POINT ( 'NONE',  ( -1.000000000000000222, 0.1499999999999999944, 2.168404344971008868E-16 ) ) ;
#1372 = DIRECTION ( 'NONE',  ( 0.0000000000000000000, -1.000000000000000000, 0.0000000000000000000 ) ) ;
#1373 = ADVANCED_FACE ( 'NONE', ( #88 ), #1339, .T. ) ;
#1374 = MECHANICAL_DESIGN_GEOMETRIC_PRESENTATION_REPRESENTATION (  '', ( #743 ), #1578 ) ;
#1375 = AXIS2_PLACEMENT_3D ( 'NONE', #3911, #2377, #2078 ) ;
#1376 =( NAMED_UNIT ( * ) SI_UNIT ( $, .STERADIAN. ) SOLID_ANGLE_UNIT ( ) );
#1377 = VECTOR ( 'NONE', #3486, 1000.000000000000000 ) ;
#1378 = VECTOR ( 'NONE', #2482, 1000.000000000000000 ) ;
#1379 = SURFACE_STYLE_USAGE ( .BOTH. , #3199 ) ;
#1380 =( NAMED_UNIT ( * ) SI_UNIT ( $, .STERADIAN. ) SOLID_ANGLE_UNIT ( ) );
#1381 = VECTOR ( 'NONE', #3656, 1000.000000000000000 ) ;
#1382 = PRESENTATION_STYLE_ASSIGNMENT (( #264 ) ) ;
#1383 = AXIS2_PLACEMENT_3D ( 'NONE', #3650, #2743, #877 ) ;
#1384 =( NAMED_UNIT ( * ) PLANE_ANGLE_UNIT ( ) SI_UNIT ( $, .RADIAN. ) );
#1385 = UNCERTAINTY_MEASURE_WITH_UNIT (LENGTH_MEASURE( 1.000000000000000082E-05 ), #3388, 'distance_accuracy_value', 'NONE');
#1386 = ADVANCED_FACE ( 'NONE', ( #3790 ), #2671, .F. ) ;
#1387 = CARTESIAN_POINT ( 'NONE',  ( 0.1315544456622766978, -0.1499999999999999667, -0.1403589838486224706 ) ) ;
#1388 = ORIENTED_EDGE ( 'NONE', *, *, #3860, .F. ) ;
#1389 = EDGE_CURVE ( 'NONE', #2647, #1097, #1861, .T. ) ;
#1390 = ORIENTED_EDGE ( 'NONE', *, *, #3481, .T. ) ;
#1391 = ORIENTED_EDGE ( 'NONE', *, *, #1908, .T. ) ;
#1392 = PLANE ( 'NONE',  #2309 ) ;
#1393 = ORIENTED_EDGE ( 'NONE', *, *, #1908, .F. ) ;
#1394 = PRESENTATION_LAYER_ASSIGNMENT (  '', '', ( #979 ) ) ;
#1395 = AXIS2_PLACEMENT_3D ( 'NONE', #3672, #293, #1823 ) ;
#1396 = VECTOR ( 'NONE', #2293, 1000.000000000000000 ) ;
#1397 =( NAMED_UNIT ( * ) SI_UNIT ( $, .STERADIAN. ) SOLID_ANGLE_UNIT ( ) );
#1398 = ORIENTED_EDGE ( 'NONE', *, *, #1744, .F. ) ;
#1399 = EDGE_LOOP ( 'NONE', ( #1084, #1245, #2676, #241 ) ) ;
#1400 = STYLED_ITEM ( 'NONE', ( #1813 ), #1373 ) ;
#1401 = ORIENTED_EDGE ( 'NONE', *, *, #1704, .T. ) ;
#1402 = EDGE_CURVE ( 'NONE', #3098, #3545, #2677, .T. ) ;
#1403 = SURFACE_STYLE_USAGE ( .BOTH. , #2596 ) ;
#1404 = CARTESIAN_POINT ( 'NONE',  ( -1.000000000000000222, 0.1499999999999999944, 2.168404344971008868E-16 ) ) ;
#1405 = PLANE ( 'NONE',  #1885 ) ;
#1406 = LINE ( 'NONE', #3335, #486 ) ;
#1407 = PRESENTATION_LAYER_ASSIGNMENT (  '', '', ( #3182 ) ) ;
#1408 = LINE ( 'NONE', #3708, #698 ) ;
#1409 = VECTOR ( 'NONE', #2718, 1000.000000000000000 ) ;
#1410 = PRESENTATION_LAYER_ASSIGNMENT (  '', '', ( #1816 ) ) ;
#1411 = ADVANCED_FACE ( 'NONE', ( #2572 ), #1764, .F. ) ;
#1412 = EDGE_CURVE ( 'NONE', #1708, #1186, #3482, .T. ) ;
#1413 = FACE_OUTER_BOUND ( 'NONE', #2168, .T. ) ;
#1414 = VECTOR ( 'NONE', #1139, 1000.000000000000114 ) ;
#1415 = CARTESIAN_POINT ( 'NONE',  ( 0.6834674183081290710, 0.1499999999999999944, -0.6250000000000003331 ) ) ;
#1416 = DIRECTION ( 'NONE',  ( -0.0000000000000000000, 1.000000000000000000, -0.0000000000000000000 ) ) ;
#1417 = VERTEX_POINT ( 'NONE', #3024 ) ;
#1418 = CARTESIAN_POINT ( 'NONE',  ( -1.000000000000000444, -0.1499999999999999667, -0.4999999999999997780 ) ) ;
#1419 = CARTESIAN_POINT ( 'NONE',  ( 0.6999999999999999556, 0.1499999999999999944, 0.2500000000000000000 ) ) ;
#1420 = PLANE ( 'NONE',  #3352 ) ;
#1421 = DIRECTION ( 'NONE',  ( -2.587789240124152535E-16, 0.0000000000000000000, -1.000000000000000000 ) ) ;
#1422 = SURFACE_SIDE_STYLE ('',( #3003 ) ) ;
#1423 = PLANE ( 'NONE',  #1603 ) ;
#1424 = VECTOR ( 'NONE', #2163, 1000.000000000000000 ) ;
#1425 = VECTOR ( 'NONE', #1223, 1000.000000000000000 ) ;
#1426 = FILL_AREA_STYLE_COLOUR ( '', #2610 ) ;
#1427 = ADVANCED_FACE ( 'NONE', ( #945 ), #1781, .T. ) ;
#1428 =( LENGTH_UNIT ( ) NAMED_UNIT ( * ) SI_UNIT ( .MILLI., .METRE. ) );
#1429 = CARTESIAN_POINT ( 'NONE',  ( 1.299999999999999378, 0.1499999999999999944, -0.2500000000000000000 ) ) ;
#1430 = CARTESIAN_POINT ( 'NONE',  ( -1.000000000000000222, 0.09999999999999999167, -0.6249999999999997780 ) ) ;
#1431 = DIRECTION ( 'NONE',  ( -0.0000000000000000000, 1.000000000000000000, -0.0000000000000000000 ) ) ;
#1432 = DIRECTION ( 'NONE',  ( 1.000000000000000000, 0.0000000000000000000, 0.0000000000000000000 ) ) ;
#1433 = CARTESIAN_POINT ( 'NONE',  ( 0.1515544456622766878, -0.1499999999999999667, -0.1403589838486224706 ) ) ;
#1434 = PRODUCT_RELATED_PRODUCT_CATEGORY ( 'part', '', ( #536 ) ) ;
#1435 = ORIENTED_EDGE ( 'NONE', *, *, #2614, .F. ) ;
#1436 = DIRECTION ( 'NONE',  ( 0.0000000000000000000, 1.000000000000000000, 0.0000000000000000000 ) ) ;
#1437 = EDGE_CURVE ( 'NONE', #2944, #2149, #1480, .T. ) ;
#1438 = SURFACE_STYLE_USAGE ( .BOTH. , #3258 ) ;
#1439 = ORIENTED_EDGE ( 'NONE', *, *, #1604, .T. ) ;
#1440 = ORIENTED_EDGE ( 'NONE', *, *, #2771, .T. ) ;
#1441 = PLANE ( 'NONE',  #3496 ) ;
#1442 = ORIENTED_EDGE ( 'NONE', *, *, #2625, .F. ) ;
#1443 = VECTOR ( 'NONE', #4, 1000.000000000000000 ) ;
#1444 = ORIENTED_EDGE ( 'NONE', *, *, #499, .T. ) ;
#1445 = DIRECTION ( 'NONE',  ( 0.0000000000000000000, -1.000000000000000000, 0.0000000000000000000 ) ) ;
#1446 = ORIENTED_EDGE ( 'NONE', *, *, #545, .F. ) ;
#1447 = DIRECTION ( 'NONE',  ( 1.000000000000000000, 0.0000000000000000000, -2.587789240124152535E-16 ) ) ;
#1448 = DIRECTION ( 'NONE',  ( 1.084202172485503448E-15, -0.0000000000000000000, 1.000000000000000000 ) ) ;
#1449 = ADVANCED_FACE ( 'NONE', ( #2282 ), #560, .F. ) ;
#1450 = EDGE_LOOP ( 'NONE', ( #1907, #3798, #1705, #321 ) ) ;
#1451 = AXIS2_PLACEMENT_3D ( 'NONE', #2687, #1759, #3020 ) ;
#1452 = PRESENTATION_LAYER_ASSIGNMENT (  '', '', ( #1021 ) ) ;
#1453 =( NAMED_UNIT ( * ) SI_UNIT ( $, .STERADIAN. ) SOLID_ANGLE_UNIT ( ) );
#1454 = ORIENTED_EDGE ( 'NONE', *, *, #1116, .T. ) ;
#1455 = DIRECTION ( 'NONE',  ( -9.637352644315598694E-16, 0.0000000000000000000, -1.000000000000000000 ) ) ;
#1456 =( LENGTH_UNIT ( ) NAMED_UNIT ( * ) SI_UNIT ( .MILLI., .METRE. ) );
#1457 = DIRECTION ( 'NONE',  ( 1.000000000000000000, 0.0000000000000000000, 0.0000000000000000000 ) ) ;
#1458 = DIRECTION ( 'NONE',  ( 0.0000000000000000000, 0.0000000000000000000, 1.000000000000000000 ) ) ;
#1459 = LINE ( 'NONE', #277, #3814 ) ;
#1460 = VECTOR ( 'NONE', #222, 1000.000000000000000 ) ;
#1461 = DIRECTION ( 'NONE',  ( -0.0000000000000000000, -0.0000000000000000000, 1.000000000000000000 ) ) ;
#1462 = VECTOR ( 'NONE', #1067, 1000.000000000000000 ) ;
#1463 = STYLED_ITEM ( 'NONE', ( #1649 ), #3759 ) ;
#1464 = DIRECTION ( 'NONE',  ( -0.0000000000000000000, -1.000000000000000000, -0.0000000000000000000 ) ) ;
#1465 = CARTESIAN_POINT ( 'NONE',  ( 0.1215544456622766750, -0.1499999999999999667, -0.1576794919243112159 ) ) ;
#1466 = VECTOR ( 'NONE', #762, 1000.000000000000000 ) ;
#1467 = DIRECTION ( 'NONE',  ( -0.0000000000000000000, 1.000000000000000000, -0.0000000000000000000 ) ) ;
#1468 = CARTESIAN_POINT ( 'NONE',  ( -0.5999999999999999778, -0.1499999999999999667, 0.5000000000000002220 ) ) ;
#1469 = DIRECTION ( 'NONE',  ( 0.0000000000000000000, -1.000000000000000000, 0.0000000000000000000 ) ) ;
#1470 = EDGE_CURVE ( 'NONE', #96, #2475, #3829, .T. ) ;
#1471 = CARTESIAN_POINT ( 'NONE',  ( 0.0000000000000000000, 0.5500000000000000444, 0.0000000000000000000 ) ) ;
#1472 = DIRECTION ( 'NONE',  ( 0.0000000000000000000, -0.0000000000000000000, -1.000000000000000000 ) ) ;
#1473 = LINE ( 'NONE', #2611, #3119 ) ;
#1474 = FILL_AREA_STYLE_COLOUR ( '', #3622 ) ;
#1475 = CARTESIAN_POINT ( 'NONE',  ( 0.1315544456622766978, -0.09999999999999999167, -0.1403589838486224706 ) ) ;
#1476 =( NAMED_UNIT ( * ) SI_UNIT ( $, .STERADIAN. ) SOLID_ANGLE_UNIT ( ) );
#1477 = CARTESIAN_POINT ( 'NONE',  ( 0.9999999999999995559, 0.7156854249492387021, 0.2000000000000002331 ) ) ;
#1478 = EDGE_CURVE ( 'NONE', #3939, #3133, #3397, .T. ) ;
#1479 = CARTESIAN_POINT ( 'NONE',  ( 0.1215544456622766889, -0.09999999999999999167, -0.1576794919243112436 ) ) ;
#1480 = CIRCLE ( 'NONE', #1717, 0.4000000000000000777 ) ;
#1481 = DIRECTION ( 'NONE',  ( 0.0000000000000000000, -1.000000000000000000, 0.0000000000000000000 ) ) ;
#1482 = VECTOR ( 'NONE', #245, 1000.000000000000000 ) ;
#1483 = SURFACE_STYLE_USAGE ( .BOTH. , #2353 ) ;
#1484 = ORIENTED_EDGE ( 'NONE', *, *, #3664, .F. ) ;
#1485 = CARTESIAN_POINT ( 'NONE',  ( 0.6999999999999999556, 0.7330951894845298966, 0.2500000000000000000 ) ) ;
#1486 = STYLED_ITEM ( 'NONE', ( #111 ), #2913 ) ;
#1487 = DIRECTION ( 'NONE',  ( -0.0000000000000000000, -1.000000000000000000, -0.0000000000000000000 ) ) ;
#1488 = EDGE_CURVE ( 'NONE', #3342, #1206, #3028, .T. ) ;
#1489 = DIRECTION ( 'NONE',  ( 0.0000000000000000000, 0.0000000000000000000, -1.000000000000000000 ) ) ;
#1490 = ORIENTED_EDGE ( 'NONE', *, *, #918, .F. ) ;
#1491 = DIRECTION ( 'NONE',  ( -1.000000000000000000, -0.0000000000000000000, -0.0000000000000000000 ) ) ;
#1492 = VERTEX_POINT ( 'NONE', #2424 ) ;
#1493 = CARTESIAN_POINT ( 'NONE',  ( -1.000000000000000222, 0.1499999999999999944, 2.168404344971008868E-16 ) ) ;
#1494 = DIRECTION ( 'NONE',  ( 1.000000000000000000, 0.0000000000000000000, -3.469446951953614189E-16 ) ) ;
#1495 = EDGE_LOOP ( 'NONE', ( #3940, #1255, #995, #1552 ) ) ;
#1496 = EDGE_CURVE ( 'NONE', #3413, #1154, #2090, .T. ) ;
#1497 = ORIENTED_EDGE ( 'NONE', *, *, #1304, .T. ) ;
#1498 = CARTESIAN_POINT ( 'NONE',  ( 0.1515544456622766878, -0.1499999999999999667, -0.1403589838486224706 ) ) ;
#1499 = ORIENTED_EDGE ( 'NONE', *, *, #1571, .F. ) ;
#1500 = ORIENTED_EDGE ( 'NONE', *, *, #1923, .T. ) ;
#1501 = ORIENTED_EDGE ( 'NONE', *, *, #2753, .F. ) ;
#1502 = CARTESIAN_POINT ( 'NONE',  ( 0.5999999999999999778, -0.1499999999999999944, -0.4999999999999997780 ) ) ;
#1503 = SURFACE_STYLE_FILL_AREA ( #132 ) ;
#1504 = DIRECTION ( 'NONE',  ( -1.000000000000000000, -0.0000000000000000000, -0.0000000000000000000 ) ) ;
#1505 = DIRECTION ( 'NONE',  ( -1.000000000000000000, 0.0000000000000000000, 0.0000000000000000000 ) ) ;
#1506 = FILL_AREA_STYLE_COLOUR ( '', #3344 ) ;
#1507 = DIRECTION ( 'NONE',  ( -0.05226442768871395611, -0.9972646886342372285, -0.05226442768871394917 ) ) ;
#1508 = LINE ( 'NONE', #37, #2009 ) ;
#1509 =( GEOMETRIC_REPRESENTATION_CONTEXT ( 3 ) GLOBAL_UNCERTAINTY_ASSIGNED_CONTEXT ( ( #377 ) ) GLOBAL_UNIT_ASSIGNED_CONTEXT ( ( #3469, #1625, #3786 ) ) REPRESENTATION_CONTEXT ( 'NONE', 'WORKASPACE' ) );
#1510 = CARTESIAN_POINT ( 'NONE',  ( -1.000000000000000222, 0.1499999999999999667, 2.168404344971008868E-16 ) ) ;
#1511 = DIRECTION ( 'NONE',  ( 1.000000000000000000, 0.0000000000000000000, 1.445602896647339706E-15 ) ) ;
#1512 = VECTOR ( 'NONE', #2447, 1000.000000000000000 ) ;
#1513 = CARTESIAN_POINT ( 'NONE',  ( -1.000000000000000222, 0.1499999999999999944, 2.168404344971008868E-16 ) ) ;
#1514 = LINE ( 'NONE', #3934, #3058 ) ;
#1515 = CARTESIAN_POINT ( 'NONE',  ( -0.5999999999999998668, 0.09999999999999999167, -0.6250000000000002220 ) ) ;
#1516 = CARTESIAN_POINT ( 'NONE',  ( 0.1315544456622766700, -0.1499999999999999667, 0.1403589838486224151 ) ) ;
#1517 = EDGE_CURVE ( 'NONE', #3671, #3550, #2926, .T. ) ;
#1518 = LINE ( 'NONE', #2358, #3063 ) ;
#1519 = COLOUR_RGB ( '',1.000000000000000000, 1.000000000000000000, 1.000000000000000000 ) ;
#1520 = CARTESIAN_POINT ( 'NONE',  ( -0.5999999999999999778, 0.1499999999999999944, -0.2060315014550845869 ) ) ;
#1521 = MANIFOLD_SOLID_BREP ( 'Boss-Extrude3[1]', #1140 ) ;
#1522 = DIRECTION ( 'NONE',  ( 0.0000000000000000000, 1.000000000000000000, 0.0000000000000000000 ) ) ;
#1523 = AXIS2_PLACEMENT_3D ( 'NONE', #2474, #332, #2191 ) ;
#1524 = DIRECTION ( 'NONE',  ( -0.0000000000000000000, -1.000000000000000000, -0.0000000000000000000 ) ) ;
#1525 = PLANE ( 'NONE',  #2608 ) ;
#1526 = CARTESIAN_POINT ( 'NONE',  ( 1.400000000000000577, -0.09999999999999999167, 0.5000000000000002220 ) ) ;
#1527 = EDGE_CURVE ( 'NONE', #3050, #957, #164, .T. ) ;
#1528 = CARTESIAN_POINT ( 'NONE',  ( -1.000000000000000000, 0.1499999999999999944, 0.6250000000000002220 ) ) ;
#1529 = SURFACE_STYLE_USAGE ( .BOTH. , #3353 ) ;
#1530 = DIRECTION ( 'NONE',  ( 0.5000000000000002220, 0.0000000000000000000, -0.8660254037844385966 ) ) ;
#1531 = EDGE_CURVE ( 'NONE', #961, #1984, #569, .T. ) ;
#1532 = DIRECTION ( 'NONE',  ( -2.587789240124152535E-16, -0.0000000000000000000, -1.000000000000000000 ) ) ;
#1533 = EDGE_CURVE ( 'NONE', #2808, #3418, #2528, .T. ) ;
#1534 = FACE_OUTER_BOUND ( 'NONE', #2860, .T. ) ;
#1535 = DIRECTION ( 'NONE',  ( -0.0000000000000000000, -1.000000000000000000, -0.0000000000000000000 ) ) ;
#1536 = AXIS2_PLACEMENT_3D ( 'NONE', #1585, #59, #1596 ) ;
#1537 = AXIS2_PLACEMENT_3D ( 'NONE', #1971, #1683, #760 ) ;
#1538 = CARTESIAN_POINT ( 'NONE',  ( 0.6410783056181883488, 0.5100000000000000089, 0.5660783056181885042 ) ) ;
#1539 = CARTESIAN_POINT ( 'NONE',  ( 0.9999999999999995559, -0.1499999999999999667, -0.4999999999999997780 ) ) ;
#1540 = FILL_AREA_STYLE ('',( #900 ) ) ;
#1541 = EDGE_CURVE ( 'NONE', #1253, #3304, #882, .T. ) ;
#1542 = CARTESIAN_POINT ( 'NONE',  ( 0.5999999999999999778, -1.227032961426900881, -0.4999999999999997780 ) ) ;
#1543 = DIRECTION ( 'NONE',  ( 0.0000000000000000000, 0.0000000000000000000, 1.000000000000000000 ) ) ;
#1544 = VERTEX_POINT ( 'NONE', #904 ) ;
#1545 = PRESENTATION_LAYER_ASSIGNMENT (  '', '', ( #506 ) ) ;
#1546 = ORIENTED_EDGE ( 'NONE', *, *, #3828, .T. ) ;
#1547 = VERTEX_POINT ( 'NONE', #13 ) ;
#1548 =( GEOMETRIC_REPRESENTATION_CONTEXT ( 3 ) GLOBAL_UNCERTAINTY_ASSIGNED_CONTEXT ( ( #1328 ) ) GLOBAL_UNIT_ASSIGNED_CONTEXT ( ( #937, #3106, #1248 ) ) REPRESENTATION_CONTEXT ( 'NONE', 'WORKASPACE' ) );
#1549 = FILL_AREA_STYLE_COLOUR ( '', #3601 ) ;
#1550 = EDGE_CURVE ( 'NONE', #3938, #951, #3642, .T. ) ;
#1551 = VERTEX_POINT ( 'NONE', #1854 ) ;
#1552 = ORIENTED_EDGE ( 'NONE', *, *, #1541, .T. ) ;
#1553 = FILL_AREA_STYLE_COLOUR ( '', #2303 ) ;
#1554 = CARTESIAN_POINT ( 'NONE',  ( -0.1215544456622767305, -0.1499999999999999667, -0.01732050807568881121 ) ) ;
#1555 = DIRECTION ( 'NONE',  ( -1.000000000000000000, 0.0000000000000000000, 0.0000000000000000000 ) ) ;
#1556 = ORIENTED_EDGE ( 'NONE', *, *, #3270, .T. ) ;
#1557 = ORIENTED_EDGE ( 'NONE', *, *, #2965, .T. ) ;
#1558 = CARTESIAN_POINT ( 'NONE',  ( -0.6999999999999999556, 0.1499999999999999944, -0.6250000000000002220 ) ) ;
#1559 =( NAMED_UNIT ( * ) PLANE_ANGLE_UNIT ( ) SI_UNIT ( $, .RADIAN. ) );
#1560 = COLOUR_RGB ( '',1.000000000000000000, 1.000000000000000000, 1.000000000000000000 ) ;
#1561 =( NAMED_UNIT ( * ) PLANE_ANGLE_UNIT ( ) SI_UNIT ( $, .RADIAN. ) );
#1562 = EDGE_CURVE ( 'NONE', #1146, #644, #2427, .T. ) ;
#1563 =( GEOMETRIC_REPRESENTATION_CONTEXT ( 3 ) GLOBAL_UNCERTAINTY_ASSIGNED_CONTEXT ( ( #1919 ) ) GLOBAL_UNIT_ASSIGNED_CONTEXT ( ( #2398, #578, #2724 ) ) REPRESENTATION_CONTEXT ( 'NONE', 'WORKASPACE' ) );
#1564 = DIRECTION ( 'NONE',  ( -1.000000000000000000, 0.0000000000000000000, 0.0000000000000000000 ) ) ;
#1565 = LINE ( 'NONE', #1072, #2357 ) ;
#1566 = CARTESIAN_POINT ( 'NONE',  ( 0.6999999999999999556, 0.1499999999999999944, -0.6250000000000002220 ) ) ;
#1567 = DIRECTION ( 'NONE',  ( -1.000000000000000000, 0.0000000000000000000, 0.0000000000000000000 ) ) ;
#1568 =( NAMED_UNIT ( * ) PLANE_ANGLE_UNIT ( ) SI_UNIT ( $, .RADIAN. ) );
#1569 = CARTESIAN_POINT ( 'NONE',  ( -1.000000000000000000, 0.1499999999999999944, 0.3500000000000002554 ) ) ;
#1570 =( LENGTH_UNIT ( ) NAMED_UNIT ( * ) SI_UNIT ( .MILLI., .METRE. ) );
#1571 = EDGE_CURVE ( 'NONE', #1547, #183, #84, .T. ) ;
#1572 = CARTESIAN_POINT ( 'NONE',  ( 0.9999999999999995559, 0.1499999999999999944, 0.2500000000000000000 ) ) ;
#1573 = UNCERTAINTY_MEASURE_WITH_UNIT (LENGTH_MEASURE( 1.000000000000000082E-05 ), #1712, 'distance_accuracy_value', 'NONE');
#1574 =( NAMED_UNIT ( * ) PLANE_ANGLE_UNIT ( ) SI_UNIT ( $, .RADIAN. ) );
#1575 = DIRECTION ( 'NONE',  ( 0.0000000000000000000, 0.0000000000000000000, -1.000000000000000000 ) ) ;
#1576 = CARTESIAN_POINT ( 'NONE',  ( -0.5999999999999999778, -0.09999999999999999167, -0.4999999999999997780 ) ) ;
#1577 = PRESENTATION_STYLE_ASSIGNMENT (( #1289 ) ) ;
#1578 =( GEOMETRIC_REPRESENTATION_CONTEXT ( 3 ) GLOBAL_UNCERTAINTY_ASSIGNED_CONTEXT ( ( #3357 ) ) GLOBAL_UNIT_ASSIGNED_CONTEXT ( ( #10, #2150, #313 ) ) REPRESENTATION_CONTEXT ( 'NONE', 'WORKASPACE' ) );
#1579 = AXIS2_PLACEMENT_3D ( 'NONE', #1812, #3966, #2125 ) ;
#1580 = CARTESIAN_POINT ( 'NONE',  ( -0.5999999999999999778, 0.1499999999999999944, 0.2060315014550845869 ) ) ;
#1581 = VERTEX_POINT ( 'NONE', #2169 ) ;
#1582 = CARTESIAN_POINT ( 'NONE',  ( 0.6999999999999999556, 0.1499999999999999944, 0.6250000000000002220 ) ) ;
#1583 = ORIENTED_EDGE ( 'NONE', *, *, #2764, .T. ) ;
#1584 = ORIENTED_EDGE ( 'NONE', *, *, #694, .F. ) ;
#1585 = CARTESIAN_POINT ( 'NONE',  ( 0.6567494686829541406, 0.2109763955055255491, 0.5817494686829541850 ) ) ;
#1586 = VERTEX_POINT ( 'NONE', #1250 ) ;
#1587 = ORIENTED_EDGE ( 'NONE', *, *, #3077, .T. ) ;
#1588 = PRESENTATION_LAYER_ASSIGNMENT (  '', '', ( #1170 ) ) ;
#1589 =( NAMED_UNIT ( * ) PLANE_ANGLE_UNIT ( ) SI_UNIT ( $, .RADIAN. ) );
#1590 = ORIENTED_EDGE ( 'NONE', *, *, #42, .T. ) ;
#1591 = ORIENTED_EDGE ( 'NONE', *, *, #371, .F. ) ;
#1592 = FACE_OUTER_BOUND ( 'NONE', #1006, .T. ) ;
#1593 =( NAMED_UNIT ( * ) PLANE_ANGLE_UNIT ( ) SI_UNIT ( $, .RADIAN. ) );
#1594 = SURFACE_SIDE_STYLE ('',( #810 ) ) ;
#1595 = EDGE_CURVE ( 'NONE', #3668, #2205, #3974, .T. ) ;
#1596 = DIRECTION ( 'NONE',  ( 0.9986295347545737222, 0.05233595624294404280, 0.0000000000000000000 ) ) ;
#1597 = FACE_OUTER_BOUND ( 'NONE', #3451, .T. ) ;
#1598 = LINE ( 'NONE', #1836, #3147 ) ;
#1599 = FACE_OUTER_BOUND ( 'NONE', #1295, .T. ) ;
#1600 = MECHANICAL_DESIGN_GEOMETRIC_PRESENTATION_REPRESENTATION (  '', ( #979 ), #1803 ) ;
#1601 = AXIS2_PLACEMENT_3D ( 'NONE', #1740, #1448, #221 ) ;
#1602 = SURFACE_SIDE_STYLE ('',( #1725 ) ) ;
#1603 = AXIS2_PLACEMENT_3D ( 'NONE', #2320, #1714, #3883 ) ;
#1604 = EDGE_CURVE ( 'NONE', #2901, #1586, #2321, .T. ) ;
#1605 = FACE_OUTER_BOUND ( 'NONE', #3250, .T. ) ;
#1606 = DIRECTION ( 'NONE',  ( 0.0000000000000000000, 0.0000000000000000000, 1.000000000000000000 ) ) ;
#1607 = DIRECTION ( 'NONE',  ( 0.0000000000000000000, 0.0000000000000000000, -1.000000000000000000 ) ) ;
#1608 = CARTESIAN_POINT ( 'NONE',  ( 0.9999999999999995559, 0.1499999999999999944, 0.6250000000000000000 ) ) ;
#1609 = ADVANCED_FACE ( 'NONE', ( #1534 ), #3718, .F. ) ;
#1610 = MECHANICAL_DESIGN_GEOMETRIC_PRESENTATION_REPRESENTATION (  '', ( #3182 ), #1814 ) ;
#1611 = AXIS2_PLACEMENT_3D ( 'NONE', #1125, #3269, #1455 ) ;
#1612 = EDGE_CURVE ( 'NONE', #1039, #2647, #3082, .T. ) ;
#1613 = LINE ( 'NONE', #1608, #784 ) ;
#1614 = DIRECTION ( 'NONE',  ( 0.0000000000000000000, 0.0000000000000000000, 1.000000000000000000 ) ) ;
#1615 = UNCERTAINTY_MEASURE_WITH_UNIT (LENGTH_MEASURE( 1.000000000000000082E-05 ), #1158, 'distance_accuracy_value', 'NONE');
#1616 = VECTOR ( 'NONE', #30, 1000.000000000000000 ) ;
#1617 =( NAMED_UNIT ( * ) SI_UNIT ( $, .STERADIAN. ) SOLID_ANGLE_UNIT ( ) );
#1618 = COLOUR_RGB ( '',0.7529411764705882248, 0.7529411764705882248, 0.0000000000000000000 ) ;
#1619 =( NAMED_UNIT ( * ) PLANE_ANGLE_UNIT ( ) SI_UNIT ( $, .RADIAN. ) );
#1620 = ORIENTED_EDGE ( 'NONE', *, *, #2564, .T. ) ;
#1621 = EDGE_LOOP ( 'NONE', ( #384, #987, #1583, #752 ) ) ;
#1622 = EDGE_LOOP ( 'NONE', ( #2585, #425, #2457, #3948 ) ) ;
#1623 = ADVANCED_FACE ( 'NONE', ( #3879 ), #591, .F. ) ;
#1624 = AXIS2_PLACEMENT_3D ( 'NONE', #3031, #844, #2382 ) ;
#1625 =( NAMED_UNIT ( * ) PLANE_ANGLE_UNIT ( ) SI_UNIT ( $, .RADIAN. ) );
#1626 = ORIENTED_EDGE ( 'NONE', *, *, #1531, .F. ) ;
#1627 = VERTEX_POINT ( 'NONE', #869 ) ;
#1628 = UNCERTAINTY_MEASURE_WITH_UNIT (LENGTH_MEASURE( 1.000000000000000082E-05 ), #548, 'distance_accuracy_value', 'NONE');
#1629 = PLANE ( 'NONE',  #651 ) ;
#1630 = ORIENTED_EDGE ( 'NONE', *, *, #1229, .T. ) ;
#1631 = ORIENTED_EDGE ( 'NONE', *, *, #1311, .T. ) ;
#1632 = PRESENTATION_STYLE_ASSIGNMENT (( #1974 ) ) ;
#1633 = VERTEX_POINT ( 'NONE', #279 ) ;
#1634 = EDGE_CURVE ( 'NONE', #414, #1952, #2243, .T. ) ;
#1635 = COLOUR_RGB ( '',0.7921568627450980005, 0.8196078431372548767, 0.9333333333333333481 ) ;
#1636 = FACE_OUTER_BOUND ( 'NONE', #3807, .T. ) ;
#1637 = FACE_OUTER_BOUND ( 'NONE', #753, .T. ) ;
#1638 = FILL_AREA_STYLE ('',( #3176 ) ) ;
#1639 = SURFACE_SIDE_STYLE ('',( #789 ) ) ;
#1640 = VECTOR ( 'NONE', #534, 1000.000000000000000 ) ;
#1641 = DIRECTION ( 'NONE',  ( -0.8660254037844384856, 0.0000000000000000000, -0.5000000000000002220 ) ) ;
#1642 = ADVANCED_FACE ( 'NONE', ( #622 ), #883, .F. ) ;
#1643 = MECHANICAL_DESIGN_GEOMETRIC_PRESENTATION_REPRESENTATION (  '', ( #1242 ), #1857 ) ;
#1644 = AXIS2_PLACEMENT_3D ( 'NONE', #2598, #2954, #1085 ) ;
#1645 = MECHANICAL_DESIGN_GEOMETRIC_PRESENTATION_REPRESENTATION (  '', ( #1021 ), #1859 ) ;
#1646 = CARTESIAN_POINT ( 'NONE',  ( 0.9999999999999995559, -0.1499999999999999667, -0.4999999999999997780 ) ) ;
#1647 = FILL_AREA_STYLE_COLOUR ( '', #930 ) ;
#1648 = ORIENTED_EDGE ( 'NONE', *, *, #2286, .T. ) ;
#1649 = PRESENTATION_STYLE_ASSIGNMENT (( #3019 ) ) ;
#1650 = ADVANCED_FACE ( 'NONE', ( #2974 ), #2140, .F. ) ;
#1651 = CARTESIAN_POINT ( 'NONE',  ( 0.6966946500731371339, 0.2130698337552433264, 0.5817494686829541850 ) ) ;
#1652 = EDGE_CURVE ( 'NONE', #2292, #2904, #1336, .T. ) ;
#1653 = DIRECTION ( 'NONE',  ( 0.0000000000000000000, 0.0000000000000000000, 1.000000000000000000 ) ) ;
#1654 = VECTOR ( 'NONE', #2193, 1000.000000000000000 ) ;
#1655 = ORIENTED_EDGE ( 'NONE', *, *, #2037, .T. ) ;
#1656 = ORIENTED_EDGE ( 'NONE', *, *, #2423, .F. ) ;
#1657 = AXIS2_PLACEMENT_3D ( 'NONE', #3582, #1737, #3902 ) ;
#1658 = EDGE_CURVE ( 'NONE', #3366, #2751, #2154, .T. ) ;
#1659 = EDGE_LOOP ( 'NONE', ( #3367, #2813, #3851, #649 ) ) ;
#1660 = EDGE_LOOP ( 'NONE', ( #850, #1044, #2295, #1003, #3332, #835, #3840 ) ) ;
#1661 = MANIFOLD_SOLID_BREP ( 'Boss-Extrude8', #962 ) ;
#1662 = CARTESIAN_POINT ( 'NONE',  ( 0.6601639316849902128, 0.1458245602484856129, -0.5851639316849903683 ) ) ;
#1663 =( NAMED_UNIT ( * ) PLANE_ANGLE_UNIT ( ) SI_UNIT ( $, .RADIAN. ) );
#1664 = COLOUR_RGB ( '',0.7529411764705882248, 0.7529411764705882248, 0.0000000000000000000 ) ;
#1665 = ORIENTED_EDGE ( 'NONE', *, *, #2313, .F. ) ;
#1666 = ORIENTED_EDGE ( 'NONE', *, *, #1060, .F. ) ;
#1667 = DIRECTION ( 'NONE',  ( -0.0000000000000000000, 1.000000000000000000, -0.0000000000000000000 ) ) ;
#1668 = DIRECTION ( 'NONE',  ( 0.0000000000000000000, -1.000000000000000000, 0.0000000000000000000 ) ) ;
#1669 = CARTESIAN_POINT ( 'NONE',  ( 0.0000000000000000000, 0.1499999999999999944, 0.0000000000000000000 ) ) ;
#1670 = ORIENTED_EDGE ( 'NONE', *, *, #675, .T. ) ;
#1671 = FILL_AREA_STYLE ('',( #3521 ) ) ;
#1672 = AXIS2_PLACEMENT_3D ( 'NONE', #3121, #2831, #63 ) ;
#1673 = FACE_OUTER_BOUND ( 'NONE', #878, .T. ) ;
#1674 = ADVANCED_FACE ( 'NONE', ( #2880 ), #927, .F. ) ;
#1675 = EDGE_CURVE ( 'NONE', #3638, #3760, #1748, .T. ) ;
#1676 = VECTOR ( 'NONE', #3628, 1000.000000000000000 ) ;
#1677 = LINE ( 'NONE', #2042, #67 ) ;
#1678 = VECTOR ( 'NONE', #3665, 1000.000000000000000 ) ;
#1679 = EDGE_CURVE ( 'NONE', #3711, #3671, #717, .T. ) ;
#1680 = DIRECTION ( 'NONE',  ( 0.0000000000000000000, 0.0000000000000000000, -1.000000000000000000 ) ) ;
#1681 = LINE ( 'NONE', #821, #2413 ) ;
#1682 = LINE ( 'NONE', #3596, #3325 ) ;
#1683 = DIRECTION ( 'NONE',  ( -0.0000000000000000000, -1.000000000000000000, -0.0000000000000000000 ) ) ;
#1684 = DIRECTION ( 'NONE',  ( 1.000000000000000000, -0.0000000000000000000, 0.0000000000000000000 ) ) ;
#1685 = LINE ( 'NONE', #885, #3222 ) ;
#1686 = ORIENTED_EDGE ( 'NONE', *, *, #1319, .F. ) ;
#1687 = DIRECTION ( 'NONE',  ( 0.0000000000000000000, 0.0000000000000000000, -1.000000000000000000 ) ) ;
#1688 = DIRECTION ( 'NONE',  ( 0.0000000000000000000, 0.0000000000000000000, 1.000000000000000000 ) ) ;
#1689 = ADVANCED_FACE ( 'NONE', ( #2570 ), #2798, .F. ) ;
#1690 = CARTESIAN_POINT ( 'NONE',  ( -1.000000000000000000, 0.1499999999999999944, 0.4000000000000002998 ) ) ;
#1691 = EDGE_CURVE ( 'NONE', #3050, #961, #3026, .T. ) ;
#1692 = CIRCLE ( 'NONE', #1324, 0.4000000000000000777 ) ;
#1693 = CARTESIAN_POINT ( 'NONE',  ( -0.5999999999999999778, 0.1499999999999999944, -0.2060315014550845869 ) ) ;
#1694 = DIRECTION ( 'NONE',  ( -0.0000000000000000000, -1.000000000000000000, -0.0000000000000000000 ) ) ;
#1695 = VECTOR ( 'NONE', #3694, 1000.000000000000000 ) ;
#1696 = STYLED_ITEM ( 'NONE', ( #121 ), #3906 ) ;
#1697 = DIRECTION ( 'NONE',  ( 1.000000000000000000, 0.0000000000000000000, 0.0000000000000000000 ) ) ;
#1698 = EDGE_CURVE ( 'NONE', #1943, #1149, #2197, .T. ) ;
#1699 = LINE ( 'NONE', #3244, #3235 ) ;
#1700 = VECTOR ( 'NONE', #725, 1000.000000000000000 ) ;
#1701 = ORIENTED_EDGE ( 'NONE', *, *, #1679, .F. ) ;
#1702 = ORIENTED_EDGE ( 'NONE', *, *, #2414, .F. ) ;
#1703 = CARTESIAN_POINT ( 'NONE',  ( 1.299999999999999378, 0.1499999999999999944, 0.2500000000000000000 ) ) ;
#1704 = EDGE_CURVE ( 'NONE', #1581, #130, #672, .T. ) ;
#1705 = ORIENTED_EDGE ( 'NONE', *, *, #1057, .F. ) ;
#1706 = DIRECTION ( 'NONE',  ( -0.5000000000000003331, 0.0000000000000000000, -0.8660254037844385966 ) ) ;
#1707 = ORIENTED_EDGE ( 'NONE', *, *, #2847, .T. ) ;
#1708 = VERTEX_POINT ( 'NONE', #354 ) ;
#1709 = ADVANCED_FACE ( 'NONE', ( #3827 ), #3736, .F. ) ;
#1710 = STYLED_ITEM ( 'NONE', ( #79 ), #1800 ) ;
#1711 = AXIS2_PLACEMENT_3D ( 'NONE', #3528, #2930, #1064 ) ;
#1712 =( LENGTH_UNIT ( ) NAMED_UNIT ( * ) SI_UNIT ( .MILLI., .METRE. ) );
#1713 = SURFACE_STYLE_FILL_AREA ( #3967 ) ;
#1714 = DIRECTION ( 'NONE',  ( 1.000000000000000000, 0.0000000000000000000, 2.587789240124152535E-16 ) ) ;
#1715 = ORIENTED_EDGE ( 'NONE', *, *, #3466, .F. ) ;
#1716 = ORIENTED_EDGE ( 'NONE', *, *, #2136, .T. ) ;
#1717 = AXIS2_PLACEMENT_3D ( 'NONE', #268, #2411, #590 ) ;
#1718 = EDGE_CURVE ( 'NONE', #3361, #96, #2923, .T. ) ;
#1719 = FILL_AREA_STYLE ('',( #1426 ) ) ;
#1720 = LINE ( 'NONE', #3572, #915 ) ;
#1721 = ORIENTED_EDGE ( 'NONE', *, *, #3860, .T. ) ;
#1722 = ORIENTED_EDGE ( 'NONE', *, *, #2583, .T. ) ;
#1723 = LINE ( 'NONE', #2231, #3724 ) ;
#1724 = MECHANICAL_DESIGN_GEOMETRIC_PRESENTATION_REPRESENTATION (  '', ( #506 ), #1934 ) ;
#1725 = SURFACE_STYLE_FILL_AREA ( #3439 ) ;
#1726 = CARTESIAN_POINT ( 'NONE',  ( -1.000000000000000000, 0.09999999999999999167, 0.6250000000000002220 ) ) ;
#1727 = VECTOR ( 'NONE', #3973, 999.9999999999998863 ) ;
#1728 = CARTESIAN_POINT ( 'NONE',  ( -0.5999999999999998668, 0.1499999999999999944, 0.6250000000000002220 ) ) ;
#1729 = EDGE_CURVE ( 'NONE', #130, #2854, #1285, .T. ) ;
#1730 = COLOUR_RGB ( '',0.7529411764705882248, 0.7529411764705882248, 0.0000000000000000000 ) ;
#1731 = LINE ( 'NONE', #809, #1640 ) ;
#1732 = FILL_AREA_STYLE_COLOUR ( '', #3815 ) ;
#1733 =( NAMED_UNIT ( * ) PLANE_ANGLE_UNIT ( ) SI_UNIT ( $, .RADIAN. ) );
#1734 = LINE ( 'NONE', #136, #3383 ) ;
#1735 = DIRECTION ( 'NONE',  ( 1.000000000000000000, -0.0000000000000000000, -0.0000000000000000000 ) ) ;
#1736 = ADVANCED_FACE ( 'NONE', ( #1976 ), #876, .T. ) ;
#1737 = DIRECTION ( 'NONE',  ( -1.000000000000000000, 0.0000000000000000000, 0.0000000000000000000 ) ) ;
#1738 = CARTESIAN_POINT ( 'NONE',  ( 0.1215544456622766889, -0.09999999999999999167, -0.1576794919243112436 ) ) ;
#1739 = DIRECTION ( 'NONE',  ( 2.587789240124152535E-16, 0.0000000000000000000, -1.000000000000000000 ) ) ;
#1740 = CARTESIAN_POINT ( 'NONE',  ( -0.5999999999999998668, 0.1499999999999999944, -0.6250000000000002220 ) ) ;
#1741 = UNCERTAINTY_MEASURE_WITH_UNIT (LENGTH_MEASURE( 1.000000000000000082E-05 ), #198, 'distance_accuracy_value', 'NONE');
#1742 = CARTESIAN_POINT ( 'NONE',  ( -1.000000000000000666, -1.227032961426901325, -0.3499999999999998113 ) ) ;
#1743 = FACE_OUTER_BOUND ( 'NONE', #1261, .T. ) ;
#1744 = EDGE_CURVE ( 'NONE', #1633, #2385, #1692, .T. ) ;
#1745 =( NAMED_UNIT ( * ) SI_UNIT ( $, .STERADIAN. ) SOLID_ANGLE_UNIT ( ) );
#1746 = VERTEX_POINT ( 'NONE', #374 ) ;
#1747 = CYLINDRICAL_SURFACE ( 'NONE', #1523, 0.03999999999999999389 ) ;
#1748 = LINE ( 'NONE', #31, #3394 ) ;
#1749 = CARTESIAN_POINT ( 'NONE',  ( 1.299999999999999378, 0.09999999999999999167, 0.2500000000000000000 ) ) ;
#1750 = FILL_AREA_STYLE_COLOUR ( '', #3212 ) ;
#1751 = VERTEX_POINT ( 'NONE', #2218 ) ;
#1752 = SURFACE_STYLE_FILL_AREA ( #2704 ) ;
#1753 = CARTESIAN_POINT ( 'NONE',  ( 0.9999999999999995559, 0.1499999999999999667, -0.2500000000000000000 ) ) ;
#1754 = LINE ( 'NONE', #819, #125 ) ;
#1755 = PLANE ( 'NONE',  #526 ) ;
#1756 = CARTESIAN_POINT ( 'NONE',  ( -0.5999999999999999778, -0.09999999999999999167, 0.5000000000000002220 ) ) ;
#1757 = DIRECTION ( 'NONE',  ( 3.469446951953614189E-16, 0.0000000000000000000, 1.000000000000000000 ) ) ;
#1758 = LINE ( 'NONE', #1877, #226 ) ;
#1759 = DIRECTION ( 'NONE',  ( 1.000000000000000000, 0.0000000000000000000, 0.0000000000000000000 ) ) ;
#1760 = ORIENTED_EDGE ( 'NONE', *, *, #1915, .F. ) ;
#1761 = DIRECTION ( 'NONE',  ( -0.0000000000000000000, -1.000000000000000000, -0.0000000000000000000 ) ) ;
#1762 = EDGE_CURVE ( 'NONE', #2179, #306, #3340, .T. ) ;
#1763 = ORIENTED_EDGE ( 'NONE', *, *, #446, .F. ) ;
#1764 = PLANE ( 'NONE',  #498 ) ;
#1765 = ORIENTED_EDGE ( 'NONE', *, *, #1991, .F. ) ;
#1766 = DIRECTION ( 'NONE',  ( 0.0000000000000000000, 0.0000000000000000000, -1.000000000000000000 ) ) ;
#1767 = ORIENTED_EDGE ( 'NONE', *, *, #781, .T. ) ;
#1768 = ORIENTED_EDGE ( 'NONE', *, *, #1196, .F. ) ;
#1769 = EDGE_LOOP ( 'NONE', ( #14, #2940, #133, #2241 ) ) ;
#1770 = DIRECTION ( 'NONE',  ( 1.000000000000000000, -0.0000000000000000000, -0.0000000000000000000 ) ) ;
#1771 = ORIENTED_EDGE ( 'NONE', *, *, #2227, .T. ) ;
#1772 = PLANE ( 'NONE',  #3449 ) ;
#1773 = PLANE ( 'NONE',  #1007 ) ;
#1774 = CARTESIAN_POINT ( 'NONE',  ( 0.9999999999999995559, 0.1499999999999999944, 0.2500000000000000000 ) ) ;
#1775 = CYLINDRICAL_SURFACE ( 'NONE', #3868, 0.01999999999999999695 ) ;
#1776 = VERTEX_POINT ( 'NONE', #1308 ) ;
#1777 = VERTEX_POINT ( 'NONE', #2522 ) ;
#1778 = PRESENTATION_LAYER_ASSIGNMENT (  '', '', ( #1967 ) ) ;
#1779 = PRESENTATION_LAYER_ASSIGNMENT (  '', '', ( #1968 ) ) ;
#1780 = VERTEX_POINT ( 'NONE', #2234 ) ;
#1781 = PLANE ( 'NONE',  #1929 ) ;
#1782 = VECTOR ( 'NONE', #2811, 1000.000000000000000 ) ;
#1783 = DIRECTION ( 'NONE',  ( -0.0000000000000000000, 1.000000000000000000, -0.0000000000000000000 ) ) ;
#1784 = CARTESIAN_POINT ( 'NONE',  ( -1.000000000000000222, 0.1499999999999999944, -0.6249999999999997780 ) ) ;
#1785 = CIRCLE ( 'NONE', #1657, 0.03999999999999999389 ) ;
#1786 = CYLINDRICAL_SURFACE ( 'NONE', #2002, 0.01999999999999999695 ) ;
#1787 = CARTESIAN_POINT ( 'NONE',  ( 0.9999999999999995559, -0.09999999999999999167, -0.4999999999999997780 ) ) ;
#1788 = CARTESIAN_POINT ( 'NONE',  ( 0.1515544456622766878, -0.09999999999999999167, 0.1403589838486224706 ) ) ;
#1789 = MECHANICAL_DESIGN_GEOMETRIC_PRESENTATION_REPRESENTATION (  '', ( #1170 ), #1975 ) ;
#1790 = CARTESIAN_POINT ( 'NONE',  ( 1.400000000000000577, -0.09999999999999999167, 0.5000000000000002220 ) ) ;
#1791 = CYLINDRICAL_SURFACE ( 'NONE', #3284, 0.03999999999999998002 ) ;
#1792 = COLOUR_RGB ( '',0.7921568627450980005, 0.8196078431372548767, 0.9333333333333333481 ) ;
#1793 = DIRECTION ( 'NONE',  ( 0.0000000000000000000, -0.0000000000000000000, 1.000000000000000000 ) ) ;
#1794 = FILL_AREA_STYLE_COLOUR ( '', #1730 ) ;
#1795 = CARTESIAN_POINT ( 'NONE',  ( -1.000000000000000222, -0.09999999999999999167, 2.168404344971008868E-16 ) ) ;
#1796 = VECTOR ( 'NONE', #3976, 1000.000000000000000 ) ;
#1797 = EDGE_CURVE ( 'NONE', #2102, #3638, #1613, .T. ) ;
#1798 = CARTESIAN_POINT ( 'NONE',  ( -1.000000000000000222, 0.09999999999999999167, 0.4000000000000002998 ) ) ;
#1799 = FACE_OUTER_BOUND ( 'NONE', #1450, .T. ) ;
#1800 = MANIFOLD_SOLID_BREP ( 'Boss-Extrude3[2]', #3804 ) ;
#1801 = CARTESIAN_POINT ( 'NONE',  ( -1.000000000000000000, -0.9326237921249266316, 0.3500000000000002554 ) ) ;
#1802 = PRESENTATION_STYLE_ASSIGNMENT (( #1379 ) ) ;
#1803 =( GEOMETRIC_REPRESENTATION_CONTEXT ( 3 ) GLOBAL_UNCERTAINTY_ASSIGNED_CONTEXT ( ( #2033 ) ) GLOBAL_UNIT_ASSIGNED_CONTEXT ( ( #316, #2455, #632 ) ) REPRESENTATION_CONTEXT ( 'NONE', 'WORKASPACE' ) );
#1804 = PRESENTATION_LAYER_ASSIGNMENT (  '', '', ( #1400 ) ) ;
#1805 = ORIENTED_EDGE ( 'NONE', *, *, #1367, .F. ) ;
#1806 = DIRECTION ( 'NONE',  ( 3.717264591378872007E-15, 0.0000000000000000000, -1.000000000000000000 ) ) ;
#1807 = DIRECTION ( 'NONE',  ( 1.000000000000000000, -0.0000000000000000000, 0.0000000000000000000 ) ) ;
#1808 = VECTOR ( 'NONE', #1840, 1000.000000000000000 ) ;
#1809 = EDGE_CURVE ( 'NONE', #2853, #1134, #2970, .T. ) ;
#1810 = DIRECTION ( 'NONE',  ( 0.0000000000000000000, 0.0000000000000000000, 1.000000000000000000 ) ) ;
#1811 = DIRECTION ( 'NONE',  ( 0.0000000000000000000, 0.0000000000000000000, -1.000000000000000000 ) ) ;
#1812 = CARTESIAN_POINT ( 'NONE',  ( -0.6410783056181883488, 0.5100000000000001199, 0.5660783056181885042 ) ) ;
#1813 = PRESENTATION_STYLE_ASSIGNMENT (( #1438 ) ) ;
#1814 =( GEOMETRIC_REPRESENTATION_CONTEXT ( 3 ) GLOBAL_UNCERTAINTY_ASSIGNED_CONTEXT ( ( #3773 ) ) GLOBAL_UNIT_ASSIGNED_CONTEXT ( ( #2715, #848, #3035 ) ) REPRESENTATION_CONTEXT ( 'NONE', 'WORKASPACE' ) );
#1815 = ORIENTED_EDGE ( 'NONE', *, *, #3881, .F. ) ;
#1816 = STYLED_ITEM ( 'NONE', ( #2597 ), #2990 ) ;
#1817 = FILL_AREA_STYLE_COLOUR ( '', #1004 ) ;
#1818 = EDGE_CURVE ( 'NONE', #286, #3417, #3968, .T. ) ;
#1819 = DIRECTION ( 'NONE',  ( -1.000000000000000000, 0.0000000000000000000, 1.084202172485503448E-15 ) ) ;
#1820 = EDGE_LOOP ( 'NONE', ( #2, #1300, #1034, #2632, #426, #2501, #3419 ) ) ;
#1821 = SURFACE_SIDE_STYLE ('',( #271 ) ) ;
#1822 = VERTEX_POINT ( 'NONE', #718 ) ;
#1823 = DIRECTION ( 'NONE',  ( 0.0000000000000000000, 0.0000000000000000000, -1.000000000000000000 ) ) ;
#1824 = VERTEX_POINT ( 'NONE', #2874 ) ;
#1825 = DIRECTION ( 'NONE',  ( -1.000000000000000000, 0.0000000000000000000, 1.084202172485503448E-15 ) ) ;
#1826 =( NAMED_UNIT ( * ) PLANE_ANGLE_UNIT ( ) SI_UNIT ( $, .RADIAN. ) );
#1827 = CARTESIAN_POINT ( 'NONE',  ( -1.000000000000000444, 0.1499999999999999944, -0.6249999999999997780 ) ) ;
#1828 = VERTEX_POINT ( 'NONE', #3167 ) ;
#1829 = FILL_AREA_STYLE ('',( #2750 ) ) ;
#1830 = ORIENTED_EDGE ( 'NONE', *, *, #1478, .F. ) ;
#1831 = CARTESIAN_POINT ( 'NONE',  ( 0.0000000000000000000, 0.1499999999999999944, 0.0000000000000000000 ) ) ;
#1832 = CARTESIAN_POINT ( 'NONE',  ( 0.6999999999999999556, 0.09999999999999999167, -0.2500000000000000000 ) ) ;
#1833 = VECTOR ( 'NONE', #3944, 1000.000000000000000 ) ;
#1834 = ORIENTED_EDGE ( 'NONE', *, *, #2956, .T. ) ;
#1835 = ORIENTED_EDGE ( 'NONE', *, *, #1981, .F. ) ;
#1836 = CARTESIAN_POINT ( 'NONE',  ( -0.6563397331227101006, 0.2208880539860881009, -0.6212849145128930273 ) ) ;
#1837 = LINE ( 'NONE', #538, #3254 ) ;
#1838 = CARTESIAN_POINT ( 'NONE',  ( -0.9999999999999995559, -0.9326237921249266316, -0.2000000000000002331 ) ) ;
#1839 = ORIENTED_EDGE ( 'NONE', *, *, #2278, .F. ) ;
#1840 = DIRECTION ( 'NONE',  ( -1.000000000000000000, 0.0000000000000000000, 1.084202172485504434E-16 ) ) ;
#1841 = LINE ( 'NONE', #1891, #3468 ) ;
#1842 = DIRECTION ( 'NONE',  ( 0.0000000000000000000, 0.0000000000000000000, 1.000000000000000000 ) ) ;
#1843 = AXIS2_PLACEMENT_3D ( 'NONE', #860, #3333, #1505 ) ;
#1844 = SURFACE_STYLE_USAGE ( .BOTH. , #3693 ) ;
#1845 = CARTESIAN_POINT ( 'NONE',  ( 0.1515544456622766878, -0.09999999999999999167, 0.1403589838486224706 ) ) ;
#1846 = FILL_AREA_STYLE ('',( #304 ) ) ;
#1847 = LINE ( 'NONE', #3348, #1107 ) ;
#1848 = PRESENTATION_STYLE_ASSIGNMENT (( #1403 ) ) ;
#1849 = CARTESIAN_POINT ( 'NONE',  ( -0.6999999999999999556, 0.1499999999999999944, -0.5850548186098173398 ) ) ;
#1850 = EDGE_CURVE ( 'NONE', #3040, #2475, #2876, .T. ) ;
#1851 = CARTESIAN_POINT ( 'NONE',  ( -1.000000000000000000, -0.1499999999999999667, 0.5000000000000002220 ) ) ;
#1852 = CARTESIAN_POINT ( 'NONE',  ( -1.000000000000000444, 0.1499999999999999944, -0.3499999999999998113 ) ) ;
#1853 = PLANE ( 'NONE',  #2160 ) ;
#1854 = CARTESIAN_POINT ( 'NONE',  ( 0.9999999999999995559, -0.1000000000000000472, 0.2000000000000002331 ) ) ;
#1855 = LINE ( 'NONE', #3395, #1937 ) ;
#1856 = CARTESIAN_POINT ( 'NONE',  ( -1.000000000000000000, -0.09999999999999999167, 0.5000000000000002220 ) ) ;
#1857 =( GEOMETRIC_REPRESENTATION_CONTEXT ( 3 ) GLOBAL_UNCERTAINTY_ASSIGNED_CONTEXT ( ( #2947 ) ) GLOBAL_UNIT_ASSIGNED_CONTEXT ( ( #2716, #849, #3037 ) ) REPRESENTATION_CONTEXT ( 'NONE', 'WORKASPACE' ) );
#1858 = STYLED_ITEM ( 'NONE', ( #3437 ), #1970 ) ;
#1859 =( GEOMETRIC_REPRESENTATION_CONTEXT ( 3 ) GLOBAL_UNCERTAINTY_ASSIGNED_CONTEXT ( ( #686 ) ) GLOBAL_UNIT_ASSIGNED_CONTEXT ( ( #1428, #2955, #825 ) ) REPRESENTATION_CONTEXT ( 'NONE', 'WORKASPACE' ) );
#1860 = DIRECTION ( 'NONE',  ( -1.000000000000000000, 0.0000000000000000000, 0.0000000000000000000 ) ) ;
#1861 = CIRCLE ( 'NONE', #3673, 0.02000000000000002470 ) ;
#1862 = VECTOR ( 'NONE', #2047, 1000.000000000000000 ) ;
#1863 = CARTESIAN_POINT ( 'NONE',  ( 0.0000000000000000000, 0.5500000000000000444, -0.5660783056181885042 ) ) ;
#1864 = DIRECTION ( 'NONE',  ( -1.000000000000000000, 0.0000000000000000000, 0.0000000000000000000 ) ) ;
#1865 = EDGE_LOOP ( 'NONE', ( #2983, #1648, #2499, #186 ) ) ;
#1866 = DIRECTION ( 'NONE',  ( 0.0000000000000000000, 0.9986295347545739443, 0.05233595624294388321 ) ) ;
#1867 = LINE ( 'NONE', #351, #1654 ) ;
#1868 = ORIENTED_EDGE ( 'NONE', *, *, #1698, .T. ) ;
#1869 = AXIS2_PLACEMENT_3D ( 'NONE', #2961, #1096, #3238 ) ;
#1870 = VERTEX_POINT ( 'NONE', #3472 ) ;
#1871 = EDGE_LOOP ( 'NONE', ( #407, #1771, #3204, #732 ) ) ;
#1872 = CARTESIAN_POINT ( 'NONE',  ( -1.000000000000000000, -1.227032961426901325, 0.5000000000000002220 ) ) ;
#1873 =( NAMED_UNIT ( * ) SI_UNIT ( $, .STERADIAN. ) SOLID_ANGLE_UNIT ( ) );
#1874 = ORIENTED_EDGE ( 'NONE', *, *, #3225, .F. ) ;
#1875 = EDGE_LOOP ( 'NONE', ( #3936, #50, #3447, #2749 ) ) ;
#1876 = ORIENTED_EDGE ( 'NONE', *, *, #309, .T. ) ;
#1877 = CARTESIAN_POINT ( 'NONE',  ( 0.9999999999999995559, -0.1499999999999999944, 0.6250000000000000000 ) ) ;
#1878 = DIRECTION ( 'NONE',  ( 0.0000000000000000000, 1.000000000000000000, -0.0000000000000000000 ) ) ;
#1879 = EDGE_CURVE ( 'NONE', #1086, #2981, #1331, .T. ) ;
#1880 = LINE ( 'NONE', #3904, #141 ) ;
#1881 = ORIENTED_EDGE ( 'NONE', *, *, #1304, .F. ) ;
#1882 = ORIENTED_EDGE ( 'NONE', *, *, #1729, .T. ) ;
#1883 = ORIENTED_EDGE ( 'NONE', *, *, #1797, .T. ) ;
#1884 = CARTESIAN_POINT ( 'NONE',  ( -0.6834674183081290710, 0.1499999999999999944, -0.6250000000000003331 ) ) ;
#1885 = AXIS2_PLACEMENT_3D ( 'NONE', #3540, #484, #2629 ) ;
#1886 = LINE ( 'NONE', #1219, #3510 ) ;
#1887 = VECTOR ( 'NONE', #3558, 1000.000000000000000 ) ;
#1888 = DIRECTION ( 'NONE',  ( -0.05226442768871442796, 0.9972646886342374506, -0.05226442768871414346 ) ) ;
#1889 = EDGE_CURVE ( 'NONE', #905, #3613, #3695, .T. ) ;
#1890 = COLOUR_RGB ( '',0.7529411764705882248, 0.7529411764705882248, 0.0000000000000000000 ) ;
#1891 = CARTESIAN_POINT ( 'NONE',  ( 0.1515544456622766878, -0.1499999999999999944, 0.1403589838486224706 ) ) ;
#1892 = DIRECTION ( 'NONE',  ( 1.000000000000000000, 0.0000000000000000000, 0.0000000000000000000 ) ) ;
#1893 = LINE ( 'NONE', #507, #3735 ) ;
#1894 = PRESENTATION_STYLE_ASSIGNMENT (( #1236 ) ) ;
#1895 = MECHANICAL_DESIGN_GEOMETRIC_PRESENTATION_REPRESENTATION (  '', ( #1486 ), #2092 ) ;
#1896 = EDGE_CURVE ( 'NONE', #1186, #3092, #2027, .T. ) ;
#1897 = PRODUCT_DEFINITION_SHAPE ( 'NONE', 'NONE',  #1013 ) ;
#1898 = LINE ( 'NONE', #3233, #1065 ) ;
#1899 = EDGE_CURVE ( 'NONE', #2981, #2944, #1227, .T. ) ;
#1900 =( LENGTH_UNIT ( ) NAMED_UNIT ( * ) SI_UNIT ( .MILLI., .METRE. ) );
#1901 = CIRCLE ( 'NONE', #565, 0.3500000000000000333 ) ;
#1902 =( LENGTH_UNIT ( ) NAMED_UNIT ( * ) SI_UNIT ( .MILLI., .METRE. ) );
#1903 = CYLINDRICAL_SURFACE ( 'NONE', #982, 0.2000000000000002331 ) ;
#1904 = ADVANCED_FACE ( 'NONE', ( #3480 ), #116, .F. ) ;
#1905 = AXIS2_PLACEMENT_3D ( 'NONE', #1669, #3836, #1972 ) ;
#1906 = UNCERTAINTY_MEASURE_WITH_UNIT (LENGTH_MEASURE( 1.000000000000000082E-05 ), #1316, 'distance_accuracy_value', 'NONE');
#1907 = ORIENTED_EDGE ( 'NONE', *, *, #2886, .F. ) ;
#1908 = EDGE_CURVE ( 'NONE', #3172, #3418, #3576, .T. ) ;
#1909 = ORIENTED_EDGE ( 'NONE', *, *, #716, .F. ) ;
#1910 = VERTEX_POINT ( 'NONE', #1364 ) ;
#1911 = DIRECTION ( 'NONE',  ( 0.0000000000000000000, -1.000000000000000000, 0.0000000000000000000 ) ) ;
#1912 = ORIENTED_EDGE ( 'NONE', *, *, #1936, .T. ) ;
#1913 = EDGE_LOOP ( 'NONE', ( #531, #3458, #543, #2217, #3249, #437 ) ) ;
#1914 = AXIS2_PLACEMENT_3D ( 'NONE', #1580, #2200, #361 ) ;
#1915 = EDGE_CURVE ( 'NONE', #3172, #3720, #1022, .T. ) ;
#1916 = VECTOR ( 'NONE', #2727, 1000.000000000000000 ) ;
#1917 = ORIENTED_EDGE ( 'NONE', *, *, #918, .T. ) ;
#1918 = ORIENTED_EDGE ( 'NONE', *, *, #2705, .T. ) ;
#1919 = UNCERTAINTY_MEASURE_WITH_UNIT (LENGTH_MEASURE( 1.000000000000000082E-05 ), #2398, 'distance_accuracy_value', 'NONE');
#1920 = CARTESIAN_POINT ( 'NONE',  ( 0.9999999999999995559, 0.1499999999999999944, -0.6250000000000000000 ) ) ;
#1921 = ORIENTED_EDGE ( 'NONE', *, *, #1896, .F. ) ;
#1922 = ORIENTED_EDGE ( 'NONE', *, *, #285, .F. ) ;
#1923 = EDGE_CURVE ( 'NONE', #1746, #2396, #1855, .T. ) ;
#1924 = LINE ( 'NONE', #2183, #1104 ) ;
#1925 = ADVANCED_FACE ( 'NONE', ( #1743 ), #144, .F. ) ;
#1926 = PRESENTATION_LAYER_ASSIGNMENT (  '', '', ( #1710 ) ) ;
#1927 = AXIS2_PLACEMENT_3D ( 'NONE', #3634, #1487, #3647 ) ;
#1928 = FACE_OUTER_BOUND ( 'NONE', #998, .T. ) ;
#1929 = AXIS2_PLACEMENT_3D ( 'NONE', #3039, #1173, #3324 ) ;
#1930 = VECTOR ( 'NONE', #3221, 1000.000000000000000 ) ;
#1931 = EDGE_CURVE ( 'NONE', #958, #3173, #1473, .T. ) ;
#1932 = DIRECTION ( 'NONE',  ( -1.000000000000000000, 0.0000000000000000000, 0.0000000000000000000 ) ) ;
#1933 = DIRECTION ( 'NONE',  ( -1.000000000000000000, 0.0000000000000000000, 1.084202172485504434E-16 ) ) ;
#1934 =( GEOMETRIC_REPRESENTATION_CONTEXT ( 3 ) GLOBAL_UNCERTAINTY_ASSIGNED_CONTEXT ( ( #2768 ) ) GLOBAL_UNIT_ASSIGNED_CONTEXT ( ( #3435, #1593, #3754 ) ) REPRESENTATION_CONTEXT ( 'NONE', 'WORKASPACE' ) );
#1935 = STYLED_ITEM ( 'NONE', ( #3726 ), #3189 ) ;
#1936 = EDGE_CURVE ( 'NONE', #2105, #1633, #3921, .T. ) ;
#1937 = VECTOR ( 'NONE', #2288, 1000.000000000000000 ) ;
#1938 = ADVANCED_FACE ( 'NONE', ( #2276 ), #1172, .T. ) ;
#1939 = SURFACE_STYLE_USAGE ( .BOTH. , #3800 ) ;
#1940 = VECTOR ( 'NONE', #2343, 1000.000000000000000 ) ;
#1941 = ORIENTED_EDGE ( 'NONE', *, *, #3466, .T. ) ;
#1942 = VECTOR ( 'NONE', #3692, 1000.000000000000000 ) ;
#1943 = VERTEX_POINT ( 'NONE', #1418 ) ;
#1944 = EDGE_CURVE ( 'NONE', #2901, #803, #1898, .T. ) ;
#1945 = AXIS2_PLACEMENT_3D ( 'NONE', #613, #2757, #892 ) ;
#1946 = CARTESIAN_POINT ( 'NONE',  ( -0.6410783056181883488, 0.5100000000000001199, -0.5660783056181885042 ) ) ;
#1947 = ORIENTED_EDGE ( 'NONE', *, *, #1944, .T. ) ;
#1948 = EDGE_LOOP ( 'NONE', ( #2552, #3205, #2170, #2109 ) ) ;
#1949 = CARTESIAN_POINT ( 'NONE',  ( -1.000000000000000666, -0.1499999999999999667, -0.3499999999999998113 ) ) ;
#1950 = FILL_AREA_STYLE_COLOUR ( '', #500 ) ;
#1951 = ORIENTED_EDGE ( 'NONE', *, *, #270, .T. ) ;
#1952 = VERTEX_POINT ( 'NONE', #182 ) ;
#1953 = ORIENTED_EDGE ( 'NONE', *, *, #2313, .T. ) ;
#1954 = DIRECTION ( 'NONE',  ( 0.8660254037844385966, 0.0000000000000000000, -0.5000000000000001110 ) ) ;
#1955 = ADVANCED_FACE ( 'NONE', ( #267 ), #2012, .T. ) ;
#1956 = FACE_OUTER_BOUND ( 'NONE', #2340, .T. ) ;
#1957 = EDGE_LOOP ( 'NONE', ( #1093, #2938, #964, #2177, #3097, #238 ) ) ;
#1958 = ORIENTED_EDGE ( 'NONE', *, *, #3414, .T. ) ;
#1959 = ORIENTED_EDGE ( 'NONE', *, *, #3136, .F. ) ;
#1960 = EDGE_CURVE ( 'NONE', #1149, #2987, #2723, .T. ) ;
#1961 = EDGE_LOOP ( 'NONE', ( #808, #1909, #3597, #93 ) ) ;
#1962 = CIRCLE ( 'NONE', #234, 0.2000000000000002331 ) ;
#1963 = PLANE ( 'NONE',  #1905 ) ;
#1964 = SURFACE_STYLE_FILL_AREA ( #2667 ) ;
#1965 = UNCERTAINTY_MEASURE_WITH_UNIT (LENGTH_MEASURE( 1.000000000000000082E-05 ), #3070, 'distance_accuracy_value', 'NONE');
#1966 = FACE_OUTER_BOUND ( 'NONE', #635, .T. ) ;
#1967 = STYLED_ITEM ( 'NONE', ( #3855 ), #806 ) ;
#1968 = STYLED_ITEM ( 'NONE', ( #1894 ), #2237 ) ;
#1969 = LINE ( 'NONE', #611, #1061 ) ;
#1970 = ADVANCED_FACE ( 'NONE', ( #1799 ), #1791, .T. ) ;
#1971 = CARTESIAN_POINT ( 'NONE',  ( -1.000000000000000222, 0.09999999999999999167, 2.168404344971008868E-16 ) ) ;
#1972 = DIRECTION ( 'NONE',  ( 0.0000000000000000000, -0.0000000000000000000, -1.000000000000000000 ) ) ;
#1973 = CARTESIAN_POINT ( 'NONE',  ( 0.1215544456622767028, -0.09999999999999999167, 0.1576794919243112436 ) ) ;
#1974 = SURFACE_STYLE_USAGE ( .BOTH. , #3838 ) ;
#1975 =( GEOMETRIC_REPRESENTATION_CONTEXT ( 3 ) GLOBAL_UNCERTAINTY_ASSIGNED_CONTEXT ( ( #480 ) ) GLOBAL_UNIT_ASSIGNED_CONTEXT ( ( #2134, #292, #2433 ) ) REPRESENTATION_CONTEXT ( 'NONE', 'WORKASPACE' ) );
#1976 = FACE_OUTER_BOUND ( 'NONE', #994, .T. ) ;
#1977 = PRESENTATION_STYLE_ASSIGNMENT (( #2139 ) ) ;
#1978 =( NAMED_UNIT ( * ) PLANE_ANGLE_UNIT ( ) SI_UNIT ( $, .RADIAN. ) );
#1979 = DIRECTION ( 'NONE',  ( 0.0000000000000000000, -1.000000000000000000, 0.0000000000000000000 ) ) ;
#1980 = CARTESIAN_POINT ( 'NONE',  ( -1.000000000000000222, -0.09999999999999999167, 2.168404344971008868E-16 ) ) ;
#1981 = EDGE_CURVE ( 'NONE', #2693, #1995, #1058, .T. ) ;
#1982 = DIRECTION ( 'NONE',  ( -1.000000000000000000, 0.0000000000000000000, 0.0000000000000000000 ) ) ;
#1983 = CARTESIAN_POINT ( 'NONE',  ( 0.5999999999999999778, -0.09999999999999999167, 0.5000000000000002220 ) ) ;
#1984 = VERTEX_POINT ( 'NONE', #1119 ) ;
#1985 = ADVANCED_FACE ( 'NONE', ( #258 ), #1441, .T. ) ;
#1986 = ORIENTED_EDGE ( 'NONE', *, *, #1402, .T. ) ;
#1987 = EDGE_LOOP ( 'NONE', ( #683, #1135, #472, #1868, #94, #3604 ) ) ;
#1988 = CARTESIAN_POINT ( 'NONE',  ( 0.9999999999999995559, 0.1499999999999999944, -0.6250000000000000000 ) ) ;
#1989 = MECHANICAL_DESIGN_GEOMETRIC_PRESENTATION_REPRESENTATION (  '', ( #1400 ), #2225 ) ;
#1990 = VERTEX_POINT ( 'NONE', #2982 ) ;
#1991 = EDGE_CURVE ( 'NONE', #3613, #524, #155, .T. ) ;
#1992 = VERTEX_POINT ( 'NONE', #816 ) ;
#1993 = FILL_AREA_STYLE ('',( #3822 ) ) ;
#1994 = SURFACE_SIDE_STYLE ('',( #666 ) ) ;
#1995 = VERTEX_POINT ( 'NONE', #1130 ) ;
#1996 = CARTESIAN_POINT ( 'NONE',  ( 0.1315544456622766700, -0.09999999999999999167, 0.1403589838486224151 ) ) ;
#1997 = LINE ( 'NONE', #2356, #1916 ) ;
#1998 = ORIENTED_EDGE ( 'NONE', *, *, #3871, .T. ) ;
#1999 = ORIENTED_EDGE ( 'NONE', *, *, #3690, .F. ) ;
#2000 = CARTESIAN_POINT ( 'NONE',  ( 0.6601639316849902128, 0.1479179984982033902, -0.6251091130751733616 ) ) ;
#2001 = DIRECTION ( 'NONE',  ( -1.000000000000000000, 0.0000000000000000000, 0.0000000000000000000 ) ) ;
#2002 = AXIS2_PLACEMENT_3D ( 'NONE', #3591, #2363, #2689 ) ;
#2003 = ORIENTED_EDGE ( 'NONE', *, *, #1267, .F. ) ;
#2004 = EDGE_CURVE ( 'NONE', #2483, #951, #1682, .T. ) ;
#2005 = ORIENTED_EDGE ( 'NONE', *, *, #2670, .F. ) ;
#2006 = LINE ( 'NONE', #3674, #1310 ) ;
#2007 = CARTESIAN_POINT ( 'NONE',  ( 0.6600548186098170733, 0.1499999999999999944, -0.6250000000000002220 ) ) ;
#2008 = DIRECTION ( 'NONE',  ( 0.0000000000000000000, -0.0000000000000000000, 1.000000000000000000 ) ) ;
#2009 = VECTOR ( 'NONE', #1864, 1000.000000000000000 ) ;
#2010 = FACE_OUTER_BOUND ( 'NONE', #2672, .T. ) ;
#2011 = VECTOR ( 'NONE', #924, 1000.000000000000000 ) ;
#2012 = PLANE ( 'NONE',  #2050 ) ;
#2013 = ADVANCED_FACE ( 'NONE', ( #2600 ), #2058, .F. ) ;
#2014 = DIRECTION ( 'NONE',  ( -0.0000000000000000000, 1.000000000000000000, -0.0000000000000000000 ) ) ;
#2015 = FACE_OUTER_BOUND ( 'NONE', #3256, .T. ) ;
#2016 = VECTOR ( 'NONE', #3632, 1000.000000000000000 ) ;
#2017 = LINE ( 'NONE', #1790, #3564 ) ;
#2018 = CARTESIAN_POINT ( 'NONE',  ( 0.9999999999999995559, 0.7330951894845298966, 0.2500000000000000000 ) ) ;
#2019 = FACE_OUTER_BOUND ( 'NONE', #1353, .T. ) ;
#2020 = UNCERTAINTY_MEASURE_WITH_UNIT (LENGTH_MEASURE( 1.000000000000000082E-05 ), #2349, 'distance_accuracy_value', 'NONE');
#2021 = PLANE ( 'NONE',  #2067 ) ;
#2022 = PRESENTATION_STYLE_ASSIGNMENT (( #432 ) ) ;
#2023 = ORIENTED_EDGE ( 'NONE', *, *, #1095, .F. ) ;
#2024 =( NAMED_UNIT ( * ) SI_UNIT ( $, .STERADIAN. ) SOLID_ANGLE_UNIT ( ) );
#2025 = SURFACE_STYLE_USAGE ( .BOTH. , #3884 ) ;
#2026 = CARTESIAN_POINT ( 'NONE',  ( 0.9999999999999995559, 0.09999999999999999167, 0.2000000000000002331 ) ) ;
#2027 = LINE ( 'NONE', #1347, #2784 ) ;
#2028 = ORIENTED_EDGE ( 'NONE', *, *, #3819, .F. ) ;
#2029 = SURFACE_SIDE_STYLE ('',( #3308 ) ) ;
#2030 = FILL_AREA_STYLE ('',( #2973 ) ) ;
#2031 = COLOUR_RGB ( '',0.7921568627450980005, 0.8196078431372548767, 0.9333333333333333481 ) ;
#2032 = CARTESIAN_POINT ( 'NONE',  ( -0.1215544456622767167, -0.09999999999999999167, 0.01732050807568877998 ) ) ;
#2033 = UNCERTAINTY_MEASURE_WITH_UNIT (LENGTH_MEASURE( 1.000000000000000082E-05 ), #316, 'distance_accuracy_value', 'NONE');
#2034 = ADVANCED_FACE ( 'NONE', ( #1413 ), #2133, .T. ) ;
#2035 = PLANE ( 'NONE',  #3941 ) ;
#2036 = SURFACE_SIDE_STYLE ('',( #3009 ) ) ;
#2037 = EDGE_CURVE ( 'NONE', #3500, #1751, #3776, .T. ) ;
#2038 = FACE_OUTER_BOUND ( 'NONE', #1238, .T. ) ;
#2039 = DIRECTION ( 'NONE',  ( 3.469446951953614189E-16, 0.0000000000000000000, 1.000000000000000000 ) ) ;
#2040 = LINE ( 'NONE', #899, #1942 ) ;
#2041 = PLANE ( 'NONE',  #2473 ) ;
#2042 = CARTESIAN_POINT ( 'NONE',  ( 0.9999999999999995559, 0.09999999999999999167, -0.6250000000000000000 ) ) ;
#2043 = VERTEX_POINT ( 'NONE', #561 ) ;
#2044 = ORIENTED_EDGE ( 'NONE', *, *, #3516, .T. ) ;
#2045 = CARTESIAN_POINT ( 'NONE',  ( 0.9999999999999995559, -0.09999999999999999167, -0.4999999999999997780 ) ) ;
#2046 = ORIENTED_EDGE ( 'NONE', *, *, #488, .T. ) ;
#2047 = DIRECTION ( 'NONE',  ( -0.0000000000000000000, -0.0000000000000000000, -1.000000000000000000 ) ) ;
#2048 = ORIENTED_EDGE ( 'NONE', *, *, #1691, .T. ) ;
#2049 =( NAMED_UNIT ( * ) SI_UNIT ( $, .STERADIAN. ) SOLID_ANGLE_UNIT ( ) );
#2050 = AXIS2_PLACEMENT_3D ( 'NONE', #3872, #501, #2645 ) ;
#2051 = DIRECTION ( 'NONE',  ( 1.445602896647339706E-15, 0.0000000000000000000, -1.000000000000000000 ) ) ;
#2052 = CARTESIAN_POINT ( 'NONE',  ( 0.9999999999999995559, -0.1499999999999999944, -0.6250000000000000000 ) ) ;
#2053 = EDGE_LOOP ( 'NONE', ( #1011, #2935, #233, #3837 ) ) ;
#2054 = VECTOR ( 'NONE', #1504, 1000.000000000000000 ) ;
#2055 = CARTESIAN_POINT ( 'NONE',  ( -0.9999999999999995559, 0.1499999999999999944, 0.0000000000000000000 ) ) ;
#2056 = ORIENTED_EDGE ( 'NONE', *, *, #1679, .T. ) ;
#2057 = ORIENTED_EDGE ( 'NONE', *, *, #3226, .T. ) ;
#2058 = PLANE ( 'NONE',  #744 ) ;
#2059 = LINE ( 'NONE', #3005, #1359 ) ;
#2060 = VERTEX_POINT ( 'NONE', #3307 ) ;
#2061 = ORIENTED_EDGE ( 'NONE', *, *, #1899, .F. ) ;
#2062 = FILL_AREA_STYLE ('',( #1750 ) ) ;
#2063 = CARTESIAN_POINT ( 'NONE',  ( -1.000000000000000444, -0.09999999999999999167, -0.4999999999999997780 ) ) ;
#2064 = SURFACE_STYLE_USAGE ( .BOTH. , #3913 ) ;
#2065 = PRESENTATION_STYLE_ASSIGNMENT (( #1327 ) ) ;
#2066 = DIRECTION ( 'NONE',  ( -0.0000000000000000000, -1.000000000000000000, -0.0000000000000000000 ) ) ;
#2067 = AXIS2_PLACEMENT_3D ( 'NONE', #2325, #508, #2652 ) ;
#2068 = DIRECTION ( 'NONE',  ( -1.000000000000000000, 0.0000000000000000000, 0.0000000000000000000 ) ) ;
#2069 = SURFACE_STYLE_FILL_AREA ( #948 ) ;
#2070 = DIRECTION ( 'NONE',  ( 1.000000000000000000, 0.0000000000000000000, -0.0000000000000000000 ) ) ;
#2071 = VECTOR ( 'NONE', #755, 1000.000000000000000 ) ;
#2072 = SURFACE_SIDE_STYLE ('',( #3218 ) ) ;
#2073 = PRESENTATION_STYLE_ASSIGNMENT (( #261 ) ) ;
#2074 = SURFACE_STYLE_USAGE ( .BOTH. , #3922 ) ;
#2075 = FACE_OUTER_BOUND ( 'NONE', #3498, .T. ) ;
#2076 = EDGE_CURVE ( 'NONE', #2647, #2679, #609, .T. ) ;
#2077 = FACE_OUTER_BOUND ( 'NONE', #956, .T. ) ;
#2078 = DIRECTION ( 'NONE',  ( 0.0000000000000000000, 0.0000000000000000000, 1.000000000000000000 ) ) ;
#2079 = CARTESIAN_POINT ( 'NONE',  ( -0.6810234870083712311, 0.5120934382497178694, -0.6250000000000002220 ) ) ;
#2080 = PLANE ( 'NONE',  #935 ) ;
#2081 = DIRECTION ( 'NONE',  ( 1.000000000000000000, 0.0000000000000000000, 0.0000000000000000000 ) ) ;
#2082 = DIRECTION ( 'NONE',  ( 0.0000000000000000000, 0.0000000000000000000, 1.000000000000000000 ) ) ;
#2083 = DIRECTION ( 'NONE',  ( -1.000000000000000000, 0.0000000000000000000, 0.0000000000000000000 ) ) ;
#2084 = AXIS2_PLACEMENT_3D ( 'NONE', #2354, #530, #2675 ) ;
#2085 = FILL_AREA_STYLE ('',( #1794 ) ) ;
#2086 = EDGE_CURVE ( 'NONE', #2644, #2846, #2958, .T. ) ;
#2087 = SURFACE_STYLE_USAGE ( .BOTH. , #3935 ) ;
#2088 = CIRCLE ( 'NONE', #2761, 0.4000000000000000777 ) ;
#2089 = SURFACE_STYLE_FILL_AREA ( #2510 ) ;
#2090 = LINE ( 'NONE', #1515, #1288 ) ;
#2091 = SURFACE_SIDE_STYLE ('',( #2911 ) ) ;
#2092 =( GEOMETRIC_REPRESENTATION_CONTEXT ( 3 ) GLOBAL_UNCERTAINTY_ASSIGNED_CONTEXT ( ( #2274 ) ) GLOBAL_UNIT_ASSIGNED_CONTEXT ( ( #1902, #78, #2224 ) ) REPRESENTATION_CONTEXT ( 'NONE', 'WORKASPACE' ) );
#2093 = UNCERTAINTY_MEASURE_WITH_UNIT (LENGTH_MEASURE( 1.000000000000000082E-05 ), #2341, 'distance_accuracy_value', 'NONE');
#2094 = DIRECTION ( 'NONE',  ( -0.0000000000000000000, -1.000000000000000000, -0.0000000000000000000 ) ) ;
#2095 = EDGE_CURVE ( 'NONE', #1039, #2939, #2869, .T. ) ;
#2096 = SURFACE_SIDE_STYLE ('',( #3029 ) ) ;
#2097 = SURFACE_STYLE_FILL_AREA ( #2859 ) ;
#2098 = PLANE ( 'NONE',  #2863 ) ;
#2099 = PLANE ( 'NONE',  #3727 ) ;
#2100 = DIRECTION ( 'NONE',  ( 0.0000000000000000000, 0.0000000000000000000, -1.000000000000000000 ) ) ;
#2101 = ORIENTED_EDGE ( 'NONE', *, *, #1350, .F. ) ;
#2102 = VERTEX_POINT ( 'NONE', #3041 ) ;
#2103 = CARTESIAN_POINT ( 'NONE',  ( 0.9999999999999995559, 0.7330951894845298966, 0.2000000000000002331 ) ) ;
#2104 = DIRECTION ( 'NONE',  ( 1.000000000000000000, 0.0000000000000000000, 0.0000000000000000000 ) ) ;
#2105 = VERTEX_POINT ( 'NONE', #3326 ) ;
#2106 = CARTESIAN_POINT ( 'NONE',  ( 0.6999999999999999556, 0.1499999999999999944, -0.6250000000000002220 ) ) ;
#2107 = VERTEX_POINT ( 'NONE', #1498 ) ;
#2108 = ORIENTED_EDGE ( 'NONE', *, *, #466, .T. ) ;
#2109 = ORIENTED_EDGE ( 'NONE', *, *, #3008, .T. ) ;
#2110 = CARTESIAN_POINT ( 'NONE',  ( -0.9999999999999995559, -0.9326237921249266316, 0.0000000000000000000 ) ) ;
#2111 = CARTESIAN_POINT ( 'NONE',  ( -0.5999999999999999778, 0.1499999999999999944, 0.2060315014550845869 ) ) ;
#2112 = CARTESIAN_POINT ( 'NONE',  ( 0.6810234870083712311, 0.5120934382497178694, -0.5660783056181885042 ) ) ;
#2113 = DIRECTION ( 'NONE',  ( -9.637352644315598694E-16, 0.0000000000000000000, 1.000000000000000000 ) ) ;
#2114 = CYLINDRICAL_SURFACE ( 'NONE', #1711, 0.4000000000000000777 ) ;
#2115 = ORIENTED_EDGE ( 'NONE', *, *, #2804, .F. ) ;
#2116 = ORIENTED_EDGE ( 'NONE', *, *, #870, .T. ) ;
#2117 = AXIS2_PLACEMENT_3D ( 'NONE', #105, #2246, #404 ) ;
#2118 = DIRECTION ( 'NONE',  ( -0.0000000000000000000, -0.0000000000000000000, 1.000000000000000000 ) ) ;
#2119 = DIRECTION ( 'NONE',  ( 0.0000000000000000000, -1.000000000000000000, 0.0000000000000000000 ) ) ;
#2120 = FILL_AREA_STYLE_COLOUR ( '', #1211 ) ;
#2121 = DIRECTION ( 'NONE',  ( -0.0000000000000000000, -1.000000000000000000, -0.0000000000000000000 ) ) ;
#2122 = DIRECTION ( 'NONE',  ( 0.0000000000000000000, 0.0000000000000000000, 1.000000000000000000 ) ) ;
#2123 = EDGE_CURVE ( 'NONE', #2702, #341, #1318, .T. ) ;
#2124 = VECTOR ( 'NONE', #863, 1000.000000000000000 ) ;
#2125 = DIRECTION ( 'NONE',  ( 0.0000000000000000000, 0.05233595624294404280, 0.9986295347545737222 ) ) ;
#2126 = VECTOR ( 'NONE', #40, 1000.000000000000000 ) ;
#2127 = LINE ( 'NONE', #3338, #2865 ) ;
#2128 = CARTESIAN_POINT ( 'NONE',  ( -1.000000000000000000, 0.1499999999999999944, 0.6250000000000002220 ) ) ;
#2129 = SURFACE_SIDE_STYLE ('',( #1713 ) ) ;
#2130 = VECTOR ( 'NONE', #3299, 1000.000000000000000 ) ;
#2131 = PRESENTATION_LAYER_ASSIGNMENT (  '', '', ( #1696 ) ) ;
#2132 = CARTESIAN_POINT ( 'NONE',  ( -0.5999999999999998668, 0.09999999999999999167, -0.6250000000000002220 ) ) ;
#2133 = CYLINDRICAL_SURFACE ( 'NONE', #1375, 0.4000000000000000777 ) ;
#2134 =( LENGTH_UNIT ( ) NAMED_UNIT ( * ) SI_UNIT ( .MILLI., .METRE. ) );
#2135 = FACE_OUTER_BOUND ( 'NONE', #1205, .T. ) ;
#2136 = EDGE_CURVE ( 'NONE', #1776, #3767, #398, .T. ) ;
#2137 = CARTESIAN_POINT ( 'NONE',  ( 0.6999999999999999556, 0.09999999999999999167, 0.2500000000000000000 ) ) ;
#2138 = LINE ( 'NONE', #1362, #1323 ) ;
#2139 = SURFACE_STYLE_USAGE ( .BOTH. , #3975 ) ;
#2140 = PLANE ( 'NONE',  #1178 ) ;
#2141 = EDGE_CURVE ( 'NONE', #3638, #893, #3563, .T. ) ;
#2142 = CARTESIAN_POINT ( 'NONE',  ( 0.1215544456622767028, -0.09999999999999999167, 0.1576794919243112436 ) ) ;
#2143 = DIRECTION ( 'NONE',  ( 0.0000000000000000000, 1.000000000000000000, 0.0000000000000000000 ) ) ;
#2144 = DIRECTION ( 'NONE',  ( 0.0000000000000000000, -0.0000000000000000000, 1.000000000000000000 ) ) ;
#2145 = MECHANICAL_DESIGN_GEOMETRIC_PRESENTATION_REPRESENTATION (  '', ( #1710 ), #2327 ) ;
#2146 = PRESENTATION_LAYER_ASSIGNMENT (  '', '', ( #2328 ) ) ;
#2147 = VECTOR ( 'NONE', #400, 1000.000000000000000 ) ;
#2148 = FILL_AREA_STYLE ('',( #1506 ) ) ;
#2149 = VERTEX_POINT ( 'NONE', #1798 ) ;
#2150 =( NAMED_UNIT ( * ) PLANE_ANGLE_UNIT ( ) SI_UNIT ( $, .RADIAN. ) );
#2151 = FACE_OUTER_BOUND ( 'NONE', #1495, .T. ) ;
#2152 = EDGE_CURVE ( 'NONE', #3550, #1824, #3519, .T. ) ;
#2153 = DIRECTION ( 'NONE',  ( 1.000000000000000000, 0.0000000000000000000, 0.0000000000000000000 ) ) ;
#2154 = LINE ( 'NONE', #906, #3697 ) ;
#2155 = SURFACE_STYLE_USAGE ( .BOTH. , #15 ) ;
#2156 = DIRECTION ( 'NONE',  ( -0.0000000000000000000, 1.000000000000000000, -0.0000000000000000000 ) ) ;
#2157 = SURFACE_STYLE_FILL_AREA ( #2994 ) ;
#2158 = VECTOR ( 'NONE', #1123, 1000.000000000000000 ) ;
#2159 = CARTESIAN_POINT ( 'NONE',  ( 0.6601639316849902128, 0.1479179984982033902, 0.6251091130751733616 ) ) ;
#2160 = AXIS2_PLACEMENT_3D ( 'NONE', #1566, #3717, #1866 ) ;
#2161 = DIRECTION ( 'NONE',  ( 9.637352644315598694E-16, 0.0000000000000000000, 1.000000000000000000 ) ) ;
#2162 = EDGE_CURVE ( 'NONE', #380, #461, #495, .T. ) ;
#2163 = DIRECTION ( 'NONE',  ( -3.469446951953614189E-16, 0.0000000000000000000, -1.000000000000000000 ) ) ;
#2164 = VERTEX_POINT ( 'NONE', #3055 ) ;
#2165 = ORIENTED_EDGE ( 'NONE', *, *, #2790, .T. ) ;
#2166 = CARTESIAN_POINT ( 'NONE',  ( 0.6999999999999999556, 0.1499999999999999944, -0.6250000000000002220 ) ) ;
#2167 = FILL_AREA_STYLE ('',( #1553 ) ) ;
#2168 = EDGE_LOOP ( 'NONE', ( #1587, #909, #1922, #2207, #1767 ) ) ;
#2169 = CARTESIAN_POINT ( 'NONE',  ( -0.5999999999999999778, -0.09999999999999999167, -0.4999999999999997780 ) ) ;
#2170 = ORIENTED_EDGE ( 'NONE', *, *, #2670, .T. ) ;
#2171 = DIRECTION ( 'NONE',  ( -0.0000000000000000000, -0.0000000000000000000, -1.000000000000000000 ) ) ;
#2172 = DIRECTION ( 'NONE',  ( 1.000000000000000000, 0.0000000000000000000, 0.0000000000000000000 ) ) ;
#2173 = VECTOR ( 'NONE', #916, 1000.000000000000000 ) ;
#2174 = ORIENTED_EDGE ( 'NONE', *, *, #2095, .T. ) ;
#2175 = ORIENTED_EDGE ( 'NONE', *, *, #2917, .F. ) ;
#2176 = CIRCLE ( 'NONE', #1395, 0.01999999999999999695 ) ;
#2177 = ORIENTED_EDGE ( 'NONE', *, *, #721, .F. ) ;
#2178 = ORIENTED_EDGE ( 'NONE', *, *, #901, .T. ) ;
#2179 = VERTEX_POINT ( 'NONE', #282 ) ;
#2180 = EDGE_CURVE ( 'NONE', #2904, #286, #362, .T. ) ;
#2181 = LINE ( 'NONE', #90, #3616 ) ;
#2182 = DIRECTION ( 'NONE',  ( -0.0000000000000000000, -1.000000000000000000, -0.0000000000000000000 ) ) ;
#2183 = CARTESIAN_POINT ( 'NONE',  ( -1.000000000000000666, -0.09999999999999999167, -0.3499999999999998113 ) ) ;
#2184 = LINE ( 'NONE', #3547, #3812 ) ;
#2185 = DIRECTION ( 'NONE',  ( 0.0000000000000000000, 0.0000000000000000000, -1.000000000000000000 ) ) ;
#2186 = PRESENTATION_STYLE_ASSIGNMENT (( #1529 ) ) ;
#2187 = PRESENTATION_STYLE_ASSIGNMENT (( #209 ) ) ;
#2188 = EDGE_CURVE ( 'NONE', #380, #2450, #1969, .T. ) ;
#2189 = CIRCLE ( 'NONE', #129, 0.03999999999999999389 ) ;
#2190 = LINE ( 'NONE', #454, #1370 ) ;
#2191 = DIRECTION ( 'NONE',  ( -1.000000000000000000, 0.0000000000000000000, 0.0000000000000000000 ) ) ;
#2192 = EDGE_CURVE ( 'NONE', #1098, #3499, #3434, .T. ) ;
#2193 = DIRECTION ( 'NONE',  ( -0.0000000000000000000, -1.000000000000000000, -0.0000000000000000000 ) ) ;
#2194 = DIRECTION ( 'NONE',  ( 0.0000000000000000000, 0.05233595624294388321, 0.9986295347545739443 ) ) ;
#2195 = CARTESIAN_POINT ( 'NONE',  ( 0.9999999999999995559, 0.09999999999999999167, 0.0000000000000000000 ) ) ;
#2196 = LINE ( 'NONE', #1358, #1377 ) ;
#2197 = LINE ( 'NONE', #663, #1378 ) ;
#2198 = AXIS2_PLACEMENT_3D ( 'NONE', #628, #2780, #2767 ) ;
#2199 = AXIS2_PLACEMENT_3D ( 'NONE', #3085, #907, #619 ) ;
#2200 = DIRECTION ( 'NONE',  ( 7.115076756936119693E-15, -0.0000000000000000000, 1.000000000000000000 ) ) ;
#2201 = VECTOR ( 'NONE', #3356, 1000.000000000000114 ) ;
#2202 = CIRCLE ( 'NONE', #3120, 0.03999999999999999389 ) ;
#2203 = DIRECTION ( 'NONE',  ( 0.0000000000000000000, 0.0000000000000000000, -1.000000000000000000 ) ) ;
#2204 = FILL_AREA_STYLE_COLOUR ( '', #2835 ) ;
#2205 = VERTEX_POINT ( 'NONE', #1832 ) ;
#2206 = ORIENTED_EDGE ( 'NONE', *, *, #255, .T. ) ;
#2207 = ORIENTED_EDGE ( 'NONE', *, *, #1283, .F. ) ;
#2208 = VERTEX_POINT ( 'NONE', #1208 ) ;
#2209 = CARTESIAN_POINT ( 'NONE',  ( -1.000000000000000444, 0.09999999999999999167, -0.3999999999999998557 ) ) ;
#2210 = ORIENTED_EDGE ( 'NONE', *, *, #446, .T. ) ;
#2211 = ORIENTED_EDGE ( 'NONE', *, *, #1437, .T. ) ;
#2212 = DIRECTION ( 'NONE',  ( 0.0000000000000000000, -1.000000000000000000, 0.0000000000000000000 ) ) ;
#2213 =( NAMED_UNIT ( * ) SI_UNIT ( $, .STERADIAN. ) SOLID_ANGLE_UNIT ( ) );
#2214 = EDGE_CURVE ( 'NONE', #630, #2808, #2605, .T. ) ;
#2215 = LINE ( 'NONE', #2945, #3765 ) ;
#2216 = VERTEX_POINT ( 'NONE', #305 ) ;
#2217 = ORIENTED_EDGE ( 'NONE', *, *, #488, .F. ) ;
#2218 = CARTESIAN_POINT ( 'NONE',  ( -1.000000000000000000, -0.1499999999999999944, 0.6250000000000002220 ) ) ;
#2219 = ADVANCED_FACE ( 'NONE', ( #3327 ), #867, .T. ) ;
#2220 = EDGE_LOOP ( 'NONE', ( #648, #18, #910, #1951, #173 ) ) ;
#2221 = STYLED_ITEM ( 'NONE', ( #2480 ), #1689 ) ;
#2222 = AXIS2_PLACEMENT_3D ( 'NONE', #1526, #934, #2070 ) ;
#2223 = CIRCLE ( 'NONE', #2633, 0.3500000000000000333 ) ;
#2224 =( NAMED_UNIT ( * ) SI_UNIT ( $, .STERADIAN. ) SOLID_ANGLE_UNIT ( ) );
#2225 =( GEOMETRIC_REPRESENTATION_CONTEXT ( 3 ) GLOBAL_UNCERTAINTY_ASSIGNED_CONTEXT ( ( #502 ) ) GLOBAL_UNIT_ASSIGNED_CONTEXT ( ( #3578, #1733, #3895 ) ) REPRESENTATION_CONTEXT ( 'NONE', 'WORKASPACE' ) );
#2226 = VECTOR ( 'NONE', #931, 1000.000000000000114 ) ;
#2227 = EDGE_CURVE ( 'NONE', #1185, #1005, #978, .T. ) ;
#2228 = CIRCLE ( 'NONE', #2866, 0.3500000000000000333 ) ;
#2229 = UNCERTAINTY_MEASURE_WITH_UNIT (LENGTH_MEASURE( 1.000000000000000082E-05 ), #2731, 'distance_accuracy_value', 'NONE');
#2230 = CARTESIAN_POINT ( 'NONE',  ( -1.000000000000000444, -0.1499999999999999944, 0.5000000000000002220 ) ) ;
#2231 = CARTESIAN_POINT ( 'NONE',  ( 0.9999999999999995559, 0.1499999999999999667, 0.2500000000000000000 ) ) ;
#2232 = VECTOR ( 'NONE', #1167, 1000.000000000000000 ) ;
#2233 = VECTOR ( 'NONE', #2068, 1000.000000000000000 ) ;
#2234 = CARTESIAN_POINT ( 'NONE',  ( -0.6571428571428572507, 0.09999999999999999167, -0.2060315014550845869 ) ) ;
#2235 = MECHANICAL_DESIGN_GEOMETRIC_PRESENTATION_REPRESENTATION (  '', ( #1816 ), #2429 ) ;
#2236 = EDGE_CURVE ( 'NONE', #1260, #1581, #1685, .T. ) ;
#2237 = ADVANCED_FACE ( 'NONE', ( #1605 ), #3781, .T. ) ;
#2238 = CARTESIAN_POINT ( 'NONE',  ( 0.9999999999999995559, -0.09999999999999999167, -0.2000000000000002331 ) ) ;
#2239 = DIRECTION ( 'NONE',  ( 1.000000000000000000, 0.0000000000000000000, -1.084202172485504434E-16 ) ) ;
#2240 = CARTESIAN_POINT ( 'NONE',  ( -0.5999999999999999778, 0.09999999999999999167, -0.2060315014550845869 ) ) ;
#2241 = ORIENTED_EDGE ( 'NONE', *, *, #3481, .F. ) ;
#2242 = LINE ( 'NONE', #24, #1424 ) ;
#2243 = LINE ( 'NONE', #608, #3788 ) ;
#2244 = ORIENTED_EDGE ( 'NONE', *, *, #80, .T. ) ;
#2245 = AXIS2_PLACEMENT_3D ( 'NONE', #580, #601, #2741 ) ;
#2246 = DIRECTION ( 'NONE',  ( -1.000000000000000000, 0.0000000000000000000, 0.0000000000000000000 ) ) ;
#2247 = CARTESIAN_POINT ( 'NONE',  ( 0.5999999999999999778, -0.1499999999999999667, -0.4999999999999997780 ) ) ;
#2248 = EDGE_LOOP ( 'NONE', ( #2101, #1256, #2372, #3557, #1129, #303, #228, #119 ) ) ;
#2249 = DIRECTION ( 'NONE',  ( -0.0000000000000000000, -1.000000000000000000, 0.0000000000000000000 ) ) ;
#2250 = ADVANCED_FACE ( 'NONE', ( #2962 ), #3373, .F. ) ;
#2251 = ORIENTED_EDGE ( 'NONE', *, *, #3746, .F. ) ;
#2252 = ORIENTED_EDGE ( 'NONE', *, *, #3625, .T. ) ;
#2253 = EDGE_CURVE ( 'NONE', #3165, #1551, #2138, .T. ) ;
#2254 = LINE ( 'NONE', #3086, #424 ) ;
#2255 = ORIENTED_EDGE ( 'NONE', *, *, #1923, .F. ) ;
#2256 = ORIENTED_EDGE ( 'NONE', *, *, #3188, .F. ) ;
#2257 = CARTESIAN_POINT ( 'NONE',  ( 0.0000000000000000000, 0.1499999999999999944, 0.0000000000000000000 ) ) ;
#2258 =( NAMED_UNIT ( * ) PLANE_ANGLE_UNIT ( ) SI_UNIT ( $, .RADIAN. ) );
#2259 = ORIENTED_EDGE ( 'NONE', *, *, #2004, .T. ) ;
#2260 = ORIENTED_EDGE ( 'NONE', *, *, #2956, .F. ) ;
#2261 = EDGE_LOOP ( 'NONE', ( #3360, #2165, #2497, #3602, #585 ) ) ;
#2262 = CARTESIAN_POINT ( 'NONE',  ( 0.6999999999999999556, 0.7330951894845298966, 0.2500000000000000000 ) ) ;
#2263 = SURFACE_STYLE_FILL_AREA ( #1201 ) ;
#2264 = STYLED_ITEM ( 'NONE', ( #3377 ), #749 ) ;
#2265 = PRESENTATION_LAYER_ASSIGNMENT (  '', '', ( #1858 ) ) ;
#2266 = AXIS2_PLACEMENT_3D ( 'NONE', #3619, #3875, #151 ) ;
#2267 = VECTOR ( 'NONE', #1436, 1000.000000000000000 ) ;
#2268 = ADVANCED_FACE ( 'NONE', ( #2872 ), #3488, .T. ) ;
#2269 = DIRECTION ( 'NONE',  ( 0.0000000000000000000, -0.05233595624294404280, 0.9986295347545737222 ) ) ;
#2270 = CIRCLE ( 'NONE', #348, 0.03999999999999998002 ) ;
#2271 = FACE_OUTER_BOUND ( 'NONE', #3178, .T. ) ;
#2272 = DIRECTION ( 'NONE',  ( 1.445602896647339706E-15, 0.0000000000000000000, -1.000000000000000000 ) ) ;
#2273 = SURFACE_SIDE_STYLE ('',( #3687 ) ) ;
#2274 = UNCERTAINTY_MEASURE_WITH_UNIT (LENGTH_MEASURE( 1.000000000000000082E-05 ), #1902, 'distance_accuracy_value', 'NONE');
#2275 = PRESENTATION_LAYER_ASSIGNMENT (  '', '', ( #1463 ) ) ;
#2276 = FACE_OUTER_BOUND ( 'NONE', #54, .T. ) ;
#2277 = CARTESIAN_POINT ( 'NONE',  ( -0.5999999999999999778, 0.1499999999999999944, 0.2060315014550845869 ) ) ;
#2278 = EDGE_CURVE ( 'NONE', #2205, #1776, #1734, .T. ) ;
#2279 =( NAMED_UNIT ( * ) SI_UNIT ( $, .STERADIAN. ) SOLID_ANGLE_UNIT ( ) );
#2280 = DIRECTION ( 'NONE',  ( -0.0000000000000000000, 1.000000000000000000, -0.0000000000000000000 ) ) ;
#2281 = DIRECTION ( 'NONE',  ( -0.0000000000000000000, 1.000000000000000000, -0.0000000000000000000 ) ) ;
#2282 = FACE_OUTER_BOUND ( 'NONE', #3485, .T. ) ;
#2283 = ADVANCED_FACE ( 'NONE', ( #114 ), #1963, .F. ) ;
#2284 = VECTOR ( 'NONE', #2379, 1000.000000000000000 ) ;
#2285 = AXIS2_PLACEMENT_3D ( 'NONE', #1133, #3275, #1458 ) ;
#2286 = EDGE_CURVE ( 'NONE', #3098, #1301, #3817, .T. ) ;
#2287 = CARTESIAN_POINT ( 'NONE',  ( -1.000000000000000444, -0.1499999999999999944, -0.4999999999999997780 ) ) ;
#2288 = DIRECTION ( 'NONE',  ( -0.0000000000000000000, -0.0000000000000000000, 1.000000000000000000 ) ) ;
#2289 = ORIENTED_EDGE ( 'NONE', *, *, #1147, .T. ) ;
#2290 = ORIENTED_EDGE ( 'NONE', *, *, #83, .T. ) ;
#2291 = DIRECTION ( 'NONE',  ( 1.000000000000000000, 0.0000000000000000000, 0.0000000000000000000 ) ) ;
#2292 = VERTEX_POINT ( 'NONE', #2932 ) ;
#2293 = DIRECTION ( 'NONE',  ( -0.0000000000000000000, -1.000000000000000000, -0.0000000000000000000 ) ) ;
#2294 = EDGE_LOOP ( 'NONE', ( #793, #1390, #1546, #3792 ) ) ;
#2295 = ORIENTED_EDGE ( 'NONE', *, *, #1533, .F. ) ;
#2296 = CARTESIAN_POINT ( 'NONE',  ( -1.000000000000000444, -0.09999999999999999167, -0.4999999999999997780 ) ) ;
#2297 = EDGE_CURVE ( 'NONE', #3545, #3938, #2190, .T. ) ;
#2298 = ORIENTED_EDGE ( 'NONE', *, *, #2753, .T. ) ;
#2299 = ORIENTED_EDGE ( 'NONE', *, *, #2867, .F. ) ;
#2300 = CIRCLE ( 'NONE', #438, 0.01999999999999999695 ) ;
#2301 = ADVANCED_FACE ( 'NONE', ( #2271 ), #1392, .F. ) ;
#2302 = ORIENTED_EDGE ( 'NONE', *, *, #1367, .T. ) ;
#2303 = COLOUR_RGB ( '',0.7529411764705882248, 0.7529411764705882248, 0.0000000000000000000 ) ;
#2304 = FACE_OUTER_BOUND ( 'NONE', #1769, .T. ) ;
#2305 = LINE ( 'NONE', #3300, #357 ) ;
#2306 = VECTOR ( 'NONE', #1739, 1000.000000000000000 ) ;
#2307 = CARTESIAN_POINT ( 'NONE',  ( -1.000000000000000222, 0.09999999999999999167, 2.168404344971008868E-16 ) ) ;
#2308 = AXIS2_PLACEMENT_3D ( 'NONE', #413, #2565, #734 ) ;
#2309 = AXIS2_PLACEMENT_3D ( 'NONE', #445, #1684, #3850 ) ;
#2310 = FACE_OUTER_BOUND ( 'NONE', #2814, .T. ) ;
#2311 =( LENGTH_UNIT ( ) NAMED_UNIT ( * ) SI_UNIT ( .MILLI., .METRE. ) );
#2312 = DIRECTION ( 'NONE',  ( 0.0000000000000000000, 0.0000000000000000000, -1.000000000000000000 ) ) ;
#2313 = EDGE_CURVE ( 'NONE', #414, #193, #661, .T. ) ;
#2314 = DIRECTION ( 'NONE',  ( 0.0000000000000000000, 0.0000000000000000000, 1.000000000000000000 ) ) ;
#2315 = UNCERTAINTY_MEASURE_WITH_UNIT (LENGTH_MEASURE( 1.000000000000000082E-05 ), #671, 'distance_accuracy_value', 'NONE');
#2316 = CARTESIAN_POINT ( 'NONE',  ( 0.5999999999999999778, -0.09999999999999999167, 0.5000000000000002220 ) ) ;
#2317 = ADVANCED_FACE ( 'NONE', ( #2077 ), #444, .T. ) ;
#2318 = MECHANICAL_DESIGN_GEOMETRIC_PRESENTATION_REPRESENTATION (  '', ( #1696 ), #2537 ) ;
#2319 = EDGE_CURVE ( 'NONE', #383, #3417, #2915, .T. ) ;
#2320 = CARTESIAN_POINT ( 'NONE',  ( -0.5999999999999999778, 0.09999999999999999167, -0.2060315014550845869 ) ) ;
#2321 = CIRCLE ( 'NONE', #3796, 0.03999999999999999389 ) ;
#2322 = CARTESIAN_POINT ( 'NONE',  ( -0.6601639316849902128, 0.1458245602484856129, -0.5851639316849903683 ) ) ;
#2323 = CARTESIAN_POINT ( 'NONE',  ( -1.000000000000000000, 0.09999999999999999167, 0.6250000000000002220 ) ) ;
#2324 = EDGE_CURVE ( 'NONE', #2626, #1301, #1274, .T. ) ;
#2325 = CARTESIAN_POINT ( 'NONE',  ( -1.400000000000000577, -0.09999999999999999167, 0.5000000000000002220 ) ) ;
#2326 = UNCERTAINTY_MEASURE_WITH_UNIT (LENGTH_MEASURE( 1.000000000000000082E-05 ), #1049, 'distance_accuracy_value', 'NONE');
#2327 =( GEOMETRIC_REPRESENTATION_CONTEXT ( 3 ) GLOBAL_UNCERTAINTY_ASSIGNED_CONTEXT ( ( #3899 ) ) GLOBAL_UNIT_ASSIGNED_CONTEXT ( ( #3460, #1619, #3782 ) ) REPRESENTATION_CONTEXT ( 'NONE', 'WORKASPACE' ) );
#2328 = STYLED_ITEM ( 'NONE', ( #2545 ), #401 ) ;
#2329 = ORIENTED_EDGE ( 'NONE', *, *, #984, .F. ) ;
#2330 = CARTESIAN_POINT ( 'NONE',  ( 0.9999999999999995559, 0.7330951894845298966, -0.2000000000000002331 ) ) ;
#2331 = ORIENTED_EDGE ( 'NONE', *, *, #1311, .F. ) ;
#2332 = CARTESIAN_POINT ( 'NONE',  ( -0.1215544456622767305, -0.1499999999999999944, -0.01732050807568879386 ) ) ;
#2333 = STYLED_ITEM ( 'NONE', ( #1977 ), #1521 ) ;
#2334 = ORIENTED_EDGE ( 'NONE', *, *, #2431, .F. ) ;
#2335 =( NAMED_UNIT ( * ) PLANE_ANGLE_UNIT ( ) SI_UNIT ( $, .RADIAN. ) );
#2336 = ORIENTED_EDGE ( 'NONE', *, *, #756, .F. ) ;
#2337 = ADVANCED_FACE ( 'NONE', ( #1966 ), #1078, .F. ) ;
#2338 = DIRECTION ( 'NONE',  ( -1.000000000000000000, 0.0000000000000000000, 0.0000000000000000000 ) ) ;
#2339 = ORIENTED_EDGE ( 'NONE', *, *, #441, .F. ) ;
#2340 = EDGE_LOOP ( 'NONE', ( #2005, #2289, #2495, #3490 ) ) ;
#2341 =( LENGTH_UNIT ( ) NAMED_UNIT ( * ) SI_UNIT ( .MILLI., .METRE. ) );
#2342 = SURFACE_STYLE_USAGE ( .BOTH. , #203 ) ;
#2343 = DIRECTION ( 'NONE',  ( -0.0000000000000000000, -1.000000000000000000, -0.0000000000000000000 ) ) ;
#2344 = PRESENTATION_LAYER_ASSIGNMENT (  '', '', ( #1935 ) ) ;
#2345 = EDGE_LOOP ( 'NONE', ( #1917, #1591, #2347, #3450 ) ) ;
#2346 = EDGE_CURVE ( 'NONE', #688, #2626, #1166, .T. ) ;
#2347 = ORIENTED_EDGE ( 'NONE', *, *, #3231, .F. ) ;
#2348 = FILL_AREA_STYLE_COLOUR ( '', #359 ) ;
#2349 =( LENGTH_UNIT ( ) NAMED_UNIT ( * ) SI_UNIT ( .MILLI., .METRE. ) );
#2350 = CARTESIAN_POINT ( 'NONE',  ( 0.5999999999999999778, -0.1499999999999999667, 0.5000000000000002220 ) ) ;
#2351 = FACE_OUTER_BOUND ( 'NONE', #2345, .T. ) ;
#2352 = DIRECTION ( 'NONE',  ( 0.0000000000000000000, -0.0000000000000000000, 1.000000000000000000 ) ) ;
#2353 = SURFACE_SIDE_STYLE ('',( #705 ) ) ;
#2354 = CARTESIAN_POINT ( 'NONE',  ( 0.1315544456622766700, -0.09999999999999999167, 0.1403589838486224151 ) ) ;
#2355 = PRESENTATION_STYLE_ASSIGNMENT (( #2064 ) ) ;
#2356 = CARTESIAN_POINT ( 'NONE',  ( 0.5999999999999999778, -0.09999999999999999167, 0.5000000000000002220 ) ) ;
#2357 = VECTOR ( 'NONE', #2933, 1000.000000000000000 ) ;
#2358 = CARTESIAN_POINT ( 'NONE',  ( -0.6999999999999999556, 0.1499999999999999944, -0.6250000000000002220 ) ) ;
#2359 =( LENGTH_UNIT ( ) NAMED_UNIT ( * ) SI_UNIT ( .MILLI., .METRE. ) );
#2360 = ADVANCED_FACE ( 'NONE', ( #360 ), #1420, .F. ) ;
#2361 = DIRECTION ( 'NONE',  ( 0.0000000000000000000, 1.000000000000000000, 0.0000000000000000000 ) ) ;
#2362 = EDGE_CURVE ( 'NONE', #2987, #3296, #1893, .T. ) ;
#2363 = DIRECTION ( 'NONE',  ( -0.0000000000000000000, -1.000000000000000000, -0.0000000000000000000 ) ) ;
#2364 = DIRECTION ( 'NONE',  ( 0.0000000000000000000, -0.0000000000000000000, -1.000000000000000000 ) ) ;
#2365 = FILL_AREA_STYLE ('',( #3273 ) ) ;
#2366 = SURFACE_STYLE_USAGE ( .BOTH. , #227 ) ;
#2367 =( NAMED_UNIT ( * ) PLANE_ANGLE_UNIT ( ) SI_UNIT ( $, .RADIAN. ) );
#2368 = DIRECTION ( 'NONE',  ( 0.0000000000000000000, 0.0000000000000000000, -1.000000000000000000 ) ) ;
#2369 = EDGE_CURVE ( 'NONE', #187, #3342, #2713, .T. ) ;
#2370 = CARTESIAN_POINT ( 'NONE',  ( 0.9999999999999995559, 0.1499999999999999944, -0.2500000000000000000 ) ) ;
#2371 = CARTESIAN_POINT ( 'NONE',  ( 0.9999999999999995559, 0.1499999999999999667, 0.2500000000000000000 ) ) ;
#2372 = ORIENTED_EDGE ( 'NONE', *, *, #1287, .T. ) ;
#2373 =( LENGTH_UNIT ( ) NAMED_UNIT ( * ) SI_UNIT ( .MILLI., .METRE. ) );
#2374 =( NAMED_UNIT ( * ) PLANE_ANGLE_UNIT ( ) SI_UNIT ( $, .RADIAN. ) );
#2375 = EDGE_CURVE ( 'NONE', #2521, #3668, #3517, .T. ) ;
#2376 = DIRECTION ( 'NONE',  ( 0.0000000000000000000, -0.0000000000000000000, -1.000000000000000000 ) ) ;
#2377 = DIRECTION ( 'NONE',  ( -0.0000000000000000000, 1.000000000000000000, -0.0000000000000000000 ) ) ;
#2378 = CYLINDRICAL_SURFACE ( 'NONE', #1335, 0.02000000000000001776 ) ;
#2379 = DIRECTION ( 'NONE',  ( 0.0000000000000000000, 0.0000000000000000000, -1.000000000000000000 ) ) ;
#2380 = MANIFOLD_SOLID_BREP ( 'Fillet2', #981 ) ;
#2381 = CARTESIAN_POINT ( 'NONE',  ( 0.1515544456622766878, -0.09999999999999999167, 0.1403589838486224706 ) ) ;
#2382 = DIRECTION ( 'NONE',  ( 0.0000000000000000000, 0.0000000000000000000, 1.000000000000000000 ) ) ;
#2383 = ORIENTED_EDGE ( 'NONE', *, *, #1634, .T. ) ;
#2384 = CARTESIAN_POINT ( 'NONE',  ( 0.6999999999999999556, 0.1499999999999999944, -0.5850548186098173398 ) ) ;
#2385 = VERTEX_POINT ( 'NONE', #3890 ) ;
#2386 = MECHANICAL_DESIGN_GEOMETRIC_PRESENTATION_REPRESENTATION (  '', ( #1967 ), #2593 ) ;
#2387 = SURFACE_SIDE_STYLE ('',( #2509 ) ) ;
#2388 = MECHANICAL_DESIGN_GEOMETRIC_PRESENTATION_REPRESENTATION (  '', ( #1968 ), #2594 ) ;
#2389 = SURFACE_SIDE_STYLE ('',( #492 ) ) ;
#2390 = CARTESIAN_POINT ( 'NONE',  ( 0.6999999999999999556, 0.7330951894845298966, -0.2500000000000000000 ) ) ;
#2391 = ORIENTED_EDGE ( 'NONE', *, *, #1879, .F. ) ;
#2392 =( NAMED_UNIT ( * ) PLANE_ANGLE_UNIT ( ) SI_UNIT ( $, .RADIAN. ) );
#2393 = ORIENTED_EDGE ( 'NONE', *, *, #3825, .F. ) ;
#2394 = CARTESIAN_POINT ( 'NONE',  ( 0.1515544456622766878, -0.09999999999999999167, -0.1403589838486224706 ) ) ;
#2395 = ORIENTED_EDGE ( 'NONE', *, *, #2346, .T. ) ;
#2396 = VERTEX_POINT ( 'NONE', #1726 ) ;
#2397 = ORIENTED_EDGE ( 'NONE', *, *, #334, .F. ) ;
#2398 =( LENGTH_UNIT ( ) NAMED_UNIT ( * ) SI_UNIT ( .MILLI., .METRE. ) );
#2399 = LINE ( 'NONE', #1368, #3143 ) ;
#2400 = CARTESIAN_POINT ( 'NONE',  ( -1.000000000000000222, 0.09999999999999999167, -0.6249999999999997780 ) ) ;
#2401 = STYLED_ITEM ( 'NONE', ( #2617 ), #3824 ) ;
#2402 = DIRECTION ( 'NONE',  ( -1.000000000000000000, 0.0000000000000000000, 0.0000000000000000000 ) ) ;
#2403 =( LENGTH_UNIT ( ) NAMED_UNIT ( * ) SI_UNIT ( .MILLI., .METRE. ) );
#2404 = ORIENTED_EDGE ( 'NONE', *, *, #2925, .T. ) ;
#2405 = CARTESIAN_POINT ( 'NONE',  ( -0.7001091130751730951, 0.1479179984982033902, -0.5851639316849903683 ) ) ;
#2406 = CARTESIAN_POINT ( 'NONE',  ( 1.400000000000000577, -0.1499999999999999944, 0.5000000000000002220 ) ) ;
#2407 = FACE_OUTER_BOUND ( 'NONE', #463, .T. ) ;
#2408 = SURFACE_SIDE_STYLE ('',( #2558 ) ) ;
#2409 = VECTOR ( 'NONE', #1212, 1000.000000000000000 ) ;
#2410 = CARTESIAN_POINT ( 'NONE',  ( -0.5999999999999999778, 0.1499999999999999944, 0.2060315014550845869 ) ) ;
#2411 = DIRECTION ( 'NONE',  ( -0.0000000000000000000, -1.000000000000000000, -0.0000000000000000000 ) ) ;
#2412 = DIRECTION ( 'NONE',  ( -1.000000000000000000, 0.0000000000000000000, 7.115076756936119693E-15 ) ) ;
#2413 = VECTOR ( 'NONE', #2361, 1000.000000000000000 ) ;
#2414 = EDGE_CURVE ( 'NONE', #847, #383, #3151, .T. ) ;
#2415 = DIRECTION ( 'NONE',  ( -0.0000000000000000000, -0.0000000000000000000, -1.000000000000000000 ) ) ;
#2416 = COLOUR_RGB ( '',1.000000000000000000, 1.000000000000000000, 1.000000000000000000 ) ;
#2417 = CARTESIAN_POINT ( 'NONE',  ( 0.7000000000000000666, 0.1499999999999999944, 0.6084674183081287824 ) ) ;
#2418 = DIRECTION ( 'NONE',  ( 0.0000000000000000000, 0.0000000000000000000, 1.000000000000000000 ) ) ;
#2419 = DIRECTION ( 'NONE',  ( -0.0000000000000000000, -1.000000000000000000, -0.0000000000000000000 ) ) ;
#2420 = AXIS2_PLACEMENT_3D ( 'NONE', #3094, #1235, #3385 ) ;
#2421 = DIRECTION ( 'NONE',  ( -0.0000000000000000000, 1.000000000000000000, -0.0000000000000000000 ) ) ;
#2422 = PRESENTATION_LAYER_ASSIGNMENT (  '', '', ( #2624 ) ) ;
#2423 = EDGE_CURVE ( 'NONE', #1780, #1822, #259, .T. ) ;
#2424 = CARTESIAN_POINT ( 'NONE',  ( 0.6410783056181883488, 0.5120934382497178694, -0.6060234870083714975 ) ) ;
#2425 = VECTOR ( 'NONE', #728, 1000.000000000000000 ) ;
#2426 = AXIS2_PLACEMENT_3D ( 'NONE', #1493, #3639, #1793 ) ;
#2427 = LINE ( 'NONE', #2468, #3232 ) ;
#2428 = CARTESIAN_POINT ( 'NONE',  ( -1.000000000000000444, -0.1000000000000000194, -0.6249999999999997780 ) ) ;
#2429 =( GEOMETRIC_REPRESENTATION_CONTEXT ( 3 ) GLOBAL_UNCERTAINTY_ASSIGNED_CONTEXT ( ( #3462 ) ) GLOBAL_UNIT_ASSIGNED_CONTEXT ( ( #237, #2374, #559 ) ) REPRESENTATION_CONTEXT ( 'NONE', 'WORKASPACE' ) );
#2430 =( LENGTH_UNIT ( ) NAMED_UNIT ( * ) SI_UNIT ( .MILLI., .METRE. ) );
#2431 = EDGE_CURVE ( 'NONE', #1633, #1547, #1518, .T. ) ;
#2432 = PLANE ( 'NONE',  #2659 ) ;
#2433 =( NAMED_UNIT ( * ) SI_UNIT ( $, .STERADIAN. ) SOLID_ANGLE_UNIT ( ) );
#2434 = COLOUR_RGB ( '',1.000000000000000000, 1.000000000000000000, 1.000000000000000000 ) ;
#2435 = LINE ( 'NONE', #2557, #1700 ) ;
#2436 = DIRECTION ( 'NONE',  ( 0.8660254037844385966, 0.0000000000000000000, -0.5000000000000001110 ) ) ;
#2437 = DIRECTION ( 'NONE',  ( -1.084202172485504681E-16, 0.0000000000000000000, -1.000000000000000000 ) ) ;
#2438 = CARTESIAN_POINT ( 'NONE',  ( 0.6999999999999999556, 0.1499999999999999667, 0.2500000000000000000 ) ) ;
#2439 = ORIENTED_EDGE ( 'NONE', *, *, #2324, .T. ) ;
#2440 =( NAMED_UNIT ( * ) PLANE_ANGLE_UNIT ( ) SI_UNIT ( $, .RADIAN. ) );
#2441 = ORIENTED_EDGE ( 'NONE', *, *, #3331, .F. ) ;
#2442 = DIRECTION ( 'NONE',  ( 0.0000000000000000000, -0.0000000000000000000, -1.000000000000000000 ) ) ;
#2443 = ORIENTED_EDGE ( 'NONE', *, *, #2141, .F. ) ;
#2444 = ORIENTED_EDGE ( 'NONE', *, *, #1329, .T. ) ;
#2445 = EDGE_LOOP ( 'NONE', ( #3753, #2848, #333, #3390 ) ) ;
#2446 = EDGE_LOOP ( 'NONE', ( #1152, #3073, #807, #1686 ) ) ;
#2447 = DIRECTION ( 'NONE',  ( -0.0000000000000000000, -1.000000000000000000, -0.0000000000000000000 ) ) ;
#2448 = DIRECTION ( 'NONE',  ( 0.0000000000000000000, 1.000000000000000000, 0.0000000000000000000 ) ) ;
#2449 = SURFACE_STYLE_USAGE ( .BOTH. , #310 ) ;
#2450 = VERTEX_POINT ( 'NONE', #3587 ) ;
#2451 = ORIENTED_EDGE ( 'NONE', *, *, #3763, .F. ) ;
#2452 = CARTESIAN_POINT ( 'NONE',  ( -0.1115544456622767355, -0.09999999999999999167, -2.710505439397719968E-17 ) ) ;
#2453 = FACE_OUTER_BOUND ( 'NONE', #1269, .T. ) ;
#2454 = ORIENTED_EDGE ( 'NONE', *, *, #3270, .F. ) ;
#2455 =( NAMED_UNIT ( * ) PLANE_ANGLE_UNIT ( ) SI_UNIT ( $, .RADIAN. ) );
#2456 = DIRECTION ( 'NONE',  ( 1.000000000000000000, 0.0000000000000000000, 0.0000000000000000000 ) ) ;
#2457 = ORIENTED_EDGE ( 'NONE', *, *, #2188, .F. ) ;
#2458 = FACE_OUTER_BOUND ( 'NONE', #3706, .T. ) ;
#2459 = FACE_BOUND ( 'NONE', #21, .T. ) ;
#2460 = PRESENTATION_STYLE_ASSIGNMENT (( #2796 ) ) ;
#2461 = DIRECTION ( 'NONE',  ( 0.0000000000000000000, -1.000000000000000000, 0.0000000000000000000 ) ) ;
#2462 = DIRECTION ( 'NONE',  ( 0.0000000000000000000, 0.0000000000000000000, 1.000000000000000000 ) ) ;
#2463 = CIRCLE ( 'NONE', #2877, 0.03999999999999999389 ) ;
#2464 = EDGE_CURVE ( 'NONE', #1824, #3197, #2601, .T. ) ;
#2465 = DIRECTION ( 'NONE',  ( -1.000000000000000000, 0.0000000000000000000, 0.0000000000000000000 ) ) ;
#2466 = SURFACE_STYLE_USAGE ( .BOTH. , #323 ) ;
#2467 = FILL_AREA_STYLE ('',( #324 ) ) ;
#2468 = CARTESIAN_POINT ( 'NONE',  ( 0.9999999999999995559, 0.1499999999999999667, -0.2500000000000000000 ) ) ;
#2469 = UNCERTAINTY_MEASURE_WITH_UNIT (LENGTH_MEASURE( 1.000000000000000082E-05 ), #2311, 'distance_accuracy_value', 'NONE');
#2470 = PLANE ( 'NONE',  #3623 ) ;
#2471 = AXIS2_PLACEMENT_3D ( 'NONE', #3321, #1494, #3641 ) ;
#2472 = MECHANICAL_DESIGN_GEOMETRIC_PRESENTATION_REPRESENTATION (  '', ( #1858 ), #2685 ) ;
#2473 = AXIS2_PLACEMENT_3D ( 'NONE', #1088, #3556, #3274 ) ;
#2474 = CARTESIAN_POINT ( 'NONE',  ( 0.6410783056181883488, 0.5100000000000000089, -0.6250000000000002220 ) ) ;
#2475 = VERTEX_POINT ( 'NONE', #3004 ) ;
#2476 = CARTESIAN_POINT ( 'NONE',  ( -1.000000000000000222, 1.139949493661166713, 2.168404344971008868E-16 ) ) ;
#2477 = CARTESIAN_POINT ( 'NONE',  ( -1.000000000000000000, -0.09999999999999999167, 0.5000000000000002220 ) ) ;
#2478 = FACE_OUTER_BOUND ( 'NONE', #541, .T. ) ;
#2479 = CARTESIAN_POINT ( 'NONE',  ( 0.9999999999999995559, 0.7156854249492387021, -0.2000000000000002331 ) ) ;
#2480 = PRESENTATION_STYLE_ASSIGNMENT (( #1252 ) ) ;
#2481 = CARTESIAN_POINT ( 'NONE',  ( -0.5999999999999999778, 0.09999999999999999167, 0.2060315014550845869 ) ) ;
#2482 = DIRECTION ( 'NONE',  ( 1.000000000000000000, 0.0000000000000000000, 0.0000000000000000000 ) ) ;
#2483 = VERTEX_POINT ( 'NONE', #3279 ) ;
#2484 = SURFACE_STYLE_FILL_AREA ( #232 ) ;
#2485 = MECHANICAL_DESIGN_GEOMETRIC_PRESENTATION_REPRESENTATION (  '', ( #1463 ), #2699 ) ;
#2486 = EDGE_LOOP ( 'NONE', ( #22, #3507, #3539, #917, #1999, #1202 ) ) ;
#2487 = CARTESIAN_POINT ( 'NONE',  ( 1.400000000000000577, -0.09999999999999999167, -0.4999999999999997780 ) ) ;
#2488 = COLOUR_RGB ( '',0.0000000000000000000, 0.7529411764705882248, 0.0000000000000000000 ) ;
#2489 = DIRECTION ( 'NONE',  ( 0.0000000000000000000, 1.000000000000000000, 0.0000000000000000000 ) ) ;
#2490 = ORIENTED_EDGE ( 'NONE', *, *, #3864, .T. ) ;
#2491 = DIRECTION ( 'NONE',  ( -2.587789240124152535E-16, 0.0000000000000000000, -1.000000000000000000 ) ) ;
#2492 = CARTESIAN_POINT ( 'NONE',  ( 0.5999999999999999778, -1.227032961426900881, -0.4999999999999997780 ) ) ;
#2493 = ORIENTED_EDGE ( 'NONE', *, *, #1704, .F. ) ;
#2494 = EDGE_CURVE ( 'NONE', #3758, #3137, #3777, .T. ) ;
#2495 = ORIENTED_EDGE ( 'NONE', *, *, #3023, .T. ) ;
#2496 = DIRECTION ( 'NONE',  ( -1.000000000000000000, -0.0000000000000000000, -0.0000000000000000000 ) ) ;
#2497 = ORIENTED_EDGE ( 'NONE', *, *, #756, .T. ) ;
#2498 = ORIENTED_EDGE ( 'NONE', *, *, #1991, .T. ) ;
#2499 = ORIENTED_EDGE ( 'NONE', *, *, #300, .T. ) ;
#2500 = FACE_OUTER_BOUND ( 'NONE', #2053, .T. ) ;
#2501 = ORIENTED_EDGE ( 'NONE', *, *, #3125, .T. ) ;
#2502 = VERTEX_POINT ( 'NONE', #3914 ) ;
#2503 = STYLED_ITEM ( 'NONE', ( #969 ), #1293 ) ;
#2504 = EDGE_LOOP ( 'NONE', ( #2630, #1768, #335, #1918, #1883 ) ) ;
#2505 = EDGE_CURVE ( 'NONE', #3550, #803, #2959, .T. ) ;
#2506 = LINE ( 'NONE', #3811, #3210 ) ;
#2507 = CARTESIAN_POINT ( 'NONE',  ( -0.6410783056181880157, 0.5100000000000000089, -0.5660783056181885042 ) ) ;
#2508 = FILL_AREA_STYLE_COLOUR ( '', #1635 ) ;
#2509 = SURFACE_STYLE_FILL_AREA ( #251 ) ;
#2510 = FILL_AREA_STYLE ('',( #2204 ) ) ;
#2511 = CIRCLE ( 'NONE', #2084, 0.02000000000000005246 ) ;
#2512 = CIRCLE ( 'NONE', #1945, 0.3500000000000000333 ) ;
#2513 = STYLED_ITEM ( 'NONE', ( #652 ), #2928 ) ;
#2514 = EDGE_CURVE ( 'NONE', #1581, #2502, #610, .T. ) ;
#2515 = VECTOR ( 'NONE', #2039, 1000.000000000000000 ) ;
#2516 = CARTESIAN_POINT ( 'NONE',  ( -0.6571428571428572507, 0.09999999999999999167, -0.2060315014550847812 ) ) ;
#2517 = ADVANCED_FACE ( 'NONE', ( #3861 ), #1773, .F. ) ;
#2518 = VECTOR ( 'NONE', #2156, 1000.000000000000000 ) ;
#2519 = UNCERTAINTY_MEASURE_WITH_UNIT (LENGTH_MEASURE( 1.000000000000000082E-05 ), #1124, 'distance_accuracy_value', 'NONE');
#2520 = PLANE ( 'NONE',  #2986 ) ;
#2521 = VERTEX_POINT ( 'NONE', #2370 ) ;
#2522 = CARTESIAN_POINT ( 'NONE',  ( 0.9999999999999995559, -0.1499999999999999667, 0.2000000000000002331 ) ) ;
#2523 = COLOUR_RGB ( '',0.7921568627450980005, 0.8196078431372548767, 0.9333333333333333481 ) ;
#2524 = CARTESIAN_POINT ( 'NONE',  ( 0.0000000000000000000, -0.1499999999999999944, 0.0000000000000000000 ) ) ;
#2525 = AXIS2_PLACEMENT_3D ( 'NONE', #714, #3175, #1341 ) ;
#2526 = DIRECTION ( 'NONE',  ( 0.0000000000000000000, 0.0000000000000000000, 1.000000000000000000 ) ) ;
#2527 = FACE_OUTER_BOUND ( 'NONE', #2801, .T. ) ;
#2528 = CIRCLE ( 'NONE', #3381, 0.02000000000000001429 ) ;
#2529 = FILL_AREA_STYLE_COLOUR ( '', #2839 ) ;
#2530 = EDGE_CURVE ( 'NONE', #2208, #96, #496, .T. ) ;
#2531 = VECTOR ( 'NONE', #1102, 1000.000000000000000 ) ;
#2532 = LINE ( 'NONE', #2873, #169 ) ;
#2533 = DIRECTION ( 'NONE',  ( 1.000000000000000000, -0.0000000000000000000, -1.084202172485504681E-16 ) ) ;
#2534 = ADVANCED_FACE ( 'NONE', ( #2135 ), #399, .T. ) ;
#2535 = ORIENTED_EDGE ( 'NONE', *, *, #2369, .F. ) ;
#2536 = VERTEX_POINT ( 'NONE', #3945 ) ;
#2537 =( GEOMETRIC_REPRESENTATION_CONTEXT ( 3 ) GLOBAL_UNCERTAINTY_ASSIGNED_CONTEXT ( ( #2618 ) ) GLOBAL_UNIT_ASSIGNED_CONTEXT ( ( #115, #2258, #415 ) ) REPRESENTATION_CONTEXT ( 'NONE', 'WORKASPACE' ) );
#2538 = ORIENTED_EDGE ( 'NONE', *, *, #2253, .T. ) ;
#2539 = EDGE_CURVE ( 'NONE', #3165, #414, #2017, .T. ) ;
#2540 = ORIENTED_EDGE ( 'NONE', *, *, #3054, .F. ) ;
#2541 = DIRECTION ( 'NONE',  ( -1.000000000000000000, 0.0000000000000000000, 1.084202172485503448E-15 ) ) ;
#2542 = ORIENTED_EDGE ( 'NONE', *, *, #1889, .T. ) ;
#2543 = ORIENTED_EDGE ( 'NONE', *, *, #2640, .F. ) ;
#2544 = EDGE_CURVE ( 'NONE', #3767, #3795, #3683, .T. ) ;
#2545 = PRESENTATION_STYLE_ASSIGNMENT (( #289 ) ) ;
#2546 = ORIENTED_EDGE ( 'NONE', *, *, #196, .T. ) ;
#2547 = EDGE_LOOP ( 'NONE', ( #2441, #296, #3101, #691 ) ) ;
#2548 = SURFACE_STYLE_FILL_AREA ( #1671 ) ;
#2549 = ORIENTED_EDGE ( 'NONE', *, *, #1081, .T. ) ;
#2550 = AXIS2_PLACEMENT_3D ( 'NONE', #109, #2249, #406 ) ;
#2551 = AXIS2_PLACEMENT_3D ( 'NONE', #873, #2740, #2418 ) ;
#2552 = ORIENTED_EDGE ( 'NONE', *, *, #309, .F. ) ;
#2553 = AXIS2_PLACEMENT_3D ( 'NONE', #853, #2734, #868 ) ;
#2554 = VECTOR ( 'NONE', #3422, 1000.000000000000000 ) ;
#2555 = ADVANCED_FACE ( 'NONE', ( #1928 ), #2729, .F. ) ;
#2556 = LINE ( 'NONE', #866, #1727 ) ;
#2557 = CARTESIAN_POINT ( 'NONE',  ( -0.5999999999999999778, -0.1499999999999999944, 0.5000000000000002220 ) ) ;
#2558 = SURFACE_STYLE_FILL_AREA ( #2085 ) ;
#2559 = VECTOR ( 'NONE', #1819, 1000.000000000000000 ) ;
#2560 = CARTESIAN_POINT ( 'NONE',  ( -0.5999999999999999778, 0.1499999999999999944, 0.2060315014550845869 ) ) ;
#2561 = AXIS2_PLACEMENT_3D ( 'NONE', #69, #2212, #372 ) ;
#2562 = SURFACE_STYLE_FILL_AREA ( #2590 ) ;
#2563 = MECHANICAL_DESIGN_GEOMETRIC_PRESENTATION_REPRESENTATION (  '', ( #1935 ), #2788 ) ;
#2564 = EDGE_CURVE ( 'NONE', #3301, #1992, #311, .T. ) ;
#2565 = DIRECTION ( 'NONE',  ( -0.0000000000000000000, -1.000000000000000000, -0.0000000000000000000 ) ) ;
#2566 = COLOUR_RGB ( '',0.7529411764705882248, 0.7529411764705882248, 0.0000000000000000000 ) ;
#2567 = DIRECTION ( 'NONE',  ( 0.0000000000000000000, 0.0000000000000000000, -1.000000000000000000 ) ) ;
#2568 = ADVANCED_FACE ( 'NONE', ( #2655 ), #3961, .F. ) ;
#2569 = CIRCLE ( 'NONE', #1309, 0.03999999999999998002 ) ;
#2570 = FACE_OUTER_BOUND ( 'NONE', #3372, .T. ) ;
#2571 = EDGE_CURVE ( 'NONE', #3853, #2149, #1847, .T. ) ;
#2572 = FACE_OUTER_BOUND ( 'NONE', #1660, .T. ) ;
#2573 = VECTOR ( 'NONE', #1141, 1000.000000000000000 ) ;
#2574 = CARTESIAN_POINT ( 'NONE',  ( -1.000000000000000222, 0.1499999999999999944, 2.168404344971008868E-16 ) ) ;
#2575 = VECTOR ( 'NONE', #2809, 1000.000000000000000 ) ;
#2576 =( LENGTH_UNIT ( ) NAMED_UNIT ( * ) SI_UNIT ( .MILLI., .METRE. ) );
#2577 = ORIENTED_EDGE ( 'NONE', *, *, #2858, .F. ) ;
#2578 = EDGE_CURVE ( 'NONE', #2043, #905, #3471, .T. ) ;
#2579 = ORIENTED_EDGE ( 'NONE', *, *, #901, .F. ) ;
#2580 = ORIENTED_EDGE ( 'NONE', *, *, #147, .T. ) ;
#2581 = ORIENTED_EDGE ( 'NONE', *, *, #3566, .F. ) ;
#2582 = ORIENTED_EDGE ( 'NONE', *, *, #1762, .T. ) ;
#2583 = EDGE_CURVE ( 'NONE', #3413, #338, #1217, .T. ) ;
#2584 = ORIENTED_EDGE ( 'NONE', *, *, #1047, .F. ) ;
#2585 = ORIENTED_EDGE ( 'NONE', *, *, #571, .T. ) ;
#2586 = ADVANCED_FACE ( 'NONE', ( #1014 ), #2432, .F. ) ;
#2587 = APPLICATION_PROTOCOL_DEFINITION ( 'draft international standard', 'automotive_design', 1998, #2918 ) ;
#2588 = FACE_OUTER_BOUND ( 'NONE', #1622, .T. ) ;
#2589 = ORIENTED_EDGE ( 'NONE', *, *, #3162, .F. ) ;
#2590 = FILL_AREA_STYLE ('',( #1647 ) ) ;
#2591 = ORIENTED_EDGE ( 'NONE', *, *, #709, .T. ) ;
#2592 = CARTESIAN_POINT ( 'NONE',  ( 0.1215544456622766889, -0.09999999999999999167, 0.1576794919243112436 ) ) ;
#2593 =( GEOMETRIC_REPRESENTATION_CONTEXT ( 3 ) GLOBAL_UNCERTAINTY_ASSIGNED_CONTEXT ( ( #3083 ) ) GLOBAL_UNIT_ASSIGNED_CONTEXT ( ( #646, #2795, #936 ) ) REPRESENTATION_CONTEXT ( 'NONE', 'WORKASPACE' ) );
#2594 =( GEOMETRIC_REPRESENTATION_CONTEXT ( 3 ) GLOBAL_UNCERTAINTY_ASSIGNED_CONTEXT ( ( #330 ) ) GLOBAL_UNIT_ASSIGNED_CONTEXT ( ( #3386, #1559, #3704 ) ) REPRESENTATION_CONTEXT ( 'NONE', 'WORKASPACE' ) );
#2595 = LINE ( 'NONE', #1703, #3427 ) ;
#2596 = SURFACE_SIDE_STYLE ('',( #314 ) ) ;
#2597 = PRESENTATION_STYLE_ASSIGNMENT (( #2074 ) ) ;
#2598 = CARTESIAN_POINT ( 'NONE',  ( 0.6410783056181883488, 0.5100000000000000089, -0.5660783056181885042 ) ) ;
#2599 = CARTESIAN_POINT ( 'NONE',  ( 0.5999999999999999778, -0.1499999999999999944, 0.5000000000000002220 ) ) ;
#2600 = FACE_OUTER_BOUND ( 'NONE', #2844, .T. ) ;
#2601 = LINE ( 'NONE', #3266, #1414 ) ;
#2602 = APPLICATION_CONTEXT ( 'automotive_design' ) ;
#2603 = CARTESIAN_POINT ( 'NONE',  ( 0.9999999999999995559, 0.7330951894845298966, -0.2500000000000000000 ) ) ;
#2604 = CARTESIAN_POINT ( 'NONE',  ( 0.5999999999999999778, -1.227032961426900881, 0.5000000000000002220 ) ) ;
#2605 = LINE ( 'NONE', #2142, #158 ) ;
#2606 = DIRECTION ( 'NONE',  ( -2.587789240124152535E-16, -0.0000000000000000000, -1.000000000000000000 ) ) ;
#2607 = ADVANCED_FACE ( 'NONE', ( #3380 ), #3265, .F. ) ;
#2608 = AXIS2_PLACEMENT_3D ( 'NONE', #2763, #895, #3078 ) ;
#2609 = FILL_AREA_STYLE ('',( #3770 ) ) ;
#2610 = COLOUR_RGB ( '',1.000000000000000000, 1.000000000000000000, 1.000000000000000000 ) ;
#2611 = CARTESIAN_POINT ( 'NONE',  ( -1.000000000000000222, 0.1499999999999999944, -0.6249999999999997780 ) ) ;
#2612 = DIRECTION ( 'NONE',  ( -0.0000000000000000000, 1.000000000000000000, -0.0000000000000000000 ) ) ;
#2613 = SURFACE_STYLE_FILL_AREA ( #1050 ) ;
#2614 = EDGE_CURVE ( 'NONE', #951, #1005, #3264, .T. ) ;
#2615 = CARTESIAN_POINT ( 'NONE',  ( 0.9999999999999995559, -1.227032961426900881, -0.4999999999999997780 ) ) ;
#2616 = EDGE_CURVE ( 'NONE', #1097, #630, #1731, .T. ) ;
#2617 = PRESENTATION_STYLE_ASSIGNMENT (( #2449 ) ) ;
#2618 = UNCERTAINTY_MEASURE_WITH_UNIT (LENGTH_MEASURE( 1.000000000000000082E-05 ), #115, 'distance_accuracy_value', 'NONE');
#2619 = DIRECTION ( 'NONE',  ( 0.0000000000000000000, 0.0000000000000000000, 1.000000000000000000 ) ) ;
#2620 = PRESENTATION_LAYER_ASSIGNMENT (  '', '', ( #2221 ) ) ;
#2621 = AXIS2_PLACEMENT_3D ( 'NONE', #563, #2081, #3927 ) ;
#2622 = VECTOR ( 'NONE', #1416, 1000.000000000000000 ) ;
#2623 = DIRECTION ( 'NONE',  ( -0.0000000000000000000, 1.000000000000000000, -0.0000000000000000000 ) ) ;
#2624 = STYLED_ITEM ( 'NONE', ( #2978 ), #1386 ) ;
#2625 = EDGE_CURVE ( 'NONE', #3795, #2536, #2463, .T. ) ;
#2626 = VERTEX_POINT ( 'NONE', #3002 ) ;
#2627 =( NAMED_UNIT ( * ) SI_UNIT ( $, .STERADIAN. ) SOLID_ANGLE_UNIT ( ) );
#2628 = ADVANCED_FACE ( 'NONE', ( #3184 ), #1755, .F. ) ;
#2629 = DIRECTION ( 'NONE',  ( 0.0000000000000000000, 0.0000000000000000000, 1.000000000000000000 ) ) ;
#2630 = ORIENTED_EDGE ( 'NONE', *, *, #1675, .T. ) ;
#2631 = ORIENTED_EDGE ( 'NONE', *, *, #1076, .F. ) ;
#2632 = ORIENTED_EDGE ( 'NONE', *, *, #1612, .T. ) ;
#2633 = AXIS2_PLACEMENT_3D ( 'NONE', #1510, #3652, #1806 ) ;
#2634 = DIRECTION ( 'NONE',  ( 0.0000000000000000000, 0.0000000000000000000, 1.000000000000000000 ) ) ;
#2635 = ORIENTED_EDGE ( 'NONE', *, *, #3322, .F. ) ;
#2636 =( NAMED_UNIT ( * ) SI_UNIT ( $, .STERADIAN. ) SOLID_ANGLE_UNIT ( ) );
#2637 = ORIENTED_EDGE ( 'NONE', *, *, #3524, .T. ) ;
#2638 = AXIS2_PLACEMENT_3D ( 'NONE', #1513, #3654, #1810 ) ;
#2639 = UNCERTAINTY_MEASURE_WITH_UNIT (LENGTH_MEASURE( 1.000000000000000082E-05 ), #229, 'distance_accuracy_value', 'NONE');
#2640 = EDGE_CURVE ( 'NONE', #461, #2102, #113, .T. ) ;
#2641 = LINE ( 'NONE', #1788, #1833 ) ;
#2642 = CARTESIAN_POINT ( 'NONE',  ( -1.000000000000000222, 0.09999999999999999167, -0.6249999999999997780 ) ) ;
#2643 = ORIENTED_EDGE ( 'NONE', *, *, #1105, .T. ) ;
#2644 = VERTEX_POINT ( 'NONE', #1738 ) ;
#2645 = DIRECTION ( 'NONE',  ( 0.0000000000000000000, -0.0000000000000000000, -1.000000000000000000 ) ) ;
#2646 = EDGE_LOOP ( 'NONE', ( #3202, #2745, #2584, #77, #2737 ) ) ;
#2647 = VERTEX_POINT ( 'NONE', #246 ) ;
#2648 = CARTESIAN_POINT ( 'NONE',  ( 0.1515544456622766878, -0.5777974510803784991, -0.1403589838486224706 ) ) ;
#2649 = VECTOR ( 'NONE', #44, 1000.000000000000000 ) ;
#2650 = CARTESIAN_POINT ( 'NONE',  ( -0.1215544456622767305, -0.09999999999999999167, -0.01732050807568879386 ) ) ;
#2651 = DIRECTION ( 'NONE',  ( -0.0000000000000000000, 1.000000000000000000, -0.0000000000000000000 ) ) ;
#2652 = DIRECTION ( 'NONE',  ( 1.000000000000000000, 0.0000000000000000000, -0.0000000000000000000 ) ) ;
#2653 = PLANE ( 'NONE',  #2621 ) ;
#2654 = ADVANCED_FACE ( 'NONE', ( #3731 ), #2080, .F. ) ;
#2655 = FACE_OUTER_BOUND ( 'NONE', #1399, .T. ) ;
#2656 = DIRECTION ( 'NONE',  ( 0.0000000000000000000, 0.0000000000000000000, 1.000000000000000000 ) ) ;
#2657 = DIRECTION ( 'NONE',  ( 2.587789240124152535E-16, 0.0000000000000000000, -1.000000000000000000 ) ) ;
#2658 = CLOSED_SHELL ( 'NONE', ( #1709, #2990, #806, #1904, #104, #2568, #2928, #1925 ) ) ;
#2659 = AXIS2_PLACEMENT_3D ( 'NONE', #3059, #2762, #2663 ) ;
#2660 = COLOUR_RGB ( '',1.000000000000000000, 1.000000000000000000, 1.000000000000000000 ) ;
#2661 = CARTESIAN_POINT ( 'NONE',  ( 0.9999999999999995559, 0.09999999999999999167, -0.6250000000000000000 ) ) ;
#2662 = CARTESIAN_POINT ( 'NONE',  ( 0.6999999999999999556, 0.09999999999999999167, 0.2500000000000000000 ) ) ;
#2663 = DIRECTION ( 'NONE',  ( -1.000000000000000000, 0.0000000000000000000, 0.0000000000000000000 ) ) ;
#2664 = CARTESIAN_POINT ( 'NONE',  ( -0.5999999999999999778, -0.09999999999999999167, 0.5000000000000002220 ) ) ;
#2665 =( NAMED_UNIT ( * ) PLANE_ANGLE_UNIT ( ) SI_UNIT ( $, .RADIAN. ) );
#2666 = CARTESIAN_POINT ( 'NONE',  ( 0.9999999999999995559, 0.09999999999999999167, -0.2500000000000000000 ) ) ;
#2667 = FILL_AREA_STYLE ('',( #2348 ) ) ;
#2668 = SURFACE_STYLE_FILL_AREA ( #754 ) ;
#2669 =( NAMED_UNIT ( * ) SI_UNIT ( $, .STERADIAN. ) SOLID_ANGLE_UNIT ( ) );
#2670 = EDGE_CURVE ( 'NONE', #3137, #3133, #440, .T. ) ;
#2671 = PLANE ( 'NONE',  #3870 ) ;
#2672 = EDGE_LOOP ( 'NONE', ( #1294, #2108, #3402, #3452 ) ) ;
#2673 = CARTESIAN_POINT ( 'NONE',  ( 0.1315544456622766700, -0.5777974510803784991, 0.1603589838486224328 ) ) ;
#2674 = ADVANCED_FACE ( 'NONE', ( #2823 ), #3312, .F. ) ;
#2675 = DIRECTION ( 'NONE',  ( 0.0000000000000000000, 0.0000000000000000000, 1.000000000000000000 ) ) ;
#2676 = ORIENTED_EDGE ( 'NONE', *, *, #236, .T. ) ;
#2677 = LINE ( 'NONE', #2350, #223 ) ;
#2678 = LINE ( 'NONE', #220, #2158 ) ;
#2679 = VERTEX_POINT ( 'NONE', #3030 ) ;
#2680 = DIRECTION ( 'NONE',  ( 0.0000000000000000000, 0.0000000000000000000, 1.000000000000000000 ) ) ;
#2681 = CARTESIAN_POINT ( 'NONE',  ( -0.6999999999999999556, 0.1499999999999999944, 0.2645751311064590827 ) ) ;
#2682 = PLANE ( 'NONE',  #1601 ) ;
#2683 = VECTOR ( 'NONE', #2465, 1000.000000000000000 ) ;
#2684 = PRESENTATION_LAYER_ASSIGNMENT (  '', '', ( #2264 ) ) ;
#2685 =( GEOMETRIC_REPRESENTATION_CONTEXT ( 3 ) GLOBAL_UNCERTAINTY_ASSIGNED_CONTEXT ( ( #1741 ) ) GLOBAL_UNIT_ASSIGNED_CONTEXT ( ( #198, #2335, #517 ) ) REPRESENTATION_CONTEXT ( 'NONE', 'WORKASPACE' ) );
#2686 = AXIS2_PLACEMENT_3D ( 'NONE', #2946, #2280, #761 ) ;
#2687 = CARTESIAN_POINT ( 'NONE',  ( 0.6999999999999999556, 0.5100000000000000089, 0.5660783056181885042 ) ) ;
#2688 = ORIENTED_EDGE ( 'NONE', *, *, #466, .F. ) ;
#2689 = DIRECTION ( 'NONE',  ( 0.0000000000000000000, 0.0000000000000000000, -1.000000000000000000 ) ) ;
#2690 = DIRECTION ( 'NONE',  ( 0.0000000000000000000, 0.0000000000000000000, -1.000000000000000000 ) ) ;
#2691 = ORIENTED_EDGE ( 'NONE', *, *, #3420, .F. ) ;
#2692 = SURFACE_STYLE_USAGE ( .BOTH. , #547 ) ;
#2693 = VERTEX_POINT ( 'NONE', #1502 ) ;
#2694 =( NAMED_UNIT ( * ) PLANE_ANGLE_UNIT ( ) SI_UNIT ( $, .RADIAN. ) );
#2695 = ORIENTED_EDGE ( 'NONE', *, *, #1412, .T. ) ;
#2696 = CARTESIAN_POINT ( 'NONE',  ( 0.0000000000000000000, 0.5500000000000000444, 0.5660783056181885042 ) ) ;
#2697 = ORIENTED_EDGE ( 'NONE', *, *, #3444, .T. ) ;
#2698 = ORIENTED_EDGE ( 'NONE', *, *, #3195, .F. ) ;
#2699 =( GEOMETRIC_REPRESENTATION_CONTEXT ( 3 ) GLOBAL_UNCERTAINTY_ASSIGNED_CONTEXT ( ( #1615 ) ) GLOBAL_UNIT_ASSIGNED_CONTEXT ( ( #1158, #3297, #1476 ) ) REPRESENTATION_CONTEXT ( 'NONE', 'WORKASPACE' ) );
#2700 = FACE_OUTER_BOUND ( 'NONE', #3600, .T. ) ;
#2701 = ORIENTED_EDGE ( 'NONE', *, *, #2544, .T. ) ;
#2702 = VERTEX_POINT ( 'NONE', #3958 ) ;
#2703 =( NAMED_UNIT ( * ) SI_UNIT ( $, .STERADIAN. ) SOLID_ANGLE_UNIT ( ) );
#2704 = FILL_AREA_STYLE ('',( #1164 ) ) ;
#2705 = EDGE_CURVE ( 'NONE', #1544, #2102, #1213, .T. ) ;
#2706 = DIRECTION ( 'NONE',  ( -0.0000000000000000000, -1.000000000000000000, -0.0000000000000000000 ) ) ;
#2707 = VECTOR ( 'NONE', #3090, 1000.000000000000000 ) ;
#2708 = LINE ( 'NONE', #2323, #252 ) ;
#2709 = DIRECTION ( 'NONE',  ( 1.000000000000000000, 0.0000000000000000000, 0.0000000000000000000 ) ) ;
#2710 = LINE ( 'NONE', #2052, #1460 ) ;
#2711 = DIRECTION ( 'NONE',  ( -0.5000000000000003331, 0.0000000000000000000, 0.8660254037844385966 ) ) ;
#2712 = PLANE ( 'NONE',  #750 ) ;
#2713 = CIRCLE ( 'NONE', #3156, 0.2000000000000002331 ) ;
#2714 = PRESENTATION_LAYER_ASSIGNMENT (  '', '', ( #2503 ) ) ;
#2715 =( LENGTH_UNIT ( ) NAMED_UNIT ( * ) SI_UNIT ( .MILLI., .METRE. ) );
#2716 =( LENGTH_UNIT ( ) NAMED_UNIT ( * ) SI_UNIT ( .MILLI., .METRE. ) );
#2717 = EDGE_CURVE ( 'NONE', #25, #91, #970, .T. ) ;
#2718 = DIRECTION ( 'NONE',  ( -0.0000000000000000000, -1.000000000000000000, -0.0000000000000000000 ) ) ;
#2719 = VECTOR ( 'NONE', #1189, 1000.000000000000000 ) ;
#2720 = PLANE ( 'NONE',  #1161 ) ;
#2721 = DIRECTION ( 'NONE',  ( 0.0000000000000000000, -1.000000000000000000, 0.0000000000000000000 ) ) ;
#2722 = DIRECTION ( 'NONE',  ( 1.000000000000000000, -0.0000000000000000000, 9.637352644315598694E-16 ) ) ;
#2723 = LINE ( 'NONE', #2967, #3523 ) ;
#2724 =( NAMED_UNIT ( * ) SI_UNIT ( $, .STERADIAN. ) SOLID_ANGLE_UNIT ( ) );
#2725 = AXIS2_PLACEMENT_3D ( 'NONE', #2524, #702, #2851 ) ;
#2726 = VERTEX_POINT ( 'NONE', #1520 ) ;
#2727 = DIRECTION ( 'NONE',  ( 0.0000000000000000000, 0.0000000000000000000, -1.000000000000000000 ) ) ;
#2728 = EDGE_CURVE ( 'NONE', #2853, #183, #2512, .T. ) ;
#2729 = PLANE ( 'NONE',  #1843 ) ;
#2730 =( NAMED_UNIT ( * ) SI_UNIT ( $, .STERADIAN. ) SOLID_ANGLE_UNIT ( ) );
#2731 =( LENGTH_UNIT ( ) NAMED_UNIT ( * ) SI_UNIT ( .MILLI., .METRE. ) );
#2732 = DIRECTION ( 'NONE',  ( -1.000000000000000000, 0.0000000000000000000, 7.115076756936119693E-15 ) ) ;
#2733 = FACE_OUTER_BOUND ( 'NONE', #2504, .T. ) ;
#2734 = DIRECTION ( 'NONE',  ( 0.0000000000000000000, 1.000000000000000000, 0.0000000000000000000 ) ) ;
#2735 = ORIENTED_EDGE ( 'NONE', *, *, #625, .F. ) ;
#2736 = VECTOR ( 'NONE', #790, 1000.000000000000000 ) ;
#2737 = ORIENTED_EDGE ( 'NONE', *, *, #1015, .F. ) ;
#2738 = EDGE_LOOP ( 'NONE', ( #2331, #685, #3255, #1439 ) ) ;
#2739 = CARTESIAN_POINT ( 'NONE',  ( 0.6600548186098170733, 0.1499999999999999944, 0.6250000000000002220 ) ) ;
#2740 = DIRECTION ( 'NONE',  ( -0.0000000000000000000, 1.000000000000000000, -0.0000000000000000000 ) ) ;
#2741 = DIRECTION ( 'NONE',  ( 1.000000000000000000, 0.0000000000000000000, -0.0000000000000000000 ) ) ;
#2742 = ORIENTED_EDGE ( 'NONE', *, *, #1762, .F. ) ;
#2743 = DIRECTION ( 'NONE',  ( 0.0000000000000000000, 1.000000000000000000, 0.0000000000000000000 ) ) ;
#2744 = EDGE_LOOP ( 'NONE', ( #795, #722, #3924, #2805 ) ) ;
#2745 = ORIENTED_EDGE ( 'NONE', *, *, #2180, .F. ) ;
#2746 = PLANE ( 'NONE',  #3463 ) ;
#2747 = AXIS2_PLACEMENT_3D ( 'NONE', #160, #471, #2619 ) ;
#2748 = SURFACE_SIDE_STYLE ('',( #491 ) ) ;
#2749 = ORIENTED_EDGE ( 'NONE', *, *, #334, .T. ) ;
#2750 = FILL_AREA_STYLE_COLOUR ( '', #2837 ) ;
#2751 = VERTEX_POINT ( 'NONE', #1787 ) ;
#2752 = CARTESIAN_POINT ( 'NONE',  ( 0.1215544456622767028, -0.5777974510803784991, 0.1576794919243112436 ) ) ;
#2753 = EDGE_CURVE ( 'NONE', #2854, #919, #3214, .T. ) ;
#2754 = FACE_OUTER_BOUND ( 'NONE', #2445, .T. ) ;
#2755 = ORIENTED_EDGE ( 'NONE', *, *, #2136, .F. ) ;
#2756 = ORIENTED_EDGE ( 'NONE', *, *, #1809, .F. ) ;
#2757 = DIRECTION ( 'NONE',  ( -0.0000000000000000000, 1.000000000000000000, -0.0000000000000000000 ) ) ;
#2758 = EDGE_LOOP ( 'NONE', ( #468, #1346, #3843, #138 ) ) ;
#2759 =( NAMED_UNIT ( * ) SI_UNIT ( $, .STERADIAN. ) SOLID_ANGLE_UNIT ( ) );
#2760 = ORIENTED_EDGE ( 'NONE', *, *, #1147, .F. ) ;
#2761 = AXIS2_PLACEMENT_3D ( 'NONE', #1371, #3502, #1653 ) ;
#2762 = DIRECTION ( 'NONE',  ( -0.0000000000000000000, 0.0000000000000000000, -1.000000000000000000 ) ) ;
#2763 = CARTESIAN_POINT ( 'NONE',  ( 0.0000000000000000000, 0.1499999999999999944, 0.0000000000000000000 ) ) ;
#2764 = EDGE_CURVE ( 'NONE', #2885, #804, #152, .T. ) ;
#2765 = LINE ( 'NONE', #3116, #2649 ) ;
#2766 = CARTESIAN_POINT ( 'NONE',  ( -0.5999999999999999778, 0.1499999999999999944, 0.2060315014550845869 ) ) ;
#2767 = DIRECTION ( 'NONE',  ( 0.0000000000000000000, 0.0000000000000000000, 1.000000000000000000 ) ) ;
#2768 = UNCERTAINTY_MEASURE_WITH_UNIT (LENGTH_MEASURE( 1.000000000000000082E-05 ), #3435, 'distance_accuracy_value', 'NONE');
#2769 = CARTESIAN_POINT ( 'NONE',  ( 0.9999999999999995559, -1.227032961426900881, 0.2000000000000002331 ) ) ;
#2770 = DIRECTION ( 'NONE',  ( 0.0000000000000000000, 0.0000000000000000000, -1.000000000000000000 ) ) ;
#2771 = EDGE_CURVE ( 'NONE', #3245, #1870, #858, .T. ) ;
#2772 = VECTOR ( 'NONE', #274, 1000.000000000000000 ) ;
#2773 = DIRECTION ( 'NONE',  ( -0.8660254037844384856, 0.0000000000000000000, -0.5000000000000002220 ) ) ;
#2774 = VECTOR ( 'NONE', #3581, 1000.000000000000000 ) ;
#2775 = DIRECTION ( 'NONE',  ( -0.0000000000000000000, -1.000000000000000000, -0.0000000000000000000 ) ) ;
#2776 = MECHANICAL_DESIGN_GEOMETRIC_PRESENTATION_REPRESENTATION (  '', ( #2328 ), #2976 ) ;
#2777 = ORIENTED_EDGE ( 'NONE', *, *, #3937, .F. ) ;
#2778 =( NAMED_UNIT ( * ) PLANE_ANGLE_UNIT ( ) SI_UNIT ( $, .RADIAN. ) );
#2779 = PRESENTATION_LAYER_ASSIGNMENT (  '', '', ( #2333 ) ) ;
#2780 = DIRECTION ( 'NONE',  ( -0.0000000000000000000, 1.000000000000000000, -0.0000000000000000000 ) ) ;
#2781 = CARTESIAN_POINT ( 'NONE',  ( 0.9999999999999995559, 0.1499999999999999944, 0.5000000000000001110 ) ) ;
#2782 = DIRECTION ( 'NONE',  ( 0.0000000000000000000, 0.0000000000000000000, -1.000000000000000000 ) ) ;
#2783 = UNCERTAINTY_MEASURE_WITH_UNIT (LENGTH_MEASURE( 1.000000000000000082E-05 ), #301, 'distance_accuracy_value', 'NONE');
#2784 = VECTOR ( 'NONE', #1641, 1000.000000000000114 ) ;
#2785 = CARTESIAN_POINT ( 'NONE',  ( 0.5999999999999999778, -1.227032961426900881, 0.5000000000000002220 ) ) ;
#2786 = STYLED_ITEM ( 'NONE', ( #3750 ), #3514 ) ;
#2787 = CARTESIAN_POINT ( 'NONE',  ( -0.1215544456622767028, -0.1499999999999999667, 0.01732050807568877651 ) ) ;
#2788 =( GEOMETRIC_REPRESENTATION_CONTEXT ( 3 ) GLOBAL_UNCERTAINTY_ASSIGNED_CONTEXT ( ( #180 ) ) GLOBAL_UNIT_ASSIGNED_CONTEXT ( ( #3406, #1574, #3734 ) ) REPRESENTATION_CONTEXT ( 'NONE', 'WORKASPACE' ) );
#2789 = PLANE ( 'NONE',  #1244 ) ;
#2790 = EDGE_CURVE ( 'NONE', #3537, #2216, #1598, .T. ) ;
#2791 = CARTESIAN_POINT ( 'NONE',  ( -1.000000000000000222, 0.09999999999999999167, 2.168404344971008868E-16 ) ) ;
#2792 = PLANE ( 'NONE',  #2222 ) ;
#2793 = LINE ( 'NONE', #522, #3483 ) ;
#2794 = DIRECTION ( 'NONE',  ( -1.000000000000000000, 0.0000000000000000000, 0.0000000000000000000 ) ) ;
#2795 =( NAMED_UNIT ( * ) PLANE_ANGLE_UNIT ( ) SI_UNIT ( $, .RADIAN. ) );
#2796 = SURFACE_STYLE_USAGE ( .BOTH. , #647 ) ;
#2797 = CARTESIAN_POINT ( 'NONE',  ( -0.6999999999999999556, 0.1499999999999999944, -0.6250000000000002220 ) ) ;
#2798 = PLANE ( 'NONE',  #3669 ) ;
#2799 = ORIENTED_EDGE ( 'NONE', *, *, #3241, .F. ) ;
#2800 = ORIENTED_EDGE ( 'NONE', *, *, #3752, .T. ) ;
#2801 = EDGE_LOOP ( 'NONE', ( #533, #3543, #2451 ) ) ;
#2802 = ORIENTED_EDGE ( 'NONE', *, *, #3630, .T. ) ;
#2803 = DIRECTION ( 'NONE',  ( 0.0000000000000000000, -1.000000000000000000, 0.0000000000000000000 ) ) ;
#2804 = EDGE_CURVE ( 'NONE', #1627, #1186, #68, .T. ) ;
#2805 = ORIENTED_EDGE ( 'NONE', *, *, #2123, .F. ) ;
#2806 = PRESENTATION_STYLE_ASSIGNMENT (( #1241 ) ) ;
#2807 = EDGE_LOOP ( 'NONE', ( #243, #244, #3766, #3455, #2735, #49 ) ) ;
#2808 = VERTEX_POINT ( 'NONE', #3375 ) ;
#2809 = DIRECTION ( 'NONE',  ( -1.000000000000000000, 0.0000000000000000000, 0.0000000000000000000 ) ) ;
#2810 = CARTESIAN_POINT ( 'NONE',  ( -0.5999999999999999778, 0.1499999999999999944, -0.2060315014550845869 ) ) ;
#2811 = DIRECTION ( 'NONE',  ( -0.0000000000000000000, 1.000000000000000000, -0.0000000000000000000 ) ) ;
#2812 = FACE_OUTER_BOUND ( 'NONE', #3942, .T. ) ;
#2813 = ORIENTED_EDGE ( 'NONE', *, *, #281, .F. ) ;
#2814 = EDGE_LOOP ( 'NONE', ( #1716, #2701, #2591, #2999, #390, #3169 ) ) ;
#2815 = CARTESIAN_POINT ( 'NONE',  ( -0.5999999999999999778, -0.09999999999999999167, 0.5000000000000002220 ) ) ;
#2816 = ORIENTED_EDGE ( 'NONE', *, *, #739, .F. ) ;
#2817 = AXIS2_PLACEMENT_3D ( 'NONE', #3, #2143, #308 ) ;
#2818 = COLOUR_RGB ( '',1.000000000000000000, 1.000000000000000000, 1.000000000000000000 ) ;
#2819 = EDGE_CURVE ( 'NONE', #3092, #1363, #3957, .T. ) ;
#2820 = VERTEX_POINT ( 'NONE', #19 ) ;
#2821 = DIRECTION ( 'NONE',  ( 0.0000000000000000000, 0.0000000000000000000, -1.000000000000000000 ) ) ;
#2822 = FACE_OUTER_BOUND ( 'NONE', #2807, .T. ) ;
#2823 = FACE_OUTER_BOUND ( 'NONE', #898, .T. ) ;
#2824 = EDGE_CURVE ( 'NONE', #2102, #3140, #3057, .T. ) ;
#2825 = DIRECTION ( 'NONE',  ( 0.0000000000000000000, -1.000000000000000000, 0.0000000000000000000 ) ) ;
#2826 = CARTESIAN_POINT ( 'NONE',  ( 0.9999999999999995559, -0.1499999999999999944, 0.6250000000000000000 ) ) ;
#2827 = PRESENTATION_STYLE_ASSIGNMENT (( #2992 ) ) ;
#2828 = VECTOR ( 'NONE', #2001, 1000.000000000000000 ) ;
#2829 = DIRECTION ( 'NONE',  ( 0.0000000000000000000, 1.000000000000000000, 0.0000000000000000000 ) ) ;
#2830 = VECTOR ( 'NONE', #2415, 1000.000000000000000 ) ;
#2831 = DIRECTION ( 'NONE',  ( -0.05226442768871396999, -0.9972646886342374506, 0.05226442768871396305 ) ) ;
#2832 = UNCERTAINTY_MEASURE_WITH_UNIT (LENGTH_MEASURE( 1.000000000000000082E-05 ), #2359, 'distance_accuracy_value', 'NONE');
#2833 = DIRECTION ( 'NONE',  ( 0.0000000000000000000, 0.0000000000000000000, 1.000000000000000000 ) ) ;
#2834 = CARTESIAN_POINT ( 'NONE',  ( 0.1215544456622766889, -0.1499999999999999944, -0.1576794919243112436 ) ) ;
#2835 = COLOUR_RGB ( '',1.000000000000000000, 1.000000000000000000, 1.000000000000000000 ) ;
#2836 = SURFACE_STYLE_USAGE ( .BOTH. , #684 ) ;
#2837 = COLOUR_RGB ( '',0.7921568627450980005, 0.8196078431372548767, 0.9333333333333333481 ) ;
#2838 = PRESENTATION_LAYER_ASSIGNMENT (  '', '', ( #2401 ) ) ;
#2839 = COLOUR_RGB ( '',1.000000000000000000, 1.000000000000000000, 1.000000000000000000 ) ;
#2840 = VERTEX_POINT ( 'NONE', #2787 ) ;
#2841 = CARTESIAN_POINT ( 'NONE',  ( 1.299999999999999378, 0.09999999999999999167, 0.2500000000000000000 ) ) ;
#2842 = VERTEX_POINT ( 'NONE', #1849 ) ;
#2843 = EDGE_CURVE ( 'NONE', #3853, #3245, #605, .T. ) ;
#2844 = EDGE_LOOP ( 'NONE', ( #677, #1947, #3542, #2800 ) ) ;
#2845 = DIRECTION ( 'NONE',  ( -0.0000000000000000000, -1.000000000000000000, -0.0000000000000000000 ) ) ;
#2846 = VERTEX_POINT ( 'NONE', #1239 ) ;
#2847 = EDGE_CURVE ( 'NONE', #1249, #1148, #1408, .T. ) ;
#2848 = ORIENTED_EDGE ( 'NONE', *, *, #2530, .T. ) ;
#2849 = ORIENTED_EDGE ( 'NONE', *, *, #2423, .T. ) ;
#2850 = MECHANICAL_DESIGN_GEOMETRIC_PRESENTATION_REPRESENTATION (  '', ( #2221 ), #3060 ) ;
#2851 = DIRECTION ( 'NONE',  ( 0.0000000000000000000, -0.0000000000000000000, -1.000000000000000000 ) ) ;
#2852 = LINE ( 'NONE', #487, #3548 ) ;
#2853 = VERTEX_POINT ( 'NONE', #653 ) ;
#2854 = VERTEX_POINT ( 'NONE', #1856 ) ;
#2855 = AXIS2_PLACEMENT_3D ( 'NONE', #177, #2979, #210 ) ;
#2856 = ADVANCED_FACE ( 'NONE', ( #2304 ), #2470, .F. ) ;
#2857 = DIRECTION ( 'NONE',  ( 0.0000000000000000000, -1.000000000000000000, 0.0000000000000000000 ) ) ;
#2858 = EDGE_CURVE ( 'NONE', #3361, #3505, #1314, .T. ) ;
#2859 = FILL_AREA_STYLE ('',( #2529 ) ) ;
#2860 = EDGE_LOOP ( 'NONE', ( #1620, #1002, #1345, #2244 ) ) ;
#2861 = ORIENTED_EDGE ( 'NONE', *, *, #3195, .T. ) ;
#2862 = VECTOR ( 'NONE', #1218, 1000.000000000000000 ) ;
#2863 = AXIS2_PLACEMENT_3D ( 'NONE', #266, #3932, #586 ) ;
#2864 = PRESENTATION_STYLE_ASSIGNMENT (( #1286 ) ) ;
#2865 = VECTOR ( 'NONE', #278, 1000.000000000000000 ) ;
#2866 = AXIS2_PLACEMENT_3D ( 'NONE', #1795, #3952, #2100 ) ;
#2867 = EDGE_CURVE ( 'NONE', #1777, #2164, #3856, .T. ) ;
#2868 = COLOUR_RGB ( '',1.000000000000000000, 1.000000000000000000, 1.000000000000000000 ) ;
#2869 = LINE ( 'NONE', #836, #2016 ) ;
#2870 = VECTOR ( 'NONE', #263, 1000.000000000000114 ) ;
#2871 = PLANE ( 'NONE',  #2117 ) ;
#2872 = FACE_OUTER_BOUND ( 'NONE', #1987, .T. ) ;
#2873 = CARTESIAN_POINT ( 'NONE',  ( -0.5999999999999999778, -0.09999999999999999167, 0.5000000000000002220 ) ) ;
#2874 = CARTESIAN_POINT ( 'NONE',  ( -0.6410783056181882378, 0.5120934382497178694, 0.6060234870083714975 ) ) ;
#2875 = ADVANCED_FACE ( 'NONE', ( #2010 ), #344, .F. ) ;
#2876 = CIRCLE ( 'NONE', #2550, 0.2000000000000002331 ) ;
#2877 = AXIS2_PLACEMENT_3D ( 'NONE', #3276, #1461, #3603 ) ;
#2878 = PLANE ( 'NONE',  #2525 ) ;
#2879 = PRESENTATION_STYLE_ASSIGNMENT (( #3401 ) ) ;
#2880 = FACE_OUTER_BOUND ( 'NONE', #2995, .T. ) ;
#2881 = CARTESIAN_POINT ( 'NONE',  ( -0.6600548186098170733, 0.1499999999999999944, -0.6250000000000001110 ) ) ;
#2882 = LINE ( 'NONE', #1113, #410 ) ;
#2883 = CARTESIAN_POINT ( 'NONE',  ( -0.5999999999999999778, 0.09999999999999999167, 0.2060315014550845869 ) ) ;
#2884 = EDGE_LOOP ( 'NONE', ( #3465, #3799, #3888, #1306 ) ) ;
#2885 = VERTEX_POINT ( 'NONE', #1569 ) ;
#2886 = EDGE_CURVE ( 'NONE', #2842, #3537, #3272, .T. ) ;
#2887 = ADVANCED_FACE ( 'NONE', ( #395 ), #3261, .T. ) ;
#2888 = DIRECTION ( 'NONE',  ( 0.0000000000000000000, -1.000000000000000000, 0.0000000000000000000 ) ) ;
#2889 = ORIENTED_EDGE ( 'NONE', *, *, #2705, .F. ) ;
#2890 = ORIENTED_EDGE ( 'NONE', *, *, #255, .F. ) ;
#2891 = DIRECTION ( 'NONE',  ( 1.000000000000000000, -0.0000000000000000000, -0.0000000000000000000 ) ) ;
#2892 = DIRECTION ( 'NONE',  ( 1.000000000000000000, 0.0000000000000000000, 0.0000000000000000000 ) ) ;
#2893 = ORIENTED_EDGE ( 'NONE', *, *, #300, .F. ) ;
#2894 = FACE_OUTER_BOUND ( 'NONE', #2884, .T. ) ;
#2895 = VERTEX_POINT ( 'NONE', #1576 ) ;
#2896 = VERTEX_POINT ( 'NONE', #2209 ) ;
#2897 = CARTESIAN_POINT ( 'NONE',  ( -0.1215544456622767305, -0.5777974510803784991, -0.01732050807568881121 ) ) ;
#2898 = UNCERTAINTY_MEASURE_WITH_UNIT (LENGTH_MEASURE( 1.000000000000000082E-05 ), #1053, 'distance_accuracy_value', 'NONE');
#2899 = LINE ( 'NONE', #3293, #345 ) ;
#2900 = ORIENTED_EDGE ( 'NONE', *, *, #1090, .F. ) ;
#2901 = VERTEX_POINT ( 'NONE', #369 ) ;
#2902 = MECHANICAL_DESIGN_GEOMETRIC_PRESENTATION_REPRESENTATION (  '', ( #2264 ), #3113 ) ;
#2903 = STYLED_ITEM ( 'NONE', ( #73 ), #2013 ) ;
#2904 = VERTEX_POINT ( 'NONE', #2516 ) ;
#2905 = FACE_OUTER_BOUND ( 'NONE', #2248, .T. ) ;
#2906 = DIRECTION ( 'NONE',  ( 0.0000000000000000000, 1.000000000000000000, 0.0000000000000000000 ) ) ;
#2907 = FACE_OUTER_BOUND ( 'NONE', #379, .T. ) ;
#2908 = VECTOR ( 'NONE', #660, 1000.000000000000000 ) ;
#2909 = FILL_AREA_STYLE_COLOUR ( '', #564 ) ;
#2910 = LINE ( 'NONE', #2599, #2071 ) ;
#2911 = SURFACE_STYLE_FILL_AREA ( #3943 ) ;
#2912 =( NAMED_UNIT ( * ) SI_UNIT ( $, .STERADIAN. ) SOLID_ANGLE_UNIT ( ) );
#2913 = ADVANCED_FACE ( 'NONE', ( #2459, #1636 ), #3145, .T. ) ;
#2914 = VECTOR ( 'NONE', #3737, 1000.000000000000114 ) ;
#2915 = LINE ( 'NONE', #3544, #3012 ) ;
#2916 = SURFACE_STYLE_USAGE ( .BOTH. , #745 ) ;
#2917 = EDGE_CURVE ( 'NONE', #524, #2502, #2184, .T. ) ;
#2918 = APPLICATION_CONTEXT ( 'automotive_design' ) ;
#2919 = SURFACE_STYLE_USAGE ( .BOTH. , #748 ) ;
#2920 = PRESENTATION_LAYER_ASSIGNMENT (  '', '', ( #954 ) ) ;
#2921 = DIRECTION ( 'NONE',  ( -0.0000000000000000000, 1.000000000000000000, -0.0000000000000000000 ) ) ;
#2922 = LINE ( 'NONE', #1949, #3025 ) ;
#2923 = LINE ( 'NONE', #1281, #566 ) ;
#2924 = MECHANICAL_DESIGN_GEOMETRIC_PRESENTATION_REPRESENTATION (  '', ( #2503 ), #3135 ) ;
#2925 = EDGE_CURVE ( 'NONE', #3541, #3767, #828, .T. ) ;
#2926 = LINE ( 'NONE', #3964, #2201 ) ;
#2927 = SURFACE_SIDE_STYLE ('',( #2668 ) ) ;
#2928 = ADVANCED_FACE ( 'NONE', ( #2907 ), #2964, .F. ) ;
#2929 = VECTOR ( 'NONE', #3149, 1000.000000000000000 ) ;
#2930 = DIRECTION ( 'NONE',  ( -0.0000000000000000000, -1.000000000000000000, -0.0000000000000000000 ) ) ;
#2931 = EDGE_LOOP ( 'NONE', ( #2549, #467, #3494, #576 ) ) ;
#2932 = CARTESIAN_POINT ( 'NONE',  ( -0.6571428571428572507, 0.1499999999999999944, -0.2060315014550847812 ) ) ;
#2933 = DIRECTION ( 'NONE',  ( -0.0000000000000000000, -1.000000000000000000, -0.0000000000000000000 ) ) ;
#2934 = EDGE_CURVE ( 'NONE', #1023, #1417, #656, .T. ) ;
#2935 = ORIENTED_EDGE ( 'NONE', *, *, #1550, .T. ) ;
#2936 = ORIENTED_EDGE ( 'NONE', *, *, #1797, .F. ) ;
#2937 = SURFACE_STYLE_USAGE ( .BOTH. , #768 ) ;
#2938 = ORIENTED_EDGE ( 'NONE', *, *, #403, .T. ) ;
#2939 = VERTEX_POINT ( 'NONE', #1101 ) ;
#2940 = ORIENTED_EDGE ( 'NONE', *, *, #55, .T. ) ;
#2941 = DIRECTION ( 'NONE',  ( 0.0000000000000000000, -1.000000000000000000, 0.0000000000000000000 ) ) ;
#2942 = CIRCLE ( 'NONE', #1537, 0.4000000000000000777 ) ;
#2943 = EDGE_LOOP ( 'NONE', ( #1108, #891, #3129, #2061, #2581 ) ) ;
#2944 = VERTEX_POINT ( 'NONE', #2977 ) ;
#2945 = CARTESIAN_POINT ( 'NONE',  ( -0.1215544456622767305, -0.09999999999999999167, -0.01732050807568879386 ) ) ;
#2946 = CARTESIAN_POINT ( 'NONE',  ( 0.9999999999999995559, 0.1000000000000000472, 0.0000000000000000000 ) ) ;
#2947 = UNCERTAINTY_MEASURE_WITH_UNIT (LENGTH_MEASURE( 1.000000000000000082E-05 ), #2716, 'distance_accuracy_value', 'NONE');
#2948 = ADVANCED_FACE ( 'NONE', ( #3110 ), #1117, .F. ) ;
#2949 = LINE ( 'NONE', #2406, #2124 ) ;
#2950 = AXIS2_PLACEMENT_3D ( 'NONE', #1946, #120, #2269 ) ;
#2951 = AXIS2_PLACEMENT_3D ( 'NONE', #2316, #489, #2634 ) ;
#2952 = COLOUR_RGB ( '',1.000000000000000000, 1.000000000000000000, 1.000000000000000000 ) ;
#2953 = VECTOR ( 'NONE', #851, 1000.000000000000000 ) ;
#2954 = DIRECTION ( 'NONE',  ( 0.0000000000000000000, 1.000000000000000000, 0.0000000000000000000 ) ) ;
#2955 =( NAMED_UNIT ( * ) PLANE_ANGLE_UNIT ( ) SI_UNIT ( $, .RADIAN. ) );
#2956 = EDGE_CURVE ( 'NONE', #893, #1828, #2710, .T. ) ;
#2957 = PRESENTATION_STYLE_ASSIGNMENT (( #568 ) ) ;
#2958 = CIRCLE ( 'NONE', #1160, 0.01999999999999999695 ) ;
#2959 = CIRCLE ( 'NONE', #393, 0.03999999999999999389 ) ;
#2960 =( NAMED_UNIT ( * ) SI_UNIT ( $, .STERADIAN. ) SOLID_ANGLE_UNIT ( ) );
#2961 = CARTESIAN_POINT ( 'NONE',  ( 0.9999999999999995559, -1.227032961426900881, 0.0000000000000000000 ) ) ;
#2962 = FACE_OUTER_BOUND ( 'NONE', #1865, .T. ) ;
#2963 = AXIS2_PLACEMENT_3D ( 'NONE', #678, #2489, #735 ) ;
#2964 = PLANE ( 'NONE',  #376 ) ;
#2965 = EDGE_CURVE ( 'NONE', #2854, #3500, #3513, .T. ) ;
#2966 = CARTESIAN_POINT ( 'NONE',  ( 0.0000000000000000000, -0.09999999999999999167, 0.0000000000000000000 ) ) ;
#2967 = CARTESIAN_POINT ( 'NONE',  ( -0.5999999999999999778, -0.1499999999999999667, -0.4999999999999997780 ) ) ;
#2968 = ADVANCED_FACE ( 'NONE', ( #3428 ), #1786, .F. ) ;
#2969 = CARTESIAN_POINT ( 'NONE',  ( 0.9999999999999995559, -0.1499999999999999667, -0.2000000000000002054 ) ) ;
#2970 = LINE ( 'NONE', #97, #2147 ) ;
#2971 = DIRECTION ( 'NONE',  ( -2.587789240124152535E-16, 0.0000000000000000000, -1.000000000000000000 ) ) ;
#2972 = FACE_OUTER_BOUND ( 'NONE', #2646, .T. ) ;
#2973 = FILL_AREA_STYLE_COLOUR ( '', #1792 ) ;
#2974 = FACE_OUTER_BOUND ( 'NONE', #3362, .T. ) ;
#2975 = STYLED_ITEM ( 'NONE', ( #3389 ), #1925 ) ;
#2976 =( GEOMETRIC_REPRESENTATION_CONTEXT ( 3 ) GLOBAL_UNCERTAINTY_ASSIGNED_CONTEXT ( ( #3954 ) ) GLOBAL_UNIT_ASSIGNED_CONTEXT ( ( #2430, #614, #2759 ) ) REPRESENTATION_CONTEXT ( 'NONE', 'WORKASPACE' ) );
#2977 = CARTESIAN_POINT ( 'NONE',  ( -0.6571428571428571397, 0.09999999999999999167, 0.2060315014550850032 ) ) ;
#2978 = PRESENTATION_STYLE_ASSIGNMENT (( #3271 ) ) ;
#2979 = DIRECTION ( 'NONE',  ( 0.0000000000000000000, 0.0000000000000000000, 1.000000000000000000 ) ) ;
#2980 = MECHANICAL_DESIGN_GEOMETRIC_PRESENTATION_REPRESENTATION (  '', ( #2333 ), #3174 ) ;
#2981 = VERTEX_POINT ( 'NONE', #1145 ) ;
#2982 = CARTESIAN_POINT ( 'NONE',  ( 0.9999999999999995559, 0.1000000000000000472, 0.2000000000000002331 ) ) ;
#2983 = ORIENTED_EDGE ( 'NONE', *, *, #1402, .F. ) ;
#2984 = CARTESIAN_POINT ( 'NONE',  ( 0.0000000000000000000, 0.09999999999999999167, 0.0000000000000000000 ) ) ;
#2985 = DIRECTION ( 'NONE',  ( -1.000000000000000000, 0.0000000000000000000, 0.0000000000000000000 ) ) ;
#2986 = AXIS2_PLACEMENT_3D ( 'NONE', #2841, #1606, #3769 ) ;
#2987 = VERTEX_POINT ( 'NONE', #1468 ) ;
#2988 = CARTESIAN_POINT ( 'NONE',  ( 0.9999999999999995559, -0.1499999999999999944, -0.6250000000000000000 ) ) ;
#2989 = EDGE_LOOP ( 'NONE', ( #3237, #1707, #634, #3343 ) ) ;
#2990 = ADVANCED_FACE ( 'NONE', ( #971 ), #699, .F. ) ;
#2991 = AXIS2_PLACEMENT_3D ( 'NONE', #509, #2921, #1055 ) ;
#2992 = SURFACE_STYLE_USAGE ( .BOTH. , #814 ) ;
#2993 = FACE_OUTER_BOUND ( 'NONE', #738, .T. ) ;
#2994 = FILL_AREA_STYLE ('',( #802 ) ) ;
#2995 = EDGE_LOOP ( 'NONE', ( #2861, #3132, #1656, #2444 ) ) ;
#2996 = EDGE_LOOP ( 'NONE', ( #2057, #1665, #350, #2589 ) ) ;
#2997 = FACE_OUTER_BOUND ( 'NONE', #2996, .T. ) ;
#2998 = ORIENTED_EDGE ( 'NONE', *, *, #8, .T. ) ;
#2999 = ORIENTED_EDGE ( 'NONE', *, *, #1076, .T. ) ;
#3000 = CARTESIAN_POINT ( 'NONE',  ( 0.1215544456622766889, -0.5777974510803784991, -0.1576794919243112436 ) ) ;
#3001 = EDGE_LOOP ( 'NONE', ( #730, #527, #3509, #574 ) ) ;
#3002 = CARTESIAN_POINT ( 'NONE',  ( 0.9999999999999995559, -0.09999999999999999167, 0.5000000000000002220 ) ) ;
#3003 = SURFACE_STYLE_FILL_AREA ( #3243 ) ;
#3004 = CARTESIAN_POINT ( 'NONE',  ( -0.9999999999999995559, 0.1499999999999999944, 0.2000000000000002331 ) ) ;
#3005 = CARTESIAN_POINT ( 'NONE',  ( 1.400000000000000577, -0.09999999999999999167, -0.4999999999999997780 ) ) ;
#3006 = COLOUR_RGB ( '',1.000000000000000000, 1.000000000000000000, 1.000000000000000000 ) ;
#3007 = CARTESIAN_POINT ( 'NONE',  ( -1.000000000000000222, 0.1499999999999999944, 2.168404344971008868E-16 ) ) ;
#3008 = EDGE_CURVE ( 'NONE', #3133, #2060, #2305, .T. ) ;
#3009 = SURFACE_STYLE_FILL_AREA ( #3894 ) ;
#3010 = VECTOR ( 'NONE', #456, 1000.000000000000000 ) ;
#3011 = UNCERTAINTY_MEASURE_WITH_UNIT (LENGTH_MEASURE( 1.000000000000000082E-05 ), #3431, 'distance_accuracy_value', 'NONE');
#3012 = VECTOR ( 'NONE', #1694, 1000.000000000000000 ) ;
#3013 =( NAMED_UNIT ( * ) PLANE_ANGLE_UNIT ( ) SI_UNIT ( $, .RADIAN. ) );
#3014 = CARTESIAN_POINT ( 'NONE',  ( 0.9999999999999995559, -1.227032961426900881, 0.2000000000000002331 ) ) ;
#3015 = AXIS2_PLACEMENT_3D ( 'NONE', #318, #2461, #637 ) ;
#3016 = DIRECTION ( 'NONE',  ( 1.897353801849628421E-15, 0.0000000000000000000, -1.000000000000000000 ) ) ;
#3017 = EDGE_CURVE ( 'NONE', #2846, #2939, #1514, .T. ) ;
#3018 = CARTESIAN_POINT ( 'NONE',  ( -0.6410783056181883488, 0.5100000000000000089, 0.5660783056181883932 ) ) ;
#3019 = SURFACE_STYLE_USAGE ( .BOTH. , #830 ) ;
#3020 = DIRECTION ( 'NONE',  ( 0.0000000000000000000, 0.0000000000000000000, -1.000000000000000000 ) ) ;
#3021 = PRESENTATION_STYLE_ASSIGNMENT (( #165 ) ) ;
#3022 = DIRECTION ( 'NONE',  ( 0.0000000000000000000, 0.0000000000000000000, -1.000000000000000000 ) ) ;
#3023 = EDGE_CURVE ( 'NONE', #1146, #3939, #3858, .T. ) ;
#3024 = CARTESIAN_POINT ( 'NONE',  ( -1.000000000000000444, 0.1499999999999999667, -0.3499999999999998113 ) ) ;
#3025 = VECTOR ( 'NONE', #2272, 1000.000000000000000 ) ;
#3026 = CIRCLE ( 'NONE', #3448, 0.01999999999999999695 ) ;
#3027 = CARTESIAN_POINT ( 'NONE',  ( -1.000000000000000444, -0.1499999999999999944, -0.6249999999999997780 ) ) ;
#3028 = LINE ( 'NONE', #2103, #3747 ) ;
#3029 = SURFACE_STYLE_FILL_AREA ( #3946 ) ;
#3030 = CARTESIAN_POINT ( 'NONE',  ( 0.1315544456622766700, -0.09999999999999999167, 0.1603589838486224328 ) ) ;
#3031 = CARTESIAN_POINT ( 'NONE',  ( 0.1315544456622766700, -0.5777974510803784991, 0.1403589838486224151 ) ) ;
#3032 = FILL_AREA_STYLE_COLOUR ( '', #3288 ) ;
#3033 = FACE_OUTER_BOUND ( 'NONE', #3247, .T. ) ;
#3034 = STYLED_ITEM ( 'NONE', ( #26 ), #966 ) ;
#3035 =( NAMED_UNIT ( * ) SI_UNIT ( $, .STERADIAN. ) SOLID_ANGLE_UNIT ( ) );
#3036 = AXIS2_PLACEMENT_3D ( 'NONE', #317, #33, #2172 ) ;
#3037 =( NAMED_UNIT ( * ) SI_UNIT ( $, .STERADIAN. ) SOLID_ANGLE_UNIT ( ) );
#3038 = CARTESIAN_POINT ( 'NONE',  ( -0.1215544456622767167, -0.1499999999999999944, 0.01732050807568877998 ) ) ;
#3039 = CARTESIAN_POINT ( 'NONE',  ( -0.6999999999999999556, 0.1499999999999999944, -0.6250000000000002220 ) ) ;
#3040 = VERTEX_POINT ( 'NONE', #3629 ) ;
#3041 = CARTESIAN_POINT ( 'NONE',  ( 0.6600548186098170733, 0.1499999999999999944, 0.6250000000000002220 ) ) ;
#3042 = ORIENTED_EDGE ( 'NONE', *, *, #2514, .T. ) ;
#3043 = ORIENTED_EDGE ( 'NONE', *, *, #2414, .T. ) ;
#3044 = CARTESIAN_POINT ( 'NONE',  ( -1.000000000000000444, 0.1499999999999999944, -0.6249999999999997780 ) ) ;
#3045 = DIRECTION ( 'NONE',  ( -2.587789240124152535E-16, 0.0000000000000000000, 1.000000000000000000 ) ) ;
#3046 = MECHANICAL_DESIGN_GEOMETRIC_PRESENTATION_REPRESENTATION (  '', ( #2401 ), #3219 ) ;
#3047 = CARTESIAN_POINT ( 'NONE',  ( -1.000000000000000222, 0.1499999999999999944, 2.168404344971008868E-16 ) ) ;
#3048 = LINE ( 'NONE', #1693, #3661 ) ;
#3049 = ORIENTED_EDGE ( 'NONE', *, *, #3144, .T. ) ;
#3050 = VERTEX_POINT ( 'NONE', #1479 ) ;
#3051 =( NAMED_UNIT ( * ) SI_UNIT ( $, .STERADIAN. ) SOLID_ANGLE_UNIT ( ) );
#3052 = ORIENTED_EDGE ( 'NONE', *, *, #1818, .T. ) ;
#3053 = CARTESIAN_POINT ( 'NONE',  ( -0.9999999999999995559, -0.9326237921249266316, 0.2000000000000002331 ) ) ;
#3054 = EDGE_CURVE ( 'NONE', #1023, #919, #2228, .T. ) ;
#3055 = CARTESIAN_POINT ( 'NONE',  ( 0.9999999999999995559, -0.1499999999999999667, 0.5000000000000002220 ) ) ;
#3056 = EDGE_CURVE ( 'NONE', #2292, #847, #607, .T. ) ;
#3057 = LINE ( 'NONE', #2159, #2226 ) ;
#3058 = VECTOR ( 'NONE', #254, 1000.000000000000000 ) ;
#3059 = CARTESIAN_POINT ( 'NONE',  ( 0.9999999999999995559, -1.227032961426900881, 0.5000000000000002220 ) ) ;
#3060 =( GEOMETRIC_REPRESENTATION_CONTEXT ( 3 ) GLOBAL_UNCERTAINTY_ASSIGNED_CONTEXT ( ( #1343 ) ) GLOBAL_UNIT_ASSIGNED_CONTEXT ( ( #3396, #1568, #3722 ) ) REPRESENTATION_CONTEXT ( 'NONE', 'WORKASPACE' ) );
#3061 = AXIS2_PLACEMENT_3D ( 'NONE', #3624, #3016, #827 ) ;
#3062 = FILL_AREA_STYLE_COLOUR ( '', #3441 ) ;
#3063 = VECTOR ( 'NONE', #2680, 1000.000000000000000 ) ;
#3064 = CARTESIAN_POINT ( 'NONE',  ( -0.5999999999999999778, 0.09999999999999999167, 0.2060315014550845869 ) ) ;
#3065 = MECHANICAL_DESIGN_GEOMETRIC_PRESENTATION_REPRESENTATION (  '', ( #2624 ), #3230 ) ;
#3066 = DIRECTION ( 'NONE',  ( 2.587789240124152535E-16, 0.0000000000000000000, 1.000000000000000000 ) ) ;
#3067 = PLANE ( 'NONE',  #953 ) ;
#3068 = UNCERTAINTY_MEASURE_WITH_UNIT (LENGTH_MEASURE( 1.000000000000000082E-05 ), #2403, 'distance_accuracy_value', 'NONE');
#3069 = EDGE_CURVE ( 'NONE', #1086, #1910, #3148, .T. ) ;
#3070 =( LENGTH_UNIT ( ) NAMED_UNIT ( * ) SI_UNIT ( .MILLI., .METRE. ) );
#3071 = DIRECTION ( 'NONE',  ( -0.0000000000000000000, 1.000000000000000000, -0.0000000000000000000 ) ) ;
#3072 = DIRECTION ( 'NONE',  ( 0.0000000000000000000, 0.0000000000000000000, -1.000000000000000000 ) ) ;
#3073 = ORIENTED_EDGE ( 'NONE', *, *, #2616, .T. ) ;
#3074 = DIRECTION ( 'NONE',  ( 1.000000000000000000, 0.0000000000000000000, 1.897353801849628421E-15 ) ) ;
#3075 = AXIS2_PLACEMENT_3D ( 'NONE', #833, #1761, #3022 ) ;
#3076 = DIRECTION ( 'NONE',  ( 0.0000000000000000000, 0.0000000000000000000, 1.000000000000000000 ) ) ;
#3077 = EDGE_CURVE ( 'NONE', #1992, #3711, #3775, .T. ) ;
#3078 = DIRECTION ( 'NONE',  ( 0.0000000000000000000, -0.0000000000000000000, -1.000000000000000000 ) ) ;
#3079 = ORIENTED_EDGE ( 'NONE', *, *, #1527, .T. ) ;
#3080 = CARTESIAN_POINT ( 'NONE',  ( -0.1215544456622767305, -0.09999999999999999167, -0.01732050807568879386 ) ) ;
#3081 = LINE ( 'NONE', #6, #3787 ) ;
#3082 = CIRCLE ( 'NONE', #211, 0.02000000000000002470 ) ;
#3083 = UNCERTAINTY_MEASURE_WITH_UNIT (LENGTH_MEASURE( 1.000000000000000082E-05 ), #646, 'distance_accuracy_value', 'NONE');
#3084 = CARTESIAN_POINT ( 'NONE',  ( -0.6571428571428572507, 0.1499999999999999944, -0.2060315014550847812 ) ) ;
#3085 = CARTESIAN_POINT ( 'NONE',  ( -1.000000000000000222, -0.9326237921249266316, 2.168404344971008868E-16 ) ) ;
#3086 = CARTESIAN_POINT ( 'NONE',  ( -1.000000000000000222, 0.09999999999999999167, 0.4000000000000002998 ) ) ;
#3087 = ORIENTED_EDGE ( 'NONE', *, *, #1691, .F. ) ;
#3088 = CARTESIAN_POINT ( 'NONE',  ( -0.7000000000000000666, 0.1499999999999999944, 0.6084674183081287824 ) ) ;
#3089 = AXIS2_PLACEMENT_3D ( 'NONE', #2984, #1445, #3584 ) ;
#3090 = DIRECTION ( 'NONE',  ( 0.8660254037844385966, 0.0000000000000000000, -0.5000000000000001110 ) ) ;
#3091 = CARTESIAN_POINT ( 'NONE',  ( -1.000000000000000444, 0.1499999999999999944, -0.3999999999999998557 ) ) ;
#3092 = VERTEX_POINT ( 'NONE', #3038 ) ;
#3093 = ORIENTED_EDGE ( 'NONE', *, *, #118, .T. ) ;
#3094 = CARTESIAN_POINT ( 'NONE',  ( -0.5999999999999999778, 0.09999999999999999167, -0.2060315014550845869 ) ) ;
#3095 = SURFACE_SIDE_STYLE ('',( #75 ) ) ;
#3096 = LINE ( 'NONE', #1838, #1443 ) ;
#3097 = ORIENTED_EDGE ( 'NONE', *, *, #852, .T. ) ;
#3098 = VERTEX_POINT ( 'NONE', #1184 ) ;
#3099 = CARTESIAN_POINT ( 'NONE',  ( -1.000000000000000222, 0.1499999999999999944, 0.4000000000000002998 ) ) ;
#3100 = SURFACE_SIDE_STYLE ('',( #1254 ) ) ;
#3101 = ORIENTED_EDGE ( 'NONE', *, *, #2152, .F. ) ;
#3102 = EDGE_LOOP ( 'NONE', ( #1722, #1590, #3609, #2849, #391 ) ) ;
#3103 = DIRECTION ( 'NONE',  ( 0.0000000000000000000, -0.0000000000000000000, 1.000000000000000000 ) ) ;
#3104 = ORIENTED_EDGE ( 'NONE', *, *, #3226, .F. ) ;
#3105 = EDGE_CURVE ( 'NONE', #2842, #1633, #2127, .T. ) ;
#3106 =( NAMED_UNIT ( * ) PLANE_ANGLE_UNIT ( ) SI_UNIT ( $, .RADIAN. ) );
#3107 = DIRECTION ( 'NONE',  ( 0.0000000000000000000, 0.0000000000000000000, 1.000000000000000000 ) ) ;
#3108 = SURFACE_SIDE_STYLE ('',( #940 ) ) ;
#3109 = LINE ( 'NONE', #3963, #3907 ) ;
#3110 = FACE_OUTER_BOUND ( 'NONE', #3001, .T. ) ;
#3111 = VECTOR ( 'NONE', #2606, 1000.000000000000000 ) ;
#3112 = DIRECTION ( 'NONE',  ( -0.0000000000000000000, 0.0000000000000000000, 1.000000000000000000 ) ) ;
#3113 =( GEOMETRIC_REPRESENTATION_CONTEXT ( 3 ) GLOBAL_UNCERTAINTY_ASSIGNED_CONTEXT ( ( #2229 ) ) GLOBAL_UNIT_ASSIGNED_CONTEXT ( ( #2731, #865, #3051 ) ) REPRESENTATION_CONTEXT ( 'NONE', 'WORKASPACE' ) );
#3114 = STYLED_ITEM ( 'NONE', ( #1848 ), #523 ) ;
#3115 = FILL_AREA_STYLE ('',( #3710 ) ) ;
#3116 = CARTESIAN_POINT ( 'NONE',  ( -1.000000000000000444, 0.09999999999999999167, -0.3999999999999998557 ) ) ;
#3117 = SURFACE_SIDE_STYLE ('',( #2069 ) ) ;
#3118 = DIRECTION ( 'NONE',  ( -0.0000000000000000000, -0.0000000000000000000, 1.000000000000000000 ) ) ;
#3119 = VECTOR ( 'NONE', #774, 1000.000000000000000 ) ;
#3120 = AXIS2_PLACEMENT_3D ( 'NONE', #3317, #1491, #3636 ) ;
#3121 = CARTESIAN_POINT ( 'NONE',  ( -0.6563397331227096565, 0.2187946157363703237, 0.5813397331227100340 ) ) ;
#3122 = DIRECTION ( 'NONE',  ( 0.8660254037844384856, 0.0000000000000000000, -0.5000000000000002220 ) ) ;
#3123 = MANIFOLD_SOLID_BREP ( 'Boss-Extrude6', #2658 ) ;
#3124 = CARTESIAN_POINT ( 'NONE',  ( -0.5999999999999999778, 0.1499999999999999944, -0.2060315014550845869 ) ) ;
#3125 = EDGE_CURVE ( 'NONE', #1097, #2840, #2556, .T. ) ;
#3126 = LINE ( 'NONE', #2079, #2284 ) ;
#3127 = DIRECTION ( 'NONE',  ( 1.445602896647339706E-15, 0.0000000000000000000, -1.000000000000000000 ) ) ;
#3128 = ORIENTED_EDGE ( 'NONE', *, *, #600, .T. ) ;
#3129 = ORIENTED_EDGE ( 'NONE', *, *, #1437, .F. ) ;
#3130 = CLOSED_SHELL ( 'NONE', ( #3554, #2628, #2586, #2250, #3153, #191, #1030, #1293 ) ) ;
#3131 = MECHANICAL_DESIGN_GEOMETRIC_PRESENTATION_REPRESENTATION (  '', ( #954 ), #3311 ) ;
#3132 = ORIENTED_EDGE ( 'NONE', *, *, #3524, .F. ) ;
#3133 = VERTEX_POINT ( 'NONE', #2137 ) ;
#3134 = SURFACE_SIDE_STYLE ('',( #1210 ) ) ;
#3135 =( GEOMETRIC_REPRESENTATION_CONTEXT ( 3 ) GLOBAL_UNCERTAINTY_ASSIGNED_CONTEXT ( ( #1628 ) ) GLOBAL_UNIT_ASSIGNED_CONTEXT ( ( #548, #2694, #826 ) ) REPRESENTATION_CONTEXT ( 'NONE', 'WORKASPACE' ) );
#3136 = EDGE_CURVE ( 'NONE', #338, #3613, #112, .T. ) ;
#3137 = VERTEX_POINT ( 'NONE', #2438 ) ;
#3138 = SURFACE_SIDE_STYLE ('',( #3290 ) ) ;
#3139 = CARTESIAN_POINT ( 'NONE',  ( -1.000000000000000222, 0.1499999999999999944, -0.6249999999999997780 ) ) ;
#3140 = VERTEX_POINT ( 'NONE', #3678 ) ;
#3141 = VERTEX_POINT ( 'NONE', #902 ) ;
#3142 =( NAMED_UNIT ( * ) PLANE_ANGLE_UNIT ( ) SI_UNIT ( $, .RADIAN. ) );
#3143 = VECTOR ( 'NONE', #3190, 1000.000000000000000 ) ;
#3144 = EDGE_CURVE ( 'NONE', #1777, #688, #812, .T. ) ;
#3145 = PLANE ( 'NONE',  #2725 ) ;
#3146 = CYLINDRICAL_SURFACE ( 'NONE', #2198, 0.02000000000000002470 ) ;
#3147 = VECTOR ( 'NONE', #623, 1000.000000000000114 ) ;
#3148 = LINE ( 'NONE', #2410, #1315 ) ;
#3149 = DIRECTION ( 'NONE',  ( -0.0000000000000000000, 1.000000000000000000, -0.0000000000000000000 ) ) ;
#3150 = CARTESIAN_POINT ( 'NONE',  ( 0.1315544456622766700, -0.09999999999999999167, 0.1403589838486224151 ) ) ;
#3151 = LINE ( 'NONE', #1122, #2306 ) ;
#3152 = DIRECTION ( 'NONE',  ( 2.587789240124152535E-16, 0.0000000000000000000, -1.000000000000000000 ) ) ;
#3153 = ADVANCED_FACE ( 'NONE', ( #1637 ), #1221, .F. ) ;
#3154 = VECTOR ( 'NONE', #817, 1000.000000000000000 ) ;
#3155 = AXIS2_PLACEMENT_3D ( 'NONE', #2257, #2888, #1024 ) ;
#3156 = AXIS2_PLACEMENT_3D ( 'NONE', #3252, #1431, #3570 ) ;
#3157 = CARTESIAN_POINT ( 'NONE',  ( -0.1115544456622767355, -0.5777974510803784991, -2.710505439397719968E-17 ) ) ;
#3158 = SURFACE_STYLE_USAGE ( .BOTH. , #996 ) ;
#3159 = SURFACE_SIDE_STYLE ('',( #3228 ) ) ;
#3160 = VECTOR ( 'NONE', #3107, 1000.000000000000000 ) ;
#3161 =( GEOMETRIC_REPRESENTATION_CONTEXT ( 3 ) GLOBAL_UNCERTAINTY_ASSIGNED_CONTEXT ( ( #3337 ) ) GLOBAL_UNIT_ASSIGNED_CONTEXT ( ( #1038, #135, #2279 ) ) REPRESENTATION_CONTEXT ( 'NONE', 'WORKASPACE' ) );
#3162 = EDGE_CURVE ( 'NONE', #1828, #3165, #3679, .T. ) ;
#3163 = ADVANCED_FACE ( 'NONE', ( #2351 ), #629, .F. ) ;
#3164 = SURFACE_SIDE_STYLE ('',( #1264 ) ) ;
#3165 = VERTEX_POINT ( 'NONE', #315 ) ;
#3166 = ORIENTED_EDGE ( 'NONE', *, *, #679, .F. ) ;
#3167 = CARTESIAN_POINT ( 'NONE',  ( 0.9999999999999995559, -0.1499999999999999944, 0.5000000000000002220 ) ) ;
#3168 = ORIENTED_EDGE ( 'NONE', *, *, #3630, .F. ) ;
#3169 = ORIENTED_EDGE ( 'NONE', *, *, #1081, .F. ) ;
#3170 = AXIS2_PLACEMENT_3D ( 'NONE', #2262, #2567, #736 ) ;
#3171 = PRESENTATION_LAYER_ASSIGNMENT (  '', '', ( #23 ) ) ;
#3172 = VERTEX_POINT ( 'NONE', #1554 ) ;
#3173 = VERTEX_POINT ( 'NONE', #3091 ) ;
#3174 =( GEOMETRIC_REPRESENTATION_CONTEXT ( 3 ) GLOBAL_UNCERTAINTY_ASSIGNED_CONTEXT ( ( #2783 ) ) GLOBAL_UNIT_ASSIGNED_CONTEXT ( ( #301, #2440, #618 ) ) REPRESENTATION_CONTEXT ( 'NONE', 'WORKASPACE' ) );
#3175 = DIRECTION ( 'NONE',  ( 0.0000000000000000000, -1.000000000000000000, 0.0000000000000000000 ) ) ;
#3176 = FILL_AREA_STYLE_COLOUR ( '', #3278 ) ;
#3177 = ORIENTED_EDGE ( 'NONE', *, *, #3819, .T. ) ;
#3178 = EDGE_LOOP ( 'NONE', ( #100, #871, #2493, #3042 ) ) ;
#3179 = ADVANCED_FACE ( 'NONE', ( #925 ), #1853, .T. ) ;
#3180 = PRESENTATION_LAYER_ASSIGNMENT (  '', '', ( #2786 ) ) ;
#3181 = SURFACE_STYLE_FILL_AREA ( #2467 ) ;
#3182 = STYLED_ITEM ( 'NONE', ( #967 ), #3203 ) ;
#3183 = UNCERTAINTY_MEASURE_WITH_UNIT (LENGTH_MEASURE( 1.000000000000000082E-05 ), #3209, 'distance_accuracy_value', 'NONE');
#3184 = FACE_OUTER_BOUND ( 'NONE', #1199, .T. ) ;
#3185 = LINE ( 'NONE', #3536, #3111 ) ;
#3186 = CARTESIAN_POINT ( 'NONE',  ( 0.0000000000000000000, 0.0000000000000000000, 0.0000000000000000000 ) ) ;
#3187 = DIRECTION ( 'NONE',  ( 0.0000000000000000000, 0.0000000000000000000, -1.000000000000000000 ) ) ;
#3188 = EDGE_CURVE ( 'NONE', #3662, #3366, #1268, .T. ) ;
#3189 = ADVANCED_FACE ( 'NONE', ( #3617 ), #337, .T. ) ;
#3190 = DIRECTION ( 'NONE',  ( 0.0000000000000000000, 0.0000000000000000000, 1.000000000000000000 ) ) ;
#3191 = ORIENTED_EDGE ( 'NONE', *, *, #3960, .F. ) ;
#3192 = CARTESIAN_POINT ( 'NONE',  ( 0.0000000000000000000, -0.1499999999999999944, 0.0000000000000000000 ) ) ;
#3193 = EDGE_CURVE ( 'NONE', #3545, #2483, #148, .T. ) ;
#3194 = CIRCLE ( 'NONE', #1111, 0.03999999999999999389 ) ;
#3195 = EDGE_CURVE ( 'NONE', #2385, #2726, #3318, .T. ) ;
#3196 =( NAMED_UNIT ( * ) PLANE_ANGLE_UNIT ( ) SI_UNIT ( $, .RADIAN. ) );
#3197 = VERTEX_POINT ( 'NONE', #38 ) ;
#3198 = ORIENTED_EDGE ( 'NONE', *, *, #2934, .T. ) ;
#3199 = SURFACE_SIDE_STYLE ('',( #2613 ) ) ;
#3200 =( NAMED_UNIT ( * ) PLANE_ANGLE_UNIT ( ) SI_UNIT ( $, .RADIAN. ) );
#3201 = ORIENTED_EDGE ( 'NONE', *, *, #2824, .T. ) ;
#3202 = ORIENTED_EDGE ( 'NONE', *, *, #1818, .F. ) ;
#3203 = ADVANCED_FACE ( 'NONE', ( #855 ), #3319, .T. ) ;
#3204 = ORIENTED_EDGE ( 'NONE', *, *, #48, .T. ) ;
#3205 = ORIENTED_EDGE ( 'NONE', *, *, #2494, .T. ) ;
#3206 = AXIS2_PLACEMENT_3D ( 'NONE', #3392, #1564, #3716 ) ;
#3207 = STYLED_ITEM ( 'NONE', ( #2022 ), #2268 ) ;
#3208 = ORIENTED_EDGE ( 'NONE', *, *, #721, .T. ) ;
#3209 =( LENGTH_UNIT ( ) NAMED_UNIT ( * ) SI_UNIT ( .MILLI., .METRE. ) );
#3210 = VECTOR ( 'NONE', #1357, 1000.000000000000000 ) ;
#3211 = ORIENTED_EDGE ( 'NONE', *, *, #2819, .T. ) ;
#3212 = COLOUR_RGB ( '',0.7529411764705882248, 0.7529411764705882248, 0.0000000000000000000 ) ;
#3213 = CARTESIAN_POINT ( 'NONE',  ( 0.6999999999999999556, 0.5100000000000000089, -0.5660783056181885042 ) ) ;
#3214 = LINE ( 'NONE', #2428, #2409 ) ;
#3215 = DIRECTION ( 'NONE',  ( 1.000000000000000000, 0.0000000000000000000, 0.0000000000000000000 ) ) ;
#3216 = CARTESIAN_POINT ( 'NONE',  ( 0.9999999999999995559, 0.09999999999999999167, -0.2500000000000000000 ) ) ;
#3217 = UNCERTAINTY_MEASURE_WITH_UNIT (LENGTH_MEASURE( 1.000000000000000082E-05 ), #462, 'distance_accuracy_value', 'NONE');
#3218 = SURFACE_STYLE_FILL_AREA ( #3920 ) ;
#3219 =( GEOMETRIC_REPRESENTATION_CONTEXT ( 3 ) GLOBAL_UNCERTAINTY_ASSIGNED_CONTEXT ( ( #1192 ) ) GLOBAL_UNIT_ASSIGNED_CONTEXT ( ( #624, #2778, #920 ) ) REPRESENTATION_CONTEXT ( 'NONE', 'WORKASPACE' ) );
#3220 =( NAMED_UNIT ( * ) PLANE_ANGLE_UNIT ( ) SI_UNIT ( $, .RADIAN. ) );
#3221 = DIRECTION ( 'NONE',  ( -0.0000000000000000000, -0.0000000000000000000, -1.000000000000000000 ) ) ;
#3222 = VECTOR ( 'NONE', #2456, 1000.000000000000000 ) ;
#3223 = ADVANCED_FACE ( 'NONE', ( #3771 ), #2098, .F. ) ;
#3224 = ORIENTED_EDGE ( 'NONE', *, *, #2162, .F. ) ;
#3225 = EDGE_CURVE ( 'NONE', #1547, #1417, #2223, .T. ) ;
#3226 = EDGE_CURVE ( 'NONE', #1828, #193, #2949, .T. ) ;
#3227 = STYLED_ITEM ( 'NONE', ( #845 ), #191 ) ;
#3228 = SURFACE_STYLE_FILL_AREA ( #999 ) ;
#3229 = CARTESIAN_POINT ( 'NONE',  ( 0.6999999999999999556, 0.1499999999999999944, -0.6084674183081293375 ) ) ;
#3230 =( GEOMETRIC_REPRESENTATION_CONTEXT ( 3 ) GLOBAL_UNCERTAINTY_ASSIGNED_CONTEXT ( ( #3783 ) ) GLOBAL_UNIT_ASSIGNED_CONTEXT ( ( #1456, #3593, #1745 ) ) REPRESENTATION_CONTEXT ( 'NONE', 'WORKASPACE' ) );
#3231 = EDGE_CURVE ( 'NONE', #2702, #103, #1406, .T. ) ;
#3232 = VECTOR ( 'NONE', #325, 1000.000000000000000 ) ;
#3233 = CARTESIAN_POINT ( 'NONE',  ( -0.6410783056181883488, 0.5500000000000000444, 0.0000000000000000000 ) ) ;
#3234 = CARTESIAN_POINT ( 'NONE',  ( -0.5999999999999998668, 0.1499999999999999944, -0.6250000000000002220 ) ) ;
#3235 = VECTOR ( 'NONE', #2657, 1000.000000000000000 ) ;
#3236 = VECTOR ( 'NONE', #1421, 1000.000000000000000 ) ;
#3237 = ORIENTED_EDGE ( 'NONE', *, *, #707, .F. ) ;
#3238 = DIRECTION ( 'NONE',  ( 0.0000000000000000000, 0.0000000000000000000, 1.000000000000000000 ) ) ;
#3239 = STYLED_ITEM ( 'NONE', ( #396 ), #3123 ) ;
#3240 = ADVANCED_FACE ( 'NONE', ( #603 ), #2746, .F. ) ;
#3241 = EDGE_CURVE ( 'NONE', #1154, #3537, #2006, .T. ) ;
#3242 = ORIENTED_EDGE ( 'NONE', *, *, #1277, .T. ) ;
#3243 = FILL_AREA_STYLE ('',( #788 ) ) ;
#3244 = CARTESIAN_POINT ( 'NONE',  ( -0.5999999999999999778, 0.1499999999999999944, -0.2060315014550845869 ) ) ;
#3245 = VERTEX_POINT ( 'NONE', #1528 ) ;
#3246 = DIRECTION ( 'NONE',  ( -0.05226442768871396999, -0.9972646886342374506, -0.05226442768871396305 ) ) ;
#3247 = EDGE_LOOP ( 'NONE', ( #2256, #1444, #2816, #1958 ) ) ;
#3248 = CARTESIAN_POINT ( 'NONE',  ( 0.1215544456622766889, -0.1499999999999999944, 0.1576794919243112436 ) ) ;
#3249 = ORIENTED_EDGE ( 'NONE', *, *, #499, .F. ) ;
#3250 = EDGE_LOOP ( 'NONE', ( #137, #1715, #52 ) ) ;
#3251 = FILL_AREA_STYLE_COLOUR ( '', #1664 ) ;
#3252 = CARTESIAN_POINT ( 'NONE',  ( 0.9999999999999995559, 0.1499999999999999667, 0.0000000000000000000 ) ) ;
#3253 = CARTESIAN_POINT ( 'NONE',  ( -0.6999999999999999556, 0.1499999999999999944, -0.6250000000000002220 ) ) ;
#3254 = VECTOR ( 'NONE', #1467, 1000.000000000000000 ) ;
#3255 = ORIENTED_EDGE ( 'NONE', *, *, #1944, .F. ) ;
#3256 = EDGE_LOOP ( 'NONE', ( #2255, #3594, #2756, #478, #1501, #1557, #1655, #1446 ) ) ;
#3257 = CARTESIAN_POINT ( 'NONE',  ( -1.000000000000000444, 1.139949493661166713, -0.3499999999999998113 ) ) ;
#3258 = SURFACE_SIDE_STYLE ('',( #886 ) ) ;
#3259 = VECTOR ( 'NONE', #681, 1000.000000000000000 ) ;
#3260 = STYLED_ITEM ( 'NONE', ( #2355 ), #2628 ) ;
#3261 = CYLINDRICAL_SURFACE ( 'NONE', #1672, 0.03999999999999998002 ) ;
#3262 = VECTOR ( 'NONE', #617, 1000.000000000000000 ) ;
#3263 = ADVANCED_FACE ( 'NONE', ( #1207 ), #1200, .F. ) ;
#3264 = LINE ( 'NONE', #2045, #928 ) ;
#3265 = PLANE ( 'NONE',  #3089 ) ;
#3266 = CARTESIAN_POINT ( 'NONE',  ( -0.6563397331227101006, 0.2208880539860881009, 0.6212849145128930273 ) ) ;
#3267 = DIRECTION ( 'NONE',  ( -0.0000000000000000000, -1.000000000000000000, -0.0000000000000000000 ) ) ;
#3268 =( NAMED_UNIT ( * ) PLANE_ANGLE_UNIT ( ) SI_UNIT ( $, .RADIAN. ) );
#3269 = DIRECTION ( 'NONE',  ( 1.000000000000000000, 0.0000000000000000000, -9.637352644315598694E-16 ) ) ;
#3270 = EDGE_CURVE ( 'NONE', #306, #1363, #3559, .T. ) ;
#3271 = SURFACE_STYLE_USAGE ( .BOTH. , #1127 ) ;
#3272 =( BOUNDED_CURVE ( )  B_SPLINE_CURVE ( 3, ( #1275, #664, #1884, #51 ),
 .UNSPECIFIED., .F., .F. ) 
 B_SPLINE_CURVE_WITH_KNOTS ( ( 4, 4 ),
 ( 5.499156671652531969, 7.067213942706640495 ),
 .UNSPECIFIED. ) 
 CURVE ( )  GEOMETRIC_REPRESENTATION_ITEM ( )  RATIONAL_B_SPLINE_CURVE ( ( 1.000000000000000000, 0.8053830134673589658, 0.8053830134673589658, 1.000000000000000000 ) ) 
 REPRESENTATION_ITEM ( '' )  );
#3273 = FILL_AREA_STYLE_COLOUR ( '', #861 ) ;
#3274 = DIRECTION ( 'NONE',  ( -0.05233595624294389015, 0.9986295347545739443, 0.0000000000000000000 ) ) ;
#3275 = DIRECTION ( 'NONE',  ( -0.0000000000000000000, -1.000000000000000000, -0.0000000000000000000 ) ) ;
#3276 = CARTESIAN_POINT ( 'NONE',  ( 0.6410783056181883488, 0.5100000000000000089, -0.5660783056181885042 ) ) ;
#3277 = ORIENTED_EDGE ( 'NONE', *, *, #990, .T. ) ;
#3278 = COLOUR_RGB ( '',1.000000000000000000, 1.000000000000000000, 1.000000000000000000 ) ;
#3279 = CARTESIAN_POINT ( 'NONE',  ( 0.5999999999999999778, -0.09999999999999999167, -0.4999999999999997780 ) ) ;
#3280 = COLOUR_RGB ( '',0.0000000000000000000, 0.7529411764705882248, 0.0000000000000000000 ) ;
#3281 = PLANE ( 'NONE',  #3294 ) ;
#3282 = CARTESIAN_POINT ( 'NONE',  ( -0.9999999999999995559, -0.1499999999999999667, 0.2000000000000002331 ) ) ;
#3283 = ORIENTED_EDGE ( 'NONE', *, *, #3746, .T. ) ;
#3284 = AXIS2_PLACEMENT_3D ( 'NONE', #2322, #3246, #805 ) ;
#3285 = AXIS2_PLACEMENT_3D ( 'NONE', #747, #1668, #453 ) ;
#3286 = DIRECTION ( 'NONE',  ( 0.0000000000000000000, 0.0000000000000000000, 1.000000000000000000 ) ) ;
#3287 = FILL_AREA_STYLE_COLOUR ( '', #1890 ) ;
#3288 = COLOUR_RGB ( '',0.0000000000000000000, 0.7529411764705882248, 0.0000000000000000000 ) ;
#3289 = CARTESIAN_POINT ( 'NONE',  ( 0.1315544456622766700, -0.1499999999999999667, 0.1403589838486224151 ) ) ;
#3290 = SURFACE_STYLE_FILL_AREA ( #972 ) ;
#3291 = DIRECTION ( 'NONE',  ( 0.0000000000000000000, -1.000000000000000000, 0.0000000000000000000 ) ) ;
#3292 = DIRECTION ( 'NONE',  ( 0.0000000000000000000, 0.0000000000000000000, 1.000000000000000000 ) ) ;
#3293 = CARTESIAN_POINT ( 'NONE',  ( 0.9999999999999995559, -1.227032961426900881, 0.5000000000000002220 ) ) ;
#3294 = AXIS2_PLACEMENT_3D ( 'NONE', #3930, #2083, #249 ) ;
#3295 = DIRECTION ( 'NONE',  ( 1.000000000000000000, 0.0000000000000000000, 0.0000000000000000000 ) ) ;
#3296 = VERTEX_POINT ( 'NONE', #3351 ) ;
#3297 =( NAMED_UNIT ( * ) PLANE_ANGLE_UNIT ( ) SI_UNIT ( $, .RADIAN. ) );
#3298 = ORIENTED_EDGE ( 'NONE', *, *, #3331, .T. ) ;
#3299 = DIRECTION ( 'NONE',  ( 0.0000000000000000000, 1.000000000000000000, 0.0000000000000000000 ) ) ;
#3300 = CARTESIAN_POINT ( 'NONE',  ( 0.6999999999999999556, 0.09999999999999999167, 0.2500000000000000000 ) ) ;
#3301 = VERTEX_POINT ( 'NONE', #2766 ) ;
#3302 = LINE ( 'NONE', #639, #3154 ) ;
#3303 = CARTESIAN_POINT ( 'NONE',  ( 0.1315544456622766700, -0.1499999999999999944, 0.1403589838486224151 ) ) ;
#3304 = VERTEX_POINT ( 'NONE', #615 ) ;
#3305 = DIRECTION ( 'NONE',  ( 1.000000000000000000, -0.0000000000000000000, -0.0000000000000000000 ) ) ;
#3306 = EDGE_CURVE ( 'NONE', #3938, #1185, #416, .T. ) ;
#3307 = CARTESIAN_POINT ( 'NONE',  ( 0.9999999999999995559, 0.09999999999999999167, 0.2500000000000000000 ) ) ;
#3308 = SURFACE_STYLE_FILL_AREA ( #3889 ) ;
#3309 = ORIENTED_EDGE ( 'NONE', *, *, #2728, .T. ) ;
#3310 = ORIENTED_EDGE ( 'NONE', *, *, #3105, .T. ) ;
#3311 =( GEOMETRIC_REPRESENTATION_CONTEXT ( 3 ) GLOBAL_UNCERTAINTY_ASSIGNED_CONTEXT ( ( #2519 ) ) GLOBAL_UNIT_ASSIGNED_CONTEXT ( ( #1124, #3268, #1453 ) ) REPRESENTATION_CONTEXT ( 'NONE', 'WORKASPACE' ) );
#3312 = PLANE ( 'NONE',  #556 ) ;
#3313 = VECTOR ( 'NONE', #3820, 1000.000000000000114 ) ;
#3314 = CARTESIAN_POINT ( 'NONE',  ( 0.1515544456622766878, -0.1499999999999999944, -0.1403589838486224706 ) ) ;
#3315 = DIRECTION ( 'NONE',  ( 0.0000000000000000000, -1.000000000000000000, 0.0000000000000000000 ) ) ;
#3316 = ORIENTED_EDGE ( 'NONE', *, *, #2934, .F. ) ;
#3317 = CARTESIAN_POINT ( 'NONE',  ( 0.6410783056181883488, 0.5100000000000000089, 0.5660783056181885042 ) ) ;
#3318 = LINE ( 'NONE', #3124, #1676 ) ;
#3319 = PLANE ( 'NONE',  #2426 ) ;
#3320 = VECTOR ( 'NONE', #2338, 1000.000000000000000 ) ;
#3321 = CARTESIAN_POINT ( 'NONE',  ( -1.000000000000000444, 0.1499999999999999944, -0.6249999999999997780 ) ) ;
#3322 = EDGE_CURVE ( 'NONE', #644, #187, #2040, .T. ) ;
#3323 = CARTESIAN_POINT ( 'NONE',  ( -0.6571428571428572507, 0.1499999999999999944, -0.2060315014550846979 ) ) ;
#3324 = DIRECTION ( 'NONE',  ( -0.05233595624294389015, -0.9986295347545739443, 0.0000000000000000000 ) ) ;
#3325 = VECTOR ( 'NONE', #1457, 1000.000000000000000 ) ;
#3326 = CARTESIAN_POINT ( 'NONE',  ( -1.000000000000000444, 0.1499999999999999944, -0.3999999999999998557 ) ) ;
#3327 = FACE_OUTER_BOUND ( 'NONE', #3896, .T. ) ;
#3328 = DIRECTION ( 'NONE',  ( -3.469446951953614189E-16, 0.0000000000000000000, -1.000000000000000000 ) ) ;
#3329 = PRESENTATION_LAYER_ASSIGNMENT (  '', '', ( #2513 ) ) ;
#3330 = CARTESIAN_POINT ( 'NONE',  ( -0.5999999999999998668, 0.1499999999999999944, 0.6250000000000002220 ) ) ;
#3331 = EDGE_CURVE ( 'NONE', #3197, #3671, #889, .T. ) ;
#3332 = ORIENTED_EDGE ( 'NONE', *, *, #485, .F. ) ;
#3333 = DIRECTION ( 'NONE',  ( -0.0000000000000000000, 0.0000000000000000000, -1.000000000000000000 ) ) ;
#3334 = DIRECTION ( 'NONE',  ( 0.0000000000000000000, -0.0000000000000000000, 1.000000000000000000 ) ) ;
#3335 = CARTESIAN_POINT ( 'NONE',  ( 0.1515544456622766878, -0.09999999999999999167, 0.1403589838486224706 ) ) ;
#3336 = CARTESIAN_POINT ( 'NONE',  ( -1.000000000000000000, -1.227032961426901325, 0.5000000000000002220 ) ) ;
#3337 = UNCERTAINTY_MEASURE_WITH_UNIT (LENGTH_MEASURE( 1.000000000000000082E-05 ), #1038, 'distance_accuracy_value', 'NONE');
#3338 = CARTESIAN_POINT ( 'NONE',  ( -0.6999999999999999556, 0.1499999999999999944, -0.6250000000000002220 ) ) ;
#3339 = CARTESIAN_POINT ( 'NONE',  ( 0.6999999999999999556, 0.09999999999999999167, -0.2500000000000000000 ) ) ;
#3340 = CIRCLE ( 'NONE', #1099, 0.02000000000000001776 ) ;
#3341 = CARTESIAN_POINT ( 'NONE',  ( -0.6571428571428572507, 0.09999999999999999167, -0.2060315014550846979 ) ) ;
#3342 = VERTEX_POINT ( 'NONE', #27 ) ;
#3343 = ORIENTED_EDGE ( 'NONE', *, *, #870, .F. ) ;
#3344 = COLOUR_RGB ( '',1.000000000000000000, 1.000000000000000000, 1.000000000000000000 ) ;
#3345 = VECTOR ( 'NONE', #1222, 1000.000000000000000 ) ;
#3346 = CARTESIAN_POINT ( 'NONE',  ( -0.5999999999999998668, 0.1499999999999999944, 0.6250000000000002220 ) ) ;
#3347 = CARTESIAN_POINT ( 'NONE',  ( -0.5999999999999998668, 0.1499999999999999944, -0.6250000000000002220 ) ) ;
#3348 = CARTESIAN_POINT ( 'NONE',  ( -1.000000000000000222, 0.1499999999999999944, 0.4000000000000002998 ) ) ;
#3349 = FACE_OUTER_BOUND ( 'NONE', #3410, .T. ) ;
#3350 = LINE ( 'NONE', #385, #887 ) ;
#3351 = CARTESIAN_POINT ( 'NONE',  ( -0.5999999999999999778, -0.09999999999999999167, 0.5000000000000002220 ) ) ;
#3352 = AXIS2_PLACEMENT_3D ( 'NONE', #171, #1706, #3878 ) ;
#3353 = SURFACE_SIDE_STYLE ('',( #2263 ) ) ;
#3354 = ORIENTED_EDGE ( 'NONE', *, *, #3364, .T. ) ;
#3355 =( NAMED_UNIT ( * ) SI_UNIT ( $, .STERADIAN. ) SOLID_ANGLE_UNIT ( ) );
#3356 = DIRECTION ( 'NONE',  ( 0.05226442768871395611, 0.9972646886342372285, -0.05226442768871394917 ) ) ;
#3357 = UNCERTAINTY_MEASURE_WITH_UNIT (LENGTH_MEASURE( 1.000000000000000082E-05 ), #10, 'distance_accuracy_value', 'NONE');
#3358 = DIRECTION ( 'NONE',  ( 0.0000000000000000000, -1.000000000000000000, 0.0000000000000000000 ) ) ;
#3359 = ORIENTED_EDGE ( 'NONE', *, *, #675, .F. ) ;
#3360 = ORIENTED_EDGE ( 'NONE', *, *, #3241, .T. ) ;
#3361 = VERTEX_POINT ( 'NONE', #1851 ) ;
#3362 = EDGE_LOOP ( 'NONE', ( #2334, #7, #3283, #1874 ) ) ;
#3363 = CARTESIAN_POINT ( 'NONE',  ( -1.000000000000000222, 0.09999999999999999167, 2.168404344971008868E-16 ) ) ;
#3364 = EDGE_CURVE ( 'NONE', #3140, #1824, #3487, .T. ) ;
#3365 = FACE_OUTER_BOUND ( 'NONE', #3893, .T. ) ;
#3366 = VERTEX_POINT ( 'NONE', #322 ) ;
#3367 = ORIENTED_EDGE ( 'NONE', *, *, #2925, .F. ) ;
#3368 = DIRECTION ( 'NONE',  ( -0.0000000000000000000, 1.000000000000000000, -0.0000000000000000000 ) ) ;
#3369 = DIRECTION ( 'NONE',  ( -0.0000000000000000000, 1.000000000000000000, -0.0000000000000000000 ) ) ;
#3370 = CARTESIAN_POINT ( 'NONE',  ( 0.1315544456622766978, -0.09999999999999999167, -0.1603589838486224606 ) ) ;
#3371 = VECTOR ( 'NONE', #1507, 1000.000000000000114 ) ;
#3372 = EDGE_LOOP ( 'NONE', ( #797, #1080, #1349, #1440 ) ) ;
#3373 = PLANE ( 'NONE',  #3433 ) ;
#3374 = LINE ( 'NONE', #3732, #2554 ) ;
#3375 = CARTESIAN_POINT ( 'NONE',  ( -0.1215544456622767028, -0.09999999999999999167, 0.01732050807568877651 ) ) ;
#3376 = CARTESIAN_POINT ( 'NONE',  ( -0.5999999999999999778, 0.09999999999999999167, -0.2060315014550845869 ) ) ;
#3377 = PRESENTATION_STYLE_ASSIGNMENT (( #587 ) ) ;
#3378 = PRESENTATION_LAYER_ASSIGNMENT (  '', '', ( #2975 ) ) ;
#3379 = DIRECTION ( 'NONE',  ( 1.000000000000000000, 0.0000000000000000000, 0.0000000000000000000 ) ) ;
#3380 = FACE_OUTER_BOUND ( 'NONE', #1913, .T. ) ;
#3381 = AXIS2_PLACEMENT_3D ( 'NONE', #2452, #631, #2782 ) ;
#3382 = DIRECTION ( 'NONE',  ( 0.0000000000000000000, 0.0000000000000000000, -1.000000000000000000 ) ) ;
#3383 = VECTOR ( 'NONE', #2281, 1000.000000000000000 ) ;
#3384 = DIRECTION ( 'NONE',  ( 0.0000000000000000000, 0.0000000000000000000, -1.000000000000000000 ) ) ;
#3385 = DIRECTION ( 'NONE',  ( 1.000000000000000000, 0.0000000000000000000, -4.743384504624079927E-16 ) ) ;
#3386 =( LENGTH_UNIT ( ) NAMED_UNIT ( * ) SI_UNIT ( .MILLI., .METRE. ) );
#3387 = MECHANICAL_DESIGN_GEOMETRIC_PRESENTATION_REPRESENTATION (  '', ( #2786 ), #3586 ) ;
#3388 =( LENGTH_UNIT ( ) NAMED_UNIT ( * ) SI_UNIT ( .MILLI., .METRE. ) );
#3389 = PRESENTATION_STYLE_ASSIGNMENT (( #1062 ) ) ;
#3390 = ORIENTED_EDGE ( 'NONE', *, *, #1850, .F. ) ;
#3391 = CARTESIAN_POINT ( 'NONE',  ( -0.5999999999999998668, 0.09999999999999999167, -0.6250000000000002220 ) ) ;
#3392 = CARTESIAN_POINT ( 'NONE',  ( 0.9999999999999995559, 0.7330951894845298966, 0.2500000000000000000 ) ) ;
#3393 = VECTOR ( 'NONE', #3122, 1000.000000000000114 ) ;
#3394 = VECTOR ( 'NONE', #2171, 1000.000000000000000 ) ;
#3395 = CARTESIAN_POINT ( 'NONE',  ( -1.000000000000000000, 0.09999999999999999167, 0.6250000000000002220 ) ) ;
#3396 =( LENGTH_UNIT ( ) NAMED_UNIT ( * ) SI_UNIT ( .MILLI., .METRE. ) );
#3397 = LINE ( 'NONE', #1187, #1381 ) ;
#3398 = LINE ( 'NONE', #537, #2573 ) ;
#3399 = CARTESIAN_POINT ( 'NONE',  ( 0.9999999999999995559, -0.1499999999999999667, 0.2000000000000002331 ) ) ;
#3400 = FACE_OUTER_BOUND ( 'NONE', #3551, .T. ) ;
#3401 = SURFACE_STYLE_USAGE ( .BOTH. , #1262 ) ;
#3402 = ORIENTED_EDGE ( 'NONE', *, *, #1981, .T. ) ;
#3403 = EDGE_CURVE ( 'NONE', #3541, #1154, #1132, .T. ) ;
#3404 = DIRECTION ( 'NONE',  ( -0.0000000000000000000, -1.000000000000000000, -0.0000000000000000000 ) ) ;
#3405 = DIRECTION ( 'NONE',  ( 1.445602896647339706E-15, 0.0000000000000000000, -1.000000000000000000 ) ) ;
#3406 =( LENGTH_UNIT ( ) NAMED_UNIT ( * ) SI_UNIT ( .MILLI., .METRE. ) );
#3407 = EDGE_LOOP ( 'NONE', ( #3354, #421, #283, #575, #3201 ) ) ;
#3408 = ORIENTED_EDGE ( 'NONE', *, *, #2375, .F. ) ;
#3409 = DIRECTION ( 'NONE',  ( 0.0000000000000000000, -1.000000000000000000, 0.0000000000000000000 ) ) ;
#3410 = EDGE_LOOP ( 'NONE', ( #2302, #58, #2339, #2637 ) ) ;
#3411 = EDGE_LOOP ( 'NONE', ( #1626, #3087, #3079, #423 ) ) ;
#3412 = ORIENTED_EDGE ( 'NONE', *, *, #1899, .T. ) ;
#3413 = VERTEX_POINT ( 'NONE', #3391 ) ;
#3414 = EDGE_CURVE ( 'NONE', #1551, #3366, #331, .T. ) ;
#3415 = CARTESIAN_POINT ( 'NONE',  ( -1.000000000000000000, 1.139949493661166713, 0.3500000000000002554 ) ) ;
#3416 = VECTOR ( 'NONE', #2985, 1000.000000000000000 ) ;
#3417 = VERTEX_POINT ( 'NONE', #627 ) ;
#3418 = VERTEX_POINT ( 'NONE', #1247 ) ;
#3419 = ORIENTED_EDGE ( 'NONE', *, *, #3446, .T. ) ;
#3420 = EDGE_CURVE ( 'NONE', #2536, #2901, #1033, .T. ) ;
#3421 = DIRECTION ( 'NONE',  ( 0.0000000000000000000, 0.0000000000000000000, -1.000000000000000000 ) ) ;
#3422 = DIRECTION ( 'NONE',  ( 0.0000000000000000000, 1.000000000000000000, 0.0000000000000000000 ) ) ;
#3423 = DIRECTION ( 'NONE',  ( 0.0000000000000000000, 0.0000000000000000000, -1.000000000000000000 ) ) ;
#3424 = EDGE_LOOP ( 'NONE', ( #3947, #2397, #1666, #3900, #1830, #483 ) ) ;
#3425 = CARTESIAN_POINT ( 'NONE',  ( -1.400000000000000577, -0.09999999999999999167, 0.5000000000000002220 ) ) ;
#3426 = PRESENTATION_STYLE_ASSIGNMENT (( #1844 ) ) ;
#3427 = VECTOR ( 'NONE', #184, 1000.000000000000000 ) ;
#3428 = FACE_OUTER_BOUND ( 'NONE', #3411, .T. ) ;
#3429 = VECTOR ( 'NONE', #1735, 1000.000000000000000 ) ;
#3430 = VECTOR ( 'NONE', #189, 1000.000000000000000 ) ;
#3431 =( LENGTH_UNIT ( ) NAMED_UNIT ( * ) SI_UNIT ( .MILLI., .METRE. ) );
#3432 = PRESENTATION_LAYER_ASSIGNMENT (  '', '', ( #3034 ) ) ;
#3433 = AXIS2_PLACEMENT_3D ( 'NONE', #2785, #2892, #1027 ) ;
#3434 = LINE ( 'NONE', #3684, #1796 ) ;
#3435 =( LENGTH_UNIT ( ) NAMED_UNIT ( * ) SI_UNIT ( .MILLI., .METRE. ) );
#3436 = FILL_AREA_STYLE ('',( #2508 ) ) ;
#3437 = PRESENTATION_STYLE_ASSIGNMENT (( #2025 ) ) ;
#3438 = PRODUCT_DEFINITION_CONTEXT ( 'detailed design', #2602, 'design' ) ;
#3439 = FILL_AREA_STYLE ('',( #1297 ) ) ;
#3440 = ADVANCED_FACE ( 'NONE', ( #3400 ), #126, .F. ) ;
#3441 = COLOUR_RGB ( '',1.000000000000000000, 1.000000000000000000, 1.000000000000000000 ) ;
#3442 = CARTESIAN_POINT ( 'NONE',  ( 0.9999999999999995559, 0.09999999999999999167, -0.2500000000000000000 ) ) ;
#3443 = DIRECTION ( 'NONE',  ( -0.0000000000000000000, 1.000000000000000000, -0.0000000000000000000 ) ) ;
#3444 = EDGE_CURVE ( 'NONE', #1751, #893, #1758, .T. ) ;
#3445 = FACE_OUTER_BOUND ( 'NONE', #2943, .T. ) ;
#3446 = EDGE_CURVE ( 'NONE', #2840, #3172, #949, .T. ) ;
#3447 = ORIENTED_EDGE ( 'NONE', *, *, #1488, .T. ) ;
#3448 = AXIS2_PLACEMENT_3D ( 'NONE', #1270, #3409, #1575 ) ;
#3449 = AXIS2_PLACEMENT_3D ( 'NONE', #551, #1177, #3045 ) ;
#3450 = ORIENTED_EDGE ( 'NONE', *, *, #2123, .T. ) ;
#3451 = EDGE_LOOP ( 'NONE', ( #1137, #645, #2174, #1454 ) ) ;
#3452 = ORIENTED_EDGE ( 'NONE', *, *, #772, .F. ) ;
#3453 = EDGE_CURVE ( 'NONE', #187, #1098, #1867, .T. ) ;
#3454 = ORIENTED_EDGE ( 'NONE', *, *, #3077, .F. ) ;
#3455 = ORIENTED_EDGE ( 'NONE', *, *, #3828, .F. ) ;
#3456 =( NAMED_UNIT ( * ) PLANE_ANGLE_UNIT ( ) SI_UNIT ( $, .RADIAN. ) );
#3457 = VECTOR ( 'NONE', #2094, 1000.000000000000000 ) ;
#3458 = ORIENTED_EDGE ( 'NONE', *, *, #1322, .T. ) ;
#3459 = ORIENTED_EDGE ( 'NONE', *, *, #1675, .F. ) ;
#3460 =( LENGTH_UNIT ( ) NAMED_UNIT ( * ) SI_UNIT ( .MILLI., .METRE. ) );
#3461 = ADVANCED_FACE ( 'NONE', ( #831 ), #2378, .F. ) ;
#3462 = UNCERTAINTY_MEASURE_WITH_UNIT (LENGTH_MEASURE( 1.000000000000000082E-05 ), #237, 'distance_accuracy_value', 'NONE');
#3463 = AXIS2_PLACEMENT_3D ( 'NONE', #1182, #879, #3066 ) ;
#3464 = PRESENTATION_LAYER_ASSIGNMENT (  '', '', ( #3239 ) ) ;
#3465 = ORIENTED_EDGE ( 'NONE', *, *, #1338, .T. ) ;
#3466 = EDGE_CURVE ( 'NONE', #2216, #2901, #3194, .T. ) ;
#3467 = ORIENTED_EDGE ( 'NONE', *, *, #147, .F. ) ;
#3468 = VECTOR ( 'NONE', #3742, 1000.000000000000000 ) ;
#3469 =( LENGTH_UNIT ( ) NAMED_UNIT ( * ) SI_UNIT ( .MILLI., .METRE. ) );
#3470 = CARTESIAN_POINT ( 'NONE',  ( 0.6600548186098170733, 0.1499999999999999944, -0.6250000000000002220 ) ) ;
#3471 = LINE ( 'NONE', #875, #201 ) ;
#3472 = CARTESIAN_POINT ( 'NONE',  ( -1.000000000000000000, 0.09999999999999999167, 0.6250000000000002220 ) ) ;
#3473 = LINE ( 'NONE', #773, #1930 ) ;
#3474 = UNCERTAINTY_MEASURE_WITH_UNIT (LENGTH_MEASURE( 1.000000000000000082E-05 ), #257, 'distance_accuracy_value', 'NONE');
#3475 = ADVANCED_FACE ( 'NONE', ( #46 ), #3741, .T. ) ;
#3476 = PRESENTATION_LAYER_ASSIGNMENT (  '', '', ( #3260 ) ) ;
#3477 = CARTESIAN_POINT ( 'NONE',  ( 0.1515544456622766878, -0.1499999999999999667, 0.1403589838486224706 ) ) ;
#3478 = CARTESIAN_POINT ( 'NONE',  ( -0.5999999999999998668, 0.09999999999999999167, 0.6250000000000002220 ) ) ;
#3479 = FILL_AREA_STYLE ('',( #1344 ) ) ;
#3480 = FACE_OUTER_BOUND ( 'NONE', #1948, .T. ) ;
#3481 = EDGE_CURVE ( 'NONE', #1149, #2895, #1291, .T. ) ;
#3482 = CIRCLE ( 'NONE', #297, 0.02000000000000005246 ) ;
#3483 = VECTOR ( 'NONE', #3267, 1000.000000000000000 ) ;
#3484 = ORIENTED_EDGE ( 'NONE', *, *, #2236, .F. ) ;
#3485 = EDGE_LOOP ( 'NONE', ( #682, #3298, #1701, #3454, #3705, #1332 ) ) ;
#3486 = DIRECTION ( 'NONE',  ( -1.000000000000000000, 0.0000000000000000000, 1.084202172485503448E-15 ) ) ;
#3487 = LINE ( 'NONE', #922, #2683 ) ;
#3488 = PLANE ( 'NONE',  #690 ) ;
#3489 = VERTEX_POINT ( 'NONE', #1302 ) ;
#3490 = ORIENTED_EDGE ( 'NONE', *, *, #1478, .T. ) ;
#3491 = FILL_AREA_STYLE_COLOUR ( '', #3821 ) ;
#3492 = ADVANCED_FACE ( 'NONE', ( #457 ), #2520, .F. ) ;
#3493 = EDGE_LOOP ( 'NONE', ( #589, #422, #1079, #2577 ) ) ;
#3494 = ORIENTED_EDGE ( 'NONE', *, *, #1322, .F. ) ;
#3495 = STYLED_ITEM ( 'NONE', ( #2186 ), #775 ) ;
#3496 = AXIS2_PLACEMENT_3D ( 'NONE', #3568, #212, #2352 ) ;
#3497 = PRESENTATION_LAYER_ASSIGNMENT (  '', '', ( #3114 ) ) ;
#3498 = EDGE_LOOP ( 'NONE', ( #2540, #1354, #3504, #1401, #1882, #2298 ) ) ;
#3499 = VERTEX_POINT ( 'NONE', #3442 ) ;
#3500 = VERTEX_POINT ( 'NONE', #2230 ) ;
#3501 = DIRECTION ( 'NONE',  ( 0.05226442768871396999, -0.9972646886342374506, -0.05226442768871396305 ) ) ;
#3502 = DIRECTION ( 'NONE',  ( -0.0000000000000000000, -1.000000000000000000, -0.0000000000000000000 ) ) ;
#3503 = LINE ( 'NONE', #230, #1151 ) ;
#3504 = ORIENTED_EDGE ( 'NONE', *, *, #2236, .T. ) ;
#3505 = VERTEX_POINT ( 'NONE', #693 ) ;
#3506 = DIRECTION ( 'NONE',  ( 0.0000000000000000000, -0.0000000000000000000, -1.000000000000000000 ) ) ;
#3507 = ORIENTED_EDGE ( 'NONE', *, *, #2858, .T. ) ;
#3508 = STYLED_ITEM ( 'NONE', ( #1382 ), #3779 ) ;
#3509 = ORIENTED_EDGE ( 'NONE', *, *, #2843, .F. ) ;
#3510 = VECTOR ( 'NONE', #3368, 1000.000000000000000 ) ;
#3511 = LINE ( 'NONE', #2648, #1052 ) ;
#3512 = DIRECTION ( 'NONE',  ( 0.0000000000000000000, 0.0000000000000000000, 1.000000000000000000 ) ) ;
#3513 = LINE ( 'NONE', #3577, #1054 ) ;
#3514 = ADVANCED_FACE ( 'NONE', ( #3645 ), #706, .F. ) ;
#3515 = FACE_OUTER_BOUND ( 'NONE', #1957, .T. ) ;
#3516 = EDGE_CURVE ( 'NONE', #130, #3489, #2532, .T. ) ;
#3517 = LINE ( 'NONE', #1112, #3430 ) ;
#3518 =( LENGTH_UNIT ( ) NAMED_UNIT ( * ) SI_UNIT ( .MILLI., .METRE. ) );
#3519 = CIRCLE ( 'NONE', #1579, 0.03999999999999998002 ) ;
#3520 = CARTESIAN_POINT ( 'NONE',  ( -1.000000000000000444, -0.1000000000000000472, -0.3499999999999998113 ) ) ;
#3521 = FILL_AREA_STYLE_COLOUR ( '', #106 ) ;
#3522 = STYLED_ITEM ( 'NONE', ( #676 ), #1312 ) ;
#3523 = VECTOR ( 'NONE', #792, 1000.000000000000000 ) ;
#3524 = EDGE_CURVE ( 'NONE', #1822, #2726, #3350, .T. ) ;
#3525 =( NAMED_UNIT ( * ) SI_UNIT ( $, .STERADIAN. ) SOLID_ANGLE_UNIT ( ) );
#3526 = ORIENTED_EDGE ( 'NONE', *, *, #679, .T. ) ;
#3527 = DIRECTION ( 'NONE',  ( 0.0000000000000000000, -1.000000000000000000, 0.0000000000000000000 ) ) ;
#3528 = CARTESIAN_POINT ( 'NONE',  ( -1.000000000000000222, 0.1499999999999999944, 2.168404344971008868E-16 ) ) ;
#3529 = FACE_OUTER_BOUND ( 'NONE', #540, .T. ) ;
#3530 = MECHANICAL_DESIGN_GEOMETRIC_PRESENTATION_REPRESENTATION (  '', ( #2513 ), #3762 ) ;
#3531 = ADVANCED_FACE ( 'NONE', ( #992 ), #1629, .F. ) ;
#3532 = EDGE_CURVE ( 'NONE', #2502, #3489, #2435, .T. ) ;
#3533 = ORIENTED_EDGE ( 'NONE', *, *, #2539, .T. ) ;
#3534 = VECTOR ( 'NONE', #2623, 1000.000000000000000 ) ;
#3535 = ORIENTED_EDGE ( 'NONE', *, *, #2583, .F. ) ;
#3536 = CARTESIAN_POINT ( 'NONE',  ( -0.5999999999999999778, 0.1499999999999999944, 0.2060315014550845869 ) ) ;
#3537 = VERTEX_POINT ( 'NONE', #2881 ) ;
#3538 = DIRECTION ( 'NONE',  ( -0.0000000000000000000, -1.000000000000000000, -0.0000000000000000000 ) ) ;
#3539 = ORIENTED_EDGE ( 'NONE', *, *, #843, .T. ) ;
#3540 = CARTESIAN_POINT ( 'NONE',  ( -0.5999999999999999778, -1.227032961426901325, -0.4999999999999997780 ) ) ;
#3541 = VERTEX_POINT ( 'NONE', #3470 ) ;
#3542 = ORIENTED_EDGE ( 'NONE', *, *, #667, .T. ) ;
#3543 = ORIENTED_EDGE ( 'NONE', *, *, #1541, .F. ) ;
#3544 = CARTESIAN_POINT ( 'NONE',  ( -0.5999999999999998668, 0.1499999999999999944, -0.6250000000000002220 ) ) ;
#3545 = VERTEX_POINT ( 'NONE', #2247 ) ;
#3546 = ORIENTED_EDGE ( 'NONE', *, *, #2253, .F. ) ;
#3547 = CARTESIAN_POINT ( 'NONE',  ( -1.400000000000000577, -0.1499999999999999944, -0.4999999999999997780 ) ) ;
#3548 = VECTOR ( 'NONE', #1667, 1000.000000000000000 ) ;
#3549 = PLANE ( 'NONE',  #1181 ) ;
#3550 = VERTEX_POINT ( 'NONE', #1017 ) ;
#3551 = EDGE_LOOP ( 'NONE', ( #3309, #342, #288, #3316, #751, #1584 ) ) ;
#3552 = STYLED_ITEM ( 'NONE', ( #692 ), #1087 ) ;
#3553 = STYLED_ITEM ( 'NONE', ( #976 ), #2380 ) ;
#3554 = ADVANCED_FACE ( 'NONE', ( #89 ), #3699, .F. ) ;
#3555 = ORIENTED_EDGE ( 'NONE', *, *, #1015, .T. ) ;
#3556 = DIRECTION ( 'NONE',  ( 0.9986295347545739443, 0.05233595624294389015, 0.0000000000000000000 ) ) ;
#3557 = ORIENTED_EDGE ( 'NONE', *, *, #3188, .T. ) ;
#3558 = DIRECTION ( 'NONE',  ( 0.0000000000000000000, 0.0000000000000000000, -1.000000000000000000 ) ) ;
#3559 = LINE ( 'NONE', #3080, #2862 ) ;
#3560 = VECTOR ( 'NONE', #658, 1000.000000000000000 ) ;
#3561 = CARTESIAN_POINT ( 'NONE',  ( -0.5999999999999998668, 0.09999999999999999167, 0.6250000000000002220 ) ) ;
#3562 = STYLED_ITEM ( 'NONE', ( #1802 ), #770 ) ;
#3563 = LINE ( 'NONE', #592, #1168 ) ;
#3564 = VECTOR ( 'NONE', #2402, 1000.000000000000000 ) ;
#3565 = SURFACE_STYLE_USAGE ( .BOTH. , #1422 ) ;
#3566 = EDGE_CURVE ( 'NONE', #91, #2981, #1340, .T. ) ;
#3567 = LINE ( 'NONE', #2661, #2774 ) ;
#3568 = CARTESIAN_POINT ( 'NONE',  ( -1.000000000000000222, 0.09999999999999999167, 2.168404344971008868E-16 ) ) ;
#3569 = CARTESIAN_POINT ( 'NONE',  ( 0.9999999999999995559, 0.1499999999999999667, -0.2000000000000002331 ) ) ;
#3570 = DIRECTION ( 'NONE',  ( 0.0000000000000000000, 0.0000000000000000000, -1.000000000000000000 ) ) ;
#3571 = CARTESIAN_POINT ( 'NONE',  ( 0.9999999999999995559, 0.1000000000000000472, -0.2000000000000002331 ) ) ;
#3572 = CARTESIAN_POINT ( 'NONE',  ( -1.000000000000000222, 0.09999999999999999167, -0.6249999999999997780 ) ) ;
#3573 = ADVANCED_FACE ( 'NONE', ( #2038 ), #2021, .F. ) ;
#3574 = MECHANICAL_DESIGN_GEOMETRIC_PRESENTATION_REPRESENTATION (  '', ( #2975 ), #3793 ) ;
#3575 = AXIS2_PLACEMENT_3D ( 'NONE', #2110, #1522, #3076 ) ;
#3576 = LINE ( 'NONE', #2897, #319 ) ;
#3577 = CARTESIAN_POINT ( 'NONE',  ( -1.000000000000000000, 0.1499999999999999944, 0.5000000000000003331 ) ) ;
#3578 =( LENGTH_UNIT ( ) NAMED_UNIT ( * ) SI_UNIT ( .MILLI., .METRE. ) );
#3579 = AXIS2_PLACEMENT_3D ( 'NONE', #1234, #3384, #1555 ) ;
#3580 = CARTESIAN_POINT ( 'NONE',  ( 1.400000000000000577, -0.1499999999999999944, -0.4999999999999997780 ) ) ;
#3581 = DIRECTION ( 'NONE',  ( 0.0000000000000000000, 0.0000000000000000000, 1.000000000000000000 ) ) ;
#3582 = CARTESIAN_POINT ( 'NONE',  ( 0.6410783056181883488, 0.5100000000000000089, -0.5660783056181885042 ) ) ;
#3583 = LINE ( 'NONE', #2032, #1940 ) ;
#3584 = DIRECTION ( 'NONE',  ( 0.0000000000000000000, -0.0000000000000000000, -1.000000000000000000 ) ) ;
#3585 = PLANE ( 'NONE',  #87 ) ;
#3586 =( GEOMETRIC_REPRESENTATION_CONTEXT ( 3 ) GLOBAL_UNCERTAINTY_ASSIGNED_CONTEXT ( ( #1906 ) ) GLOBAL_UNIT_ASSIGNED_CONTEXT ( ( #1316, #3456, #1617 ) ) REPRESENTATION_CONTEXT ( 'NONE', 'WORKASPACE' ) );
#3587 = CARTESIAN_POINT ( 'NONE',  ( -0.5999999999999999778, 0.09999999999999999167, 0.2060315014550845869 ) ) ;
#3588 = CARTESIAN_POINT ( 'NONE',  ( -0.6999999999999999556, 0.1499999999999999944, 0.5850548186098167847 ) ) ;
#3589 = VECTOR ( 'NONE', #1842, 1000.000000000000000 ) ;
#3590 = ORIENTED_EDGE ( 'NONE', *, *, #1488, .F. ) ;
#3591 = CARTESIAN_POINT ( 'NONE',  ( 0.1315544456622766978, -0.09999999999999999167, -0.1403589838486224706 ) ) ;
#3592 = ORIENTED_EDGE ( 'NONE', *, *, #1658, .F. ) ;
#3593 =( NAMED_UNIT ( * ) PLANE_ANGLE_UNIT ( ) SI_UNIT ( $, .RADIAN. ) );
#3594 = ORIENTED_EDGE ( 'NONE', *, *, #285, .T. ) ;
#3595 = ORIENTED_EDGE ( 'NONE', *, *, #1047, .T. ) ;
#3596 = CARTESIAN_POINT ( 'NONE',  ( 0.5999999999999999778, -0.09999999999999999167, -0.4999999999999997780 ) ) ;
#3597 = ORIENTED_EDGE ( 'NONE', *, *, #3625, .F. ) ;
#3598 = UNCERTAINTY_MEASURE_WITH_UNIT (LENGTH_MEASURE( 1.000000000000000082E-05 ), #2576, 'distance_accuracy_value', 'NONE');
#3599 = PLANE ( 'NONE',  #3751 ) ;
#3600 = EDGE_LOOP ( 'NONE', ( #3052, #107, #1702, #2206 ) ) ;
#3601 = COLOUR_RGB ( '',0.0000000000000000000, 0.7529411764705882248, 0.0000000000000000000 ) ;
#3602 = ORIENTED_EDGE ( 'NONE', *, *, #281, .T. ) ;
#3603 = DIRECTION ( 'NONE',  ( -1.000000000000000000, 0.0000000000000000000, 0.0000000000000000000 ) ) ;
#3604 = ORIENTED_EDGE ( 'NONE', *, *, #832, .T. ) ;
#3605 = DIRECTION ( 'NONE',  ( 0.0000000000000000000, 0.0000000000000000000, 1.000000000000000000 ) ) ;
#3606 = CARTESIAN_POINT ( 'NONE',  ( 0.6999999999999999556, 0.1499999999999999667, 0.2500000000000000000 ) ) ;
#3607 = CARTESIAN_POINT ( 'NONE',  ( -1.000000000000000444, 0.1499999999999999944, -0.6249999999999997780 ) ) ;
#3608 = VECTOR ( 'NONE', #3605, 1000.000000000000000 ) ;
#3609 = ORIENTED_EDGE ( 'NONE', *, *, #247, .T. ) ;
#3610 = ORIENTED_EDGE ( 'NONE', *, *, #2616, .F. ) ;
#3611 = PRESENTATION_LAYER_ASSIGNMENT (  '', '', ( #3552 ) ) ;
#3612 = PLANE ( 'NONE',  #2471 ) ;
#3613 = VERTEX_POINT ( 'NONE', #796 ) ;
#3614 = EDGE_CURVE ( 'NONE', #3245, #25, #2882, .T. ) ;
#3615 = DIRECTION ( 'NONE',  ( 0.0000000000000000000, 0.0000000000000000000, -1.000000000000000000 ) ) ;
#3616 = VECTOR ( 'NONE', #2541, 1000.000000000000000 ) ;
#3617 = FACE_OUTER_BOUND ( 'NONE', #3407, .T. ) ;
#3618 = DIRECTION ( 'NONE',  ( 0.0000000000000000000, -1.000000000000000000, 0.0000000000000000000 ) ) ;
#3619 = CARTESIAN_POINT ( 'NONE',  ( 0.1315544456622766700, -0.09999999999999999167, 0.1403589838486224151 ) ) ;
#3620 = CARTESIAN_POINT ( 'NONE',  ( 0.9999999999999995559, 0.7156854249492387021, 0.0000000000000000000 ) ) ;
#3621 = LINE ( 'NONE', #1089, #1887 ) ;
#3622 = COLOUR_RGB ( '',1.000000000000000000, 1.000000000000000000, 1.000000000000000000 ) ;
#3623 = AXIS2_PLACEMENT_3D ( 'NONE', #941, #3112, #1258 ) ;
#3624 = CARTESIAN_POINT ( 'NONE',  ( -0.6571428571428572507, 0.1499999999999999944, -0.2060315014550846979 ) ) ;
#3625 = EDGE_CURVE ( 'NONE', #183, #3711, #519, .T. ) ;
#3626 = VECTOR ( 'NONE', #3305, 1000.000000000000000 ) ;
#3627 = VECTOR ( 'NONE', #3866, 1000.000000000000000 ) ;
#3628 = DIRECTION ( 'NONE',  ( 1.000000000000000000, -0.0000000000000000000, -4.743384504624079927E-16 ) ) ;
#3629 = CARTESIAN_POINT ( 'NONE',  ( -0.9999999999999995559, 0.1499999999999999944, -0.2000000000000002331 ) ) ;
#3630 = EDGE_CURVE ( 'NONE', #2179, #3092, #3583, .T. ) ;
#3631 = DIRECTION ( 'NONE',  ( 0.0000000000000000000, 0.0000000000000000000, 1.000000000000000000 ) ) ;
#3632 = DIRECTION ( 'NONE',  ( -0.0000000000000000000, 1.000000000000000000, -0.0000000000000000000 ) ) ;
#3633 = DIRECTION ( 'NONE',  ( -0.0000000000000000000, -1.000000000000000000, -0.0000000000000000000 ) ) ;
#3634 = CARTESIAN_POINT ( 'NONE',  ( 0.9999999999999995559, 0.09999999999999999167, 0.0000000000000000000 ) ) ;
#3635 = VECTOR ( 'NONE', #2496, 1000.000000000000000 ) ;
#3636 = DIRECTION ( 'NONE',  ( 0.0000000000000000000, 0.0000000000000000000, -1.000000000000000000 ) ) ;
#3637 = MECHANICAL_DESIGN_GEOMETRIC_PRESENTATION_REPRESENTATION (  '', ( #3034 ), #3841 ) ;
#3638 = VERTEX_POINT ( 'NONE', #190 ) ;
#3639 = DIRECTION ( 'NONE',  ( 0.0000000000000000000, 1.000000000000000000, 0.0000000000000000000 ) ) ;
#3640 = PRESENTATION_LAYER_ASSIGNMENT (  '', '', ( #3207 ) ) ;
#3641 = DIRECTION ( 'NONE',  ( -3.469446951953614189E-16, 0.0000000000000000000, -1.000000000000000000 ) ) ;
#3642 = LINE ( 'NONE', #926, #1616 ) ;
#3643 = DIRECTION ( 'NONE',  ( 0.0000000000000000000, 1.000000000000000000, 0.0000000000000000000 ) ) ;
#3644 = VERTEX_POINT ( 'NONE', #204 ) ;
#3645 = FACE_OUTER_BOUND ( 'NONE', #3887, .T. ) ;
#3646 = EDGE_LOOP ( 'NONE', ( #3412, #1142, #1188, #742 ) ) ;
#3647 = DIRECTION ( 'NONE',  ( 0.0000000000000000000, 0.0000000000000000000, 1.000000000000000000 ) ) ;
#3648 = AXIS2_PLACEMENT_3D ( 'NONE', #1538, #1228, #3379 ) ;
#3649 = EDGE_LOOP ( 'NONE', ( #2755, #1083, #3663, #3177, #2404 ) ) ;
#3650 = CARTESIAN_POINT ( 'NONE',  ( 0.0000000000000000000, -0.09999999999999999167, 0.0000000000000000000 ) ) ;
#3651 = ORIENTED_EDGE ( 'NONE', *, *, #1267, .T. ) ;
#3652 = DIRECTION ( 'NONE',  ( -0.0000000000000000000, 1.000000000000000000, -0.0000000000000000000 ) ) ;
#3653 = DIRECTION ( 'NONE',  ( 1.445602896647339706E-15, 0.0000000000000000000, -1.000000000000000000 ) ) ;
#3654 = DIRECTION ( 'NONE',  ( -0.0000000000000000000, -1.000000000000000000, -0.0000000000000000000 ) ) ;
#3655 = ORIENTED_EDGE ( 'NONE', *, *, #1090, .T. ) ;
#3656 = DIRECTION ( 'NONE',  ( 0.0000000000000000000, 0.0000000000000000000, 1.000000000000000000 ) ) ;
#3657 = ORIENTED_EDGE ( 'NONE', *, *, #1562, .F. ) ;
#3658 = UNCERTAINTY_MEASURE_WITH_UNIT (LENGTH_MEASURE( 1.000000000000000082E-05 ), #1900, 'distance_accuracy_value', 'NONE');
#3659 = DIRECTION ( 'NONE',  ( 0.0000000000000000000, -1.000000000000000000, 0.0000000000000000000 ) ) ;
#3660 = CARTESIAN_POINT ( 'NONE',  ( -0.5999999999999998668, 0.09999999999999999167, 0.6250000000000002220 ) ) ;
#3661 = VECTOR ( 'NONE', #452, 1000.000000000000000 ) ;
#3662 = VERTEX_POINT ( 'NONE', #3571 ) ;
#3663 = ORIENTED_EDGE ( 'NONE', *, *, #1350, .T. ) ;
#3664 = EDGE_CURVE ( 'NONE', #958, #174, #2793, .T. ) ;
#3665 = DIRECTION ( 'NONE',  ( -0.0000000000000000000, -1.000000000000000000, -0.0000000000000000000 ) ) ;
#3666 = ORIENTED_EDGE ( 'NONE', *, *, #2180, .T. ) ;
#3667 = PLANE ( 'NONE',  #3794 ) ;
#3668 = VERTEX_POINT ( 'NONE', #2666 ) ;
#3669 = AXIS2_PLACEMENT_3D ( 'NONE', #39, #2185, #340 ) ;
#3670 = FILL_AREA_STYLE ('',( #3062 ) ) ;
#3671 = VERTEX_POINT ( 'NONE', #3588 ) ;
#3672 = CARTESIAN_POINT ( 'NONE',  ( 0.1315544456622766978, -0.1499999999999999944, -0.1403589838486224706 ) ) ;
#3673 = AXIS2_PLACEMENT_3D ( 'NONE', #3289, #1469, #3615 ) ;
#3674 = CARTESIAN_POINT ( 'NONE',  ( -0.5999999999999998668, 0.1499999999999999944, -0.6250000000000002220 ) ) ;
#3675 =( LENGTH_UNIT ( ) NAMED_UNIT ( * ) SI_UNIT ( .MILLI., .METRE. ) );
#3676 = VECTOR ( 'NONE', #35, 1000.000000000000000 ) ;
#3677 = EDGE_CURVE ( 'NONE', #1995, #905, #1126, .T. ) ;
#3678 = CARTESIAN_POINT ( 'NONE',  ( 0.6410783056181883488, 0.5120934382497178694, 0.6060234870083714975 ) ) ;
#3679 = LINE ( 'NONE', #2781, #2011 ) ;
#3680 = DIRECTION ( 'NONE',  ( -0.8660254037844384856, 0.0000000000000000000, -0.5000000000000001110 ) ) ;
#3681 = CYLINDRICAL_SURFACE ( 'NONE', #1451, 0.03999999999999999389 ) ;
#3682 = VECTOR ( 'NONE', #1783, 1000.000000000000000 ) ;
#3683 = LINE ( 'NONE', #248, #2870 ) ;
#3684 = CARTESIAN_POINT ( 'NONE',  ( 0.9999999999999995559, 0.09999999999999999167, -0.2000000000000002331 ) ) ;
#3685 = ORIENTED_EDGE ( 'NONE', *, *, #3763, .T. ) ;
#3686 = AXIS2_PLACEMENT_3D ( 'NONE', #36, #2182, #336 ) ;
#3687 = SURFACE_STYLE_FILL_AREA ( #123 ) ;
#3688 = MECHANICAL_DESIGN_GEOMETRIC_PRESENTATION_REPRESENTATION (  '', ( #3239 ), #3880 ) ;
#3689 = CARTESIAN_POINT ( 'NONE',  ( 0.5999999999999999778, -0.09999999999999999167, 0.5000000000000002220 ) ) ;
#3690 = EDGE_CURVE ( 'NONE', #2475, #2885, #2678, .T. ) ;
#3691 = CARTESIAN_POINT ( 'NONE',  ( 0.9999999999999995559, 0.1499999999999999944, -0.6250000000000000000 ) ) ;
#3692 = DIRECTION ( 'NONE',  ( 0.0000000000000000000, 0.0000000000000000000, 1.000000000000000000 ) ) ;
#3693 = SURFACE_SIDE_STYLE ('',( #355 ) ) ;
#3694 = DIRECTION ( 'NONE',  ( -0.0000000000000000000, -1.000000000000000000, -0.0000000000000000000 ) ) ;
#3695 = LINE ( 'NONE', #1018, #405 ) ;
#3696 = SURFACE_STYLE_FILL_AREA ( #3115 ) ;
#3697 = VECTOR ( 'NONE', #2770, 1000.000000000000000 ) ;
#3698 = ORIENTED_EDGE ( 'NONE', *, *, #1329, .F. ) ;
#3699 = CYLINDRICAL_SURFACE ( 'NONE', #1869, 0.2000000000000002331 ) ;
#3700 = MECHANICAL_DESIGN_GEOMETRIC_PRESENTATION_REPRESENTATION (  '', ( #3260 ), #3898 ) ;
#3701 = PLANE ( 'NONE',  #3206 ) ;
#3702 = CARTESIAN_POINT ( 'NONE',  ( 1.299999999999999378, 0.09999999999999999167, -0.2500000000000000000 ) ) ;
#3703 = FILL_AREA_STYLE_COLOUR ( '', #3280 ) ;
#3704 =( NAMED_UNIT ( * ) SI_UNIT ( $, .STERADIAN. ) SOLID_ANGLE_UNIT ( ) );
#3705 = ORIENTED_EDGE ( 'NONE', *, *, #2564, .F. ) ;
#3706 = EDGE_LOOP ( 'NONE', ( #2695, #2115, #98, #388 ) ) ;
#3707 = ORIENTED_EDGE ( 'NONE', *, *, #2505, .F. ) ;
#3708 = CARTESIAN_POINT ( 'NONE',  ( 0.6999999999999999556, 0.09999999999999999167, 0.2500000000000000000 ) ) ;
#3709 =( NAMED_UNIT ( * ) SI_UNIT ( $, .STERADIAN. ) SOLID_ANGLE_UNIT ( ) );
#3710 = FILL_AREA_STYLE_COLOUR ( '', #1334 ) ;
#3711 = VERTEX_POINT ( 'NONE', #2681 ) ;
#3712 = EDGE_CURVE ( 'NONE', #3173, #2896, #3398, .T. ) ;
#3713 = CYLINDRICAL_SURFACE ( 'NONE', #207, 0.4000000000000000777 ) ;
#3714 = ORIENTED_EDGE ( 'NONE', *, *, #3414, .F. ) ;
#3715 = ORIENTED_EDGE ( 'NONE', *, *, #2717, .T. ) ;
#3716 = DIRECTION ( 'NONE',  ( 0.0000000000000000000, 0.0000000000000000000, 1.000000000000000000 ) ) ;
#3717 = DIRECTION ( 'NONE',  ( 0.0000000000000000000, 0.05233595624294388321, -0.9986295347545739443 ) ) ;
#3718 = PLANE ( 'NONE',  #411 ) ;
#3719 = VECTOR ( 'NONE', #842, 1000.000000000000000 ) ;
#3720 = VERTEX_POINT ( 'NONE', #1465 ) ;
#3721 = ORIENTED_EDGE ( 'NONE', *, *, #2431, .T. ) ;
#3722 =( NAMED_UNIT ( * ) SI_UNIT ( $, .STERADIAN. ) SOLID_ANGLE_UNIT ( ) );
#3723 = ORIENTED_EDGE ( 'NONE', *, *, #2297, .F. ) ;
#3724 = VECTOR ( 'NONE', #2526, 1000.000000000000000 ) ;
#3725 = COLOUR_RGB ( '',0.7529411764705882248, 0.7529411764705882248, 0.0000000000000000000 ) ;
#3726 = PRESENTATION_STYLE_ASSIGNMENT (( #1266 ) ) ;
#3727 = AXIS2_PLACEMENT_3D ( 'NONE', #3336, #1511, #3653 ) ;
#3728 = PRESENTATION_LAYER_ASSIGNMENT (  '', '', ( #2903 ) ) ;
#3729 = MECHANICAL_DESIGN_GEOMETRIC_PRESENTATION_REPRESENTATION (  '', ( #3114 ), #3919 ) ;
#3730 =( NAMED_UNIT ( * ) PLANE_ANGLE_UNIT ( ) SI_UNIT ( $, .RADIAN. ) );
#3731 = FACE_OUTER_BOUND ( 'NONE', #469, .T. ) ;
#3732 = CARTESIAN_POINT ( 'NONE',  ( -1.000000000000000444, 0.1499999999999999944, -0.4999999999999997780 ) ) ;
#3733 = LINE ( 'NONE', #3863, #1165 ) ;
#3734 =( NAMED_UNIT ( * ) SI_UNIT ( $, .STERADIAN. ) SOLID_ANGLE_UNIT ( ) );
#3735 = VECTOR ( 'NONE', #2651, 1000.000000000000000 ) ;
#3736 = PLANE ( 'NONE',  #290 ) ;
#3737 = DIRECTION ( 'NONE',  ( -0.8660254037844384856, 0.0000000000000000000, -0.5000000000000002220 ) ) ;
#3738 = PRESENTATION_LAYER_ASSIGNMENT (  '', '', ( #3508 ) ) ;
#3739 = FILL_AREA_STYLE_COLOUR ( '', #2952 ) ;
#3740 = CARTESIAN_POINT ( 'NONE',  ( 0.6410783056181883488, 0.5100000000000001199, 0.5660783056181885042 ) ) ;
#3741 = PLANE ( 'NONE',  #2561 ) ;
#3742 = DIRECTION ( 'NONE',  ( -0.0000000000000000000, -0.0000000000000000000, 1.000000000000000000 ) ) ;
#3743 = VECTOR ( 'NONE', #2891, 1000.000000000000000 ) ;
#3744 = CARTESIAN_POINT ( 'NONE',  ( -0.6410783056181880157, 0.5100000000000000089, 0.5660783056181885042 ) ) ;
#3745 = VECTOR ( 'NONE', #3118, 1000.000000000000000 ) ;
#3746 = EDGE_CURVE ( 'NONE', #2105, #1417, #1029, .T. ) ;
#3747 = VECTOR ( 'NONE', #2121, 1000.000000000000000 ) ;
#3748 = AXIS2_PLACEMENT_3D ( 'NONE', #3007, #1144, #3286 ) ;
#3749 =( NAMED_UNIT ( * ) SI_UNIT ( $, .STERADIAN. ) SOLID_ANGLE_UNIT ( ) );
#3750 = PRESENTATION_STYLE_ASSIGNMENT (( #3158 ) ) ;
#3751 = AXIS2_PLACEMENT_3D ( 'NONE', #1153, #3291, #1472 ) ;
#3752 = EDGE_CURVE ( 'NONE', #1253, #2536, #1754, .T. ) ;
#3753 = ORIENTED_EDGE ( 'NONE', *, *, #403, .F. ) ;
#3754 =( NAMED_UNIT ( * ) SI_UNIT ( $, .STERADIAN. ) SOLID_ANGLE_UNIT ( ) );
#3755 = SURFACE_STYLE_USAGE ( .BOTH. , #1594 ) ;
#3756 = ORIENTED_EDGE ( 'NONE', *, *, #1595, .F. ) ;
#3757 = ORIENTED_EDGE ( 'NONE', *, *, #1729, .F. ) ;
#3758 = VERTEX_POINT ( 'NONE', #2371 ) ;
#3759 = ADVANCED_FACE ( 'NONE', ( #946 ), #3281, .F. ) ;
#3760 = VERTEX_POINT ( 'NONE', #1774 ) ;
#3761 = ORIENTED_EDGE ( 'NONE', *, *, #3937, .T. ) ;
#3762 =( GEOMETRIC_REPRESENTATION_CONTEXT ( 3 ) GLOBAL_UNCERTAINTY_ASSIGNED_CONTEXT ( ( #1573 ) ) GLOBAL_UNIT_ASSIGNED_CONTEXT ( ( #1712, #3882, #2024 ) ) REPRESENTATION_CONTEXT ( 'NONE', 'WORKASPACE' ) );
#3763 = EDGE_CURVE ( 'NONE', #3140, #1253, #2202, .T. ) ;
#3764 = SURFACE_STYLE_USAGE ( .BOTH. , #1602 ) ;
#3765 = VECTOR ( 'NONE', #1109, 1000.000000000000114 ) ;
#3766 = ORIENTED_EDGE ( 'NONE', *, *, #157, .F. ) ;
#3767 = VERTEX_POINT ( 'NONE', #2384 ) ;
#3768 = ORIENTED_EDGE ( 'NONE', *, *, #485, .T. ) ;
#3769 = DIRECTION ( 'NONE',  ( 1.000000000000000000, 0.0000000000000000000, -0.0000000000000000000 ) ) ;
#3770 = FILL_AREA_STYLE_COLOUR ( '', #3833 ) ;
#3771 = FACE_OUTER_BOUND ( 'NONE', #1040, .T. ) ;
#3772 = CARTESIAN_POINT ( 'NONE',  ( -0.1115544456622767355, -0.09999999999999999167, -2.710505439397719968E-17 ) ) ;
#3773 = UNCERTAINTY_MEASURE_WITH_UNIT (LENGTH_MEASURE( 1.000000000000000082E-05 ), #2715, 'distance_accuracy_value', 'NONE');
#3774 = VECTOR ( 'NONE', #1224, 1000.000000000000000 ) ;
#3775 = CIRCLE ( 'NONE', #2638, 0.4000000000000000777 ) ;
#3776 = LINE ( 'NONE', #3027, #2232 ) ;
#3777 = LINE ( 'NONE', #3606, #2233 ) ;
#3778 = AXIS2_PLACEMENT_3D ( 'NONE', #2574, #2906, #1035 ) ;
#3779 = ADVANCED_FACE ( 'NONE', ( #3831 ), #2712, .T. ) ;
#3780 = PRESENTATION_LAYER_ASSIGNMENT (  '', '', ( #3553 ) ) ;
#3781 = SPHERICAL_SURFACE ( 'NONE', #3036, 0.04000000000000000083 ) ;
#3782 =( NAMED_UNIT ( * ) SI_UNIT ( $, .STERADIAN. ) SOLID_ANGLE_UNIT ( ) );
#3783 = UNCERTAINTY_MEASURE_WITH_UNIT (LENGTH_MEASURE( 1.000000000000000082E-05 ), #1456, 'distance_accuracy_value', 'NONE');
#3784 = PRESENTATION_LAYER_ASSIGNMENT (  '', '', ( #3562 ) ) ;
#3785 = EDGE_CURVE ( 'NONE', #183, #1547, #1901, .T. ) ;
#3786 =( NAMED_UNIT ( * ) SI_UNIT ( $, .STERADIAN. ) SOLID_ANGLE_UNIT ( ) );
#3787 = VECTOR ( 'NONE', #2462, 1000.000000000000000 ) ;
#3788 = VECTOR ( 'NONE', #3072, 1000.000000000000000 ) ;
#3789 = DIRECTION ( 'NONE',  ( -0.0000000000000000000, 0.0000000000000000000, -1.000000000000000000 ) ) ;
#3790 = FACE_OUTER_BOUND ( 'NONE', #1621, .T. ) ;
#3791 = ADVANCED_FACE ( 'NONE', ( #3529 ), #3962, .F. ) ;
#3792 = ORIENTED_EDGE ( 'NONE', *, *, #2362, .F. ) ;
#3793 =( GEOMETRIC_REPRESENTATION_CONTEXT ( 3 ) GLOBAL_UNCERTAINTY_ASSIGNED_CONTEXT ( ( #3183 ) ) GLOBAL_UNIT_ASSIGNED_CONTEXT ( ( #3209, #1384, #3525 ) ) REPRESENTATION_CONTEXT ( 'NONE', 'WORKASPACE' ) );
#3794 = AXIS2_PLACEMENT_3D ( 'NONE', #3363, #2448, #2144 ) ;
#3795 = VERTEX_POINT ( 'NONE', #2112 ) ;
#3796 = AXIS2_PLACEMENT_3D ( 'NONE', #662, #3955, #2104 ) ;
#3797 = PLANE ( 'NONE',  #3155 ) ;
#3798 = ORIENTED_EDGE ( 'NONE', *, *, #8, .F. ) ;
#3799 = ORIENTED_EDGE ( 'NONE', *, *, #3712, .F. ) ;
#3800 = SURFACE_SIDE_STYLE ('',( #939 ) ) ;
#3801 = SURFACE_STYLE_USAGE ( .BOTH. , #1639 ) ;
#3802 = CYLINDRICAL_SURFACE ( 'NONE', #3575, 0.2000000000000002331 ) ;
#3803 = ORIENTED_EDGE ( 'NONE', *, *, #3871, .F. ) ;
#3804 = CLOSED_SHELL ( 'NONE', ( #131, #65, #449, #213, #117, #3203, #3845 ) ) ;
#3805 = DIRECTION ( 'NONE',  ( -1.000000000000000000, 0.0000000000000000000, 7.115076756936119693E-15 ) ) ;
#3806 = LINE ( 'NONE', #3064, #539 ) ;
#3807 = EDGE_LOOP ( 'NONE', ( #2175, #1765, #758, #178, #1835, #2900, #3104, #2260, #482, #636, #1763, #1348 ) ) ;
#3808 = ORIENTED_EDGE ( 'NONE', *, *, #2141, .T. ) ;
#3809 = ORIENTED_EDGE ( 'NONE', *, *, #1283, .T. ) ;
#3810 = ADVANCED_FACE ( 'NONE', ( #2733 ), #1525, .F. ) ;
#3811 = CARTESIAN_POINT ( 'NONE',  ( 0.9999999999999995559, 0.09999999999999999167, 0.2500000000000000000 ) ) ;
#3812 = VECTOR ( 'NONE', #1697, 1000.000000000000000 ) ;
#3813 = CARTESIAN_POINT ( 'NONE',  ( 0.6999999999999999556, 0.09999999999999999167, -0.2500000000000000000 ) ) ;
#3814 = VECTOR ( 'NONE', #2119, 1000.000000000000000 ) ;
#3815 = COLOUR_RGB ( '',0.0000000000000000000, 0.7529411764705882248, 0.0000000000000000000 ) ;
#3816 = VECTOR ( 'NONE', #2709, 1000.000000000000000 ) ;
#3817 = LINE ( 'NONE', #2604, #1466 ) ;
#3818 = MECHANICAL_DESIGN_GEOMETRIC_PRESENTATION_REPRESENTATION (  '', ( #3552 ), #41 ) ;
#3819 = EDGE_CURVE ( 'NONE', #2043, #3541, #163, .T. ) ;
#3820 = DIRECTION ( 'NONE',  ( 0.05226442768871395611, -0.9972646886342372285, 0.05226442768871394917 ) ) ;
#3821 = COLOUR_RGB ( '',1.000000000000000000, 1.000000000000000000, 1.000000000000000000 ) ;
#3822 = FILL_AREA_STYLE_COLOUR ( '', #2660 ) ;
#3823 = STYLED_ITEM ( 'NONE', ( #2864 ), #2887 ) ;
#3824 = ADVANCED_FACE ( 'NONE', ( #2527 ), #715, .T. ) ;
#3825 = EDGE_CURVE ( 'NONE', #1023, #1260, #2242, .T. ) ;
#3826 = LINE ( 'NONE', #3478, #3743 ) ;
#3827 = FACE_OUTER_BOUND ( 'NONE', #3424, .T. ) ;
#3828 = EDGE_CURVE ( 'NONE', #2895, #3296, #3081, .T. ) ;
#3829 = LINE ( 'NONE', #3053, #673 ) ;
#3830 =( NAMED_UNIT ( * ) SI_UNIT ( $, .STERADIAN. ) SOLID_ANGLE_UNIT ( ) );
#3831 = FACE_OUTER_BOUND ( 'NONE', #2220, .T. ) ;
#3832 = DIRECTION ( 'NONE',  ( 0.9986295347545737222, 0.05233595624294404280, 0.0000000000000000000 ) ) ;
#3833 = COLOUR_RGB ( '',1.000000000000000000, 1.000000000000000000, 1.000000000000000000 ) ;
#3834 =( NAMED_UNIT ( * ) SI_UNIT ( $, .STERADIAN. ) SOLID_ANGLE_UNIT ( ) );
#3835 = DIRECTION ( 'NONE',  ( 0.05226442768871395611, -0.9972646886342372285, -0.05226442768871394917 ) ) ;
#3836 = DIRECTION ( 'NONE',  ( 0.0000000000000000000, -1.000000000000000000, 0.0000000000000000000 ) ) ;
#3837 = ORIENTED_EDGE ( 'NONE', *, *, #2227, .F. ) ;
#3838 = SURFACE_SIDE_STYLE ('',( #2548 ) ) ;
#3839 = ORIENTED_EDGE ( 'NONE', *, *, #2494, .F. ) ;
#3840 = ORIENTED_EDGE ( 'NONE', *, *, #3017, .F. ) ;
#3841 =( GEOMETRIC_REPRESENTATION_CONTEXT ( 3 ) GLOBAL_UNCERTAINTY_ASSIGNED_CONTEXT ( ( #3658 ) ) GLOBAL_UNIT_ASSIGNED_CONTEXT ( ( #1900, #70, #2213 ) ) REPRESENTATION_CONTEXT ( 'NONE', 'WORKASPACE' ) );
#3842 = MECHANICAL_DESIGN_GEOMETRIC_PRESENTATION_REPRESENTATION (  '', ( #3207 ), #66 ) ;
#3843 = ORIENTED_EDGE ( 'NONE', *, *, #3017, .T. ) ;
#3844 = CARTESIAN_POINT ( 'NONE',  ( 0.0000000000000000000, 0.1499999999999999944, 0.0000000000000000000 ) ) ;
#3845 = ADVANCED_FACE ( 'NONE', ( #2972 ), #1216, .F. ) ;
#3846 = PLANE ( 'NONE',  #1276 ) ;
#3847 = ORIENTED_EDGE ( 'NONE', *, *, #884, .T. ) ;
#3848 = ORIENTED_EDGE ( 'NONE', *, *, #3193, .T. ) ;
#3849 = DIRECTION ( 'NONE',  ( 0.0000000000000000000, 0.0000000000000000000, 1.000000000000000000 ) ) ;
#3850 = DIRECTION ( 'NONE',  ( 0.0000000000000000000, 0.0000000000000000000, -1.000000000000000000 ) ) ;
#3851 = ORIENTED_EDGE ( 'NONE', *, *, #600, .F. ) ;
#3852 = AXIS2_PLACEMENT_3D ( 'NONE', #655, #2803, #943 ) ;
#3853 = VERTEX_POINT ( 'NONE', #320 ) ;
#3854 = CARTESIAN_POINT ( 'NONE',  ( 0.6999999999999999556, 0.09999999999999999167, -0.2500000000000000000 ) ) ;
#3855 = PRESENTATION_STYLE_ASSIGNMENT (( #2466 ) ) ;
#3856 = LINE ( 'NONE', #3399, #3676 ) ;
#3857 = DIRECTION ( 'NONE',  ( -1.000000000000000000, 0.0000000000000000000, 0.0000000000000000000 ) ) ;
#3858 = LINE ( 'NONE', #2390, #1409 ) ;
#3859 = FILL_AREA_STYLE ('',( #3491 ) ) ;
#3860 = EDGE_CURVE ( 'NONE', #2164, #3098, #621, .T. ) ;
#3861 = FACE_OUTER_BOUND ( 'NONE', #2758, .T. ) ;
#3862 = CARTESIAN_POINT ( 'NONE',  ( -1.000000000000000222, 0.1499999999999999944, 2.168404344971008868E-16 ) ) ;
#3863 = CARTESIAN_POINT ( 'NONE',  ( 0.6810234870083712311, 0.5120934382497178694, -0.6250000000000002220 ) ) ;
#3864 = EDGE_CURVE ( 'NONE', #961, #2702, #3876, .T. ) ;
#3865 = PRESENTATION_STYLE_ASSIGNMENT (( #1483 ) ) ;
#3866 = DIRECTION ( 'NONE',  ( 0.0000000000000000000, 0.0000000000000000000, 1.000000000000000000 ) ) ;
#3867 = ADVANCED_FACE ( 'NONE', ( #2151 ), #1747, .T. ) ;
#3868 = AXIS2_PLACEMENT_3D ( 'NONE', #1475, #188, #2368 ) ;
#3869 = DIRECTION ( 'NONE',  ( 0.0000000000000000000, 1.000000000000000000, 0.0000000000000000000 ) ) ;
#3870 = AXIS2_PLACEMENT_3D ( 'NONE', #2055, #225, #2364 ) ;
#3871 = EDGE_CURVE ( 'NONE', #1363, #957, #1025, .T. ) ;
#3872 = CARTESIAN_POINT ( 'NONE',  ( 0.0000000000000000000, 0.1499999999999999944, 0.0000000000000000000 ) ) ;
#3873 = CARTESIAN_POINT ( 'NONE',  ( -0.5999999999999999778, -0.1499999999999999667, -0.4999999999999997780 ) ) ;
#3874 = CARTESIAN_POINT ( 'NONE',  ( -0.5999999999999999778, 0.09999999999999999167, 0.2060315014550845869 ) ) ;
#3875 = DIRECTION ( 'NONE',  ( 0.0000000000000000000, -1.000000000000000000, 0.0000000000000000000 ) ) ;
#3876 = CIRCLE ( 'NONE', #3852, 0.01999999999999999695 ) ;
#3877 = AXIS2_PLACEMENT_3D ( 'NONE', #3970, #298, #2436 ) ;
#3878 = DIRECTION ( 'NONE',  ( -0.8660254037844384856, 0.0000000000000000000, 0.5000000000000002220 ) ) ;
#3879 = FACE_OUTER_BOUND ( 'NONE', #2931, .T. ) ;
#3880 =( GEOMETRIC_REPRESENTATION_CONTEXT ( 3 ) GLOBAL_UNCERTAINTY_ASSIGNED_CONTEXT ( ( #1965 ) ) GLOBAL_UNIT_ASSIGNED_CONTEXT ( ( #3070, #1203, #3355 ) ) REPRESENTATION_CONTEXT ( 'NONE', 'WORKASPACE' ) );
#3881 = EDGE_CURVE ( 'NONE', #3140, #3304, #2569, .T. ) ;
#3882 =( NAMED_UNIT ( * ) PLANE_ANGLE_UNIT ( ) SI_UNIT ( $, .RADIAN. ) );
#3883 = DIRECTION ( 'NONE',  ( 2.587789240124152535E-16, 0.0000000000000000000, -1.000000000000000000 ) ) ;
#3884 = SURFACE_SIDE_STYLE ('',( #365 ) ) ;
#3885 = ADVANCED_FACE ( 'NONE', ( #217 ), #349, .F. ) ;
#3886 = CARTESIAN_POINT ( 'NONE',  ( -1.000000000000000444, -0.09999999999999999167, -0.4999999999999997780 ) ) ;
#3887 = EDGE_LOOP ( 'NONE', ( #3535, #723, #1251, #2028, #1037, #2542, #1959 ) ) ;
#3888 = ORIENTED_EDGE ( 'NONE', *, *, #1931, .F. ) ;
#3889 = FILL_AREA_STYLE ('',( #3251 ) ) ;
#3890 = CARTESIAN_POINT ( 'NONE',  ( -0.6571428571428572507, 0.1499999999999999944, -0.2060315014550845869 ) ) ;
#3891 = ORIENTED_EDGE ( 'NONE', *, *, #3231, .T. ) ;
#3892 = DIRECTION ( 'NONE',  ( 0.0000000000000000000, 0.0000000000000000000, 1.000000000000000000 ) ) ;
#3893 = EDGE_LOOP ( 'NONE', ( #2023, #1497, #1031, #1036 ) ) ;
#3894 = FILL_AREA_STYLE ('',( #1732 ) ) ;
#3895 =( NAMED_UNIT ( * ) SI_UNIT ( $, .STERADIAN. ) SOLID_ANGLE_UNIT ( ) );
#3896 = EDGE_LOOP ( 'NONE', ( #846, #3208, #142, #529 ) ) ;
#3897 = EDGE_LOOP ( 'NONE', ( #2543, #3224, #2777, #1195, #2697, #2443, #2936 ) ) ;
#3898 =( GEOMETRIC_REPRESENTATION_CONTEXT ( 3 ) GLOBAL_UNCERTAINTY_ASSIGNED_CONTEXT ( ( #2639 ) ) GLOBAL_UNIT_ASSIGNED_CONTEXT ( ( #229, #2367, #550 ) ) REPRESENTATION_CONTEXT ( 'NONE', 'WORKASPACE' ) );
#3899 = UNCERTAINTY_MEASURE_WITH_UNIT (LENGTH_MEASURE( 1.000000000000000082E-05 ), #3460, 'distance_accuracy_value', 'NONE');
#3900 = ORIENTED_EDGE ( 'NONE', *, *, #3008, .F. ) ;
#3901 = ORIENTED_EDGE ( 'NONE', *, *, #2152, .T. ) ;
#3902 = DIRECTION ( 'NONE',  ( 0.0000000000000000000, 0.0000000000000000000, 1.000000000000000000 ) ) ;
#3903 = FILL_AREA_STYLE ('',( #1136 ) ) ;
#3904 = CARTESIAN_POINT ( 'NONE',  ( -1.000000000000000444, 0.1499999999999999944, -0.3499999999999998113 ) ) ;
#3905 = CARTESIAN_POINT ( 'NONE',  ( -0.5999999999999999778, 0.09999999999999999167, -0.2060315014550845869 ) ) ;
#3906 = ADVANCED_FACE ( 'NONE', ( #2478 ), #670, .T. ) ;
#3907 = VECTOR ( 'NONE', #1807, 1000.000000000000000 ) ;
#3908 = DIRECTION ( 'NONE',  ( 1.000000000000000000, 0.0000000000000000000, 1.445602896647339706E-15 ) ) ;
#3909 = EDGE_CURVE ( 'NONE', #383, #958, #2196, .T. ) ;
#3910 = LINE ( 'NONE', #2696, #3816 ) ;
#3911 = CARTESIAN_POINT ( 'NONE',  ( -1.000000000000000222, 0.09999999999999999167, 2.168404344971008868E-16 ) ) ;
#3912 = CARTESIAN_POINT ( 'NONE',  ( 0.5999999999999999778, -0.09999999999999999167, 0.5000000000000002220 ) ) ;
#3913 = SURFACE_SIDE_STYLE ('',( #815 ) ) ;
#3914 = CARTESIAN_POINT ( 'NONE',  ( -0.5999999999999999778, -0.1499999999999999944, -0.4999999999999997780 ) ) ;
#3915 = DIRECTION ( 'NONE',  ( 0.0000000000000000000, 0.0000000000000000000, -1.000000000000000000 ) ) ;
#3916 =( NAMED_UNIT ( * ) PLANE_ANGLE_UNIT ( ) SI_UNIT ( $, .RADIAN. ) );
#3917 = PRESENTATION_LAYER_ASSIGNMENT (  '', '', ( #3495 ) ) ;
#3918 = MECHANICAL_DESIGN_GEOMETRIC_PRESENTATION_REPRESENTATION (  '', ( #2903 ), #128 ) ;
#3919 =( GEOMETRIC_REPRESENTATION_CONTEXT ( 3 ) GLOBAL_UNCERTAINTY_ASSIGNED_CONTEXT ( ( #3217 ) ) GLOBAL_UNIT_ASSIGNED_CONTEXT ( ( #462, #1978, #3830 ) ) REPRESENTATION_CONTEXT ( 'NONE', 'WORKASPACE' ) );
#3920 = FILL_AREA_STYLE ('',( #542 ) ) ;
#3921 = CIRCLE ( 'NONE', #206, 0.4000000000000000777 ) ;
#3922 = SURFACE_SIDE_STYLE ('',( #256 ) ) ;
#3923 = CARTESIAN_POINT ( 'NONE',  ( 0.1315544456622766978, -0.09999999999999999167, -0.1403589838486224706 ) ) ;
#3924 = ORIENTED_EDGE ( 'NONE', *, *, #71, .T. ) ;
#3925 = DIRECTION ( 'NONE',  ( -0.05226442768871414346, 0.9972646886342374506, 0.05226442768871414346 ) ) ;
#3926 = CARTESIAN_POINT ( 'NONE',  ( 0.6999999999999999556, 0.1499999999999999944, 0.6250000000000002220 ) ) ;
#3927 = DIRECTION ( 'NONE',  ( 0.0000000000000000000, 0.0000000000000000000, -1.000000000000000000 ) ) ;
#3928 = MECHANICAL_DESIGN_GEOMETRIC_PRESENTATION_REPRESENTATION (  '', ( #3508 ), #140 ) ;
#3929 = DIRECTION ( 'NONE',  ( -1.000000000000000000, 0.0000000000000000000, 0.0000000000000000000 ) ) ;
#3930 = CARTESIAN_POINT ( 'NONE',  ( 0.9999999999999995559, 0.1499999999999999944, -0.6250000000000000000 ) ) ;
#3931 = SURFACE_STYLE_FILL_AREA ( #2609 ) ;
#3932 = DIRECTION ( 'NONE',  ( 0.0000000000000000000, 0.0000000000000000000, -1.000000000000000000 ) ) ;
#3933 = FILL_AREA_STYLE_COLOUR ( '', #2868 ) ;
#3934 = CARTESIAN_POINT ( 'NONE',  ( 0.1515544456622766878, -0.09999999999999999167, -0.1403589838486224706 ) ) ;
#3935 = SURFACE_SIDE_STYLE ('',( #1752 ) ) ;
#3936 = ORIENTED_EDGE ( 'NONE', *, *, #3453, .F. ) ;
#3937 = EDGE_CURVE ( 'NONE', #2396, #380, #3826, .T. ) ;
#3938 = VERTEX_POINT ( 'NONE', #1646 ) ;
#3939 = VERTEX_POINT ( 'NONE', #3813 ) ;
#3940 = ORIENTED_EDGE ( 'NONE', *, *, #709, .F. ) ;
#3941 = AXIS2_PLACEMENT_3D ( 'NONE', #1742, #3908, #2051 ) ;
#3942 = EDGE_LOOP ( 'NONE', ( #3666, #2890, #1296, #231 ) ) ;
#3943 = FILL_AREA_STYLE ('',( #1474 ) ) ;
#3944 = DIRECTION ( 'NONE',  ( -0.0000000000000000000, -1.000000000000000000, -0.0000000000000000000 ) ) ;
#3945 = CARTESIAN_POINT ( 'NONE',  ( 0.6410783056181883488, 0.5500000000000000444, -0.5660783056181885042 ) ) ;
#3946 = FILL_AREA_STYLE ('',( #3032 ) ) ;
#3947 = ORIENTED_EDGE ( 'NONE', *, *, #2192, .F. ) ;
#3948 = ORIENTED_EDGE ( 'NONE', *, *, #2162, .T. ) ;
#3949 = PRESENTATION_LAYER_ASSIGNMENT (  '', '', ( #3522 ) ) ;
#3950 = ORIENTED_EDGE ( 'NONE', *, *, #1652, .F. ) ;
#3951 = EDGE_CURVE ( 'NONE', #2208, #1943, #2922, .T. ) ;
#3952 = DIRECTION ( 'NONE',  ( 0.0000000000000000000, -1.000000000000000000, 0.0000000000000000000 ) ) ;
#3953 = COLOUR_RGB ( '',1.000000000000000000, 1.000000000000000000, 1.000000000000000000 ) ;
#3954 = UNCERTAINTY_MEASURE_WITH_UNIT (LENGTH_MEASURE( 1.000000000000000082E-05 ), #2430, 'distance_accuracy_value', 'NONE');
#3955 = DIRECTION ( 'NONE',  ( 0.0000000000000000000, 0.0000000000000000000, 1.000000000000000000 ) ) ;
#3956 = FACE_OUTER_BOUND ( 'NONE', #12, .T. ) ;
#3957 = CIRCLE ( 'NONE', #3015, 0.02000000000000001776 ) ;
#3958 = CARTESIAN_POINT ( 'NONE',  ( 0.1515544456622766878, -0.09999999999999999167, -0.1403589838486224706 ) ) ;
#3959 = DIRECTION ( 'NONE',  ( 0.0000000000000000000, 1.000000000000000000, 0.0000000000000000000 ) ) ;
#3960 = EDGE_CURVE ( 'NONE', #3173, #2292, #2088, .T. ) ;
#3961 = PLANE ( 'NONE',  #2245 ) ;
#3962 = PLANE ( 'NONE',  #1383 ) ;
#3963 = CARTESIAN_POINT ( 'NONE',  ( 0.6999999999999999556, 0.5120934382497178694, -0.6060234870083714975 ) ) ;
#3964 = CARTESIAN_POINT ( 'NONE',  ( -0.6966946500731371339, 0.2130698337552433264, 0.5817494686829544071 ) ) ;
#3965 = DIRECTION ( 'NONE',  ( -1.000000000000000000, 0.0000000000000000000, 0.0000000000000000000 ) ) ;
#3966 = DIRECTION ( 'NONE',  ( 0.05226442768871414346, 0.9972646886342374506, -0.05226442768871428918 ) ) ;
#3967 = FILL_AREA_STYLE ('',( #1817 ) ) ;
#3968 = LINE ( 'NONE', #2240, #512 ) ;
#3969 = SURFACE_STYLE_USAGE ( .BOTH. , #1821 ) ;
#3970 = CARTESIAN_POINT ( 'NONE',  ( -0.1215544456622767305, -0.5777974510803784991, -0.01732050807568881121 ) ) ;
#3971 = MECHANICAL_DESIGN_GEOMETRIC_PRESENTATION_REPRESENTATION (  '', ( #3553 ), #179 ) ;
#3972 =( NAMED_UNIT ( * ) SI_UNIT ( $, .STERADIAN. ) SOLID_ANGLE_UNIT ( ) );
#3973 = DIRECTION ( 'NONE',  ( -0.8660254037844385966, 0.0000000000000000000, -0.5000000000000002220 ) ) ;
#3974 = LINE ( 'NONE', #3702, #786 ) ;
#3975 = SURFACE_SIDE_STYLE ('',( #455 ) ) ;
#3976 = DIRECTION ( 'NONE',  ( 0.0000000000000000000, 0.0000000000000000000, -1.000000000000000000 ) ) ;
ENDSEC;
END-ISO-10303-21;
